This result was obtained on 2026-01-09 11:31:52, using the TACT model, which was developed by Yuzhen Xing, Ronghai Hu, et al. (2024).
Input     (envelope): Example Data\ENVELOPE\Tree02.pcd
                      (.ptx): Example Data\PTX\PTX1.ptx       TLS(ZA:0 AZ:0)
                      (.ptx): Example Data\PTX\PTX2.ptx       TLS(ZA:0 AZ:0)
                      (.ptx): Example Data\PTX\PTX3.ptx       TLS(ZA:0 AZ:0)
                      (.ptx): Example Data\PTX\PTX4.ptx       TLS(ZA:0 AZ:0)

Box_x:  12.800000  20.000000
Box_y:  36.200001  42.400002
Box_z:  1.600000  7.200000
xRange in stand: 64  0
yRange in stand: 31  38
zRange in stand: 8  34
x_layer: 36
y_layer: 31
z_layer: 28
min_Pnum: 1
max_Pnum: 593
ave_Pnum: 39.954033
V_non-empty: 8136
Inversion channel num: 21008
Effective channel num: 8928 | Rate: 42.50%
Max_PAVD_num: 1524 | Rate: 7.25%
Min_pulse_num: 10605 | Rate: 50.48%
Voxel size: 0.200000 m
PAVD_min: 0.015841
PAVD_max: 5.615792
PAVD_mean: 1.975163
Plant area: 125.920581 sq. m
non-empty but zero: 167 | Rate: 2.05%


Crown projection area (computed from occupied voxels): 20.040001 sq. m
PA profile (from the upper to the lower canopy):
PA (sq. m)           PAI                  eff_detect_z        
0.091412             0.004561             5.333333             
0.842918             0.042062             4.648148             
2.386430             0.119083             3.767606             
3.679279             0.183597             4.395455             
4.401182             0.219620             4.652344             
4.753548             0.237203             5.297203             
5.329946             0.265965             6.063584             
6.344154             0.316575             7.241294             
7.055359             0.352064             7.764045             
7.681728             0.383320             8.858650             
8.269112             0.412630             9.832335             
7.966494             0.397530             9.858974             
7.953899             0.396901             11.152361            
7.718006             0.385130             12.387665            
7.688473             0.383656             13.911017            
7.309521             0.364747             16.121019            
6.469848             0.322847             17.075862            
5.913620             0.295091             18.345154            
4.977513             0.248379             20.406504            
4.301924             0.214667             20.077399            
3.674304             0.183348             21.292419            
3.106292             0.155005             19.336364            
2.746521             0.137052             18.382199            
2.383113             0.118918             17.687151            
1.740311             0.086842             17.507246            
0.869536             0.043390             16.857143            
0.246089             0.012280             13.000000            
0.020055             0.001001             23.600000            

Average FAVD of all voxels (YZ_plane, along the x-axis):
0.000000 0.000000 0.000000 0.000000 0.000000 0.000000 0.000000 0.000000 0.000000 0.000000 0.000000 0.000000 0.000000 0.000000 0.000000 0.000000 0.113128 0.098608 0.059079 0.046590 0.000000 0.000000 0.000000 0.000000 0.000000 0.000000 0.000000 0.000000 0.000000 0.000000 0.000000 
0.000000 0.000000 0.000000 0.000000 0.192531 0.172943 0.297141 0.282213 0.277775 0.000000 0.000000 0.000000 0.065142 0.000000 0.137318 0.309619 0.270792 0.270160 0.248295 0.240954 0.161916 0.000000 0.000000 0.000000 0.000000 0.000000 0.000000 0.000000 0.000000 0.000000 0.000000 
0.000000 0.000000 0.008864 0.301478 0.433343 0.472910 0.659563 0.469393 0.702592 0.679855 0.483940 0.428658 0.383690 0.492484 0.340251 0.391490 0.356611 0.451460 0.612119 0.348271 0.269242 0.000000 0.000000 0.000000 0.000000 0.000000 0.000000 0.000000 0.000000 0.000000 0.000000 
0.000000 0.000000 0.092078 0.280353 0.597366 0.575572 0.875039 0.887677 1.123211 1.035348 0.791122 0.672925 0.482021 0.426873 0.498605 0.465074 0.335502 0.610902 0.739275 0.845527 0.557806 0.527809 0.150728 0.127510 0.076953 0.000000 0.000000 0.000000 0.000000 0.000000 0.000000 
0.000000 0.000000 0.095996 0.328119 0.574163 0.877386 0.868900 0.931395 1.016783 1.022102 0.800823 0.802475 0.730066 0.567137 0.670756 0.804941 0.816703 0.851171 0.938476 0.890238 0.689318 0.609730 0.244947 0.103884 0.046370 0.000000 0.000000 0.000000 0.000000 0.000000 0.000000 
0.000000 0.000000 0.135960 0.186449 0.635354 0.765097 0.877627 0.826470 1.052132 1.252072 1.023332 1.017239 0.893751 0.471957 0.668786 0.826178 0.755291 0.854640 0.888144 1.029214 0.848551 0.690609 0.516438 0.139132 0.090201 0.060755 0.000000 0.000000 0.000000 0.000000 0.000000 
0.000000 0.000000 0.000000 0.228105 0.491863 0.758548 0.743580 0.882910 1.053674 0.923797 1.007672 1.128496 1.091421 1.171357 0.861269 0.757223 0.874389 0.856075 0.997576 0.834794 0.980188 0.884585 0.741112 0.554766 0.424514 0.205111 0.053736 0.000000 0.000000 0.000000 0.000000 
0.000000 0.000000 0.000000 0.251039 0.650727 0.717488 0.725991 0.895761 1.170972 1.075516 0.766303 1.584110 1.173636 1.416509 1.285955 1.167510 1.018392 1.271950 1.320506 0.891023 0.915869 1.091541 0.911574 0.614697 0.526327 0.409658 0.175245 0.000000 0.000000 0.000000 0.000000 
0.000000 0.000000 0.007067 0.384705 0.607105 0.738787 1.111322 1.325076 1.077052 1.222834 1.710052 1.405593 1.440469 1.347875 1.298937 1.317422 1.260311 0.989704 0.949510 1.020864 1.004863 0.988219 1.095359 0.874385 0.691542 0.405308 0.185911 0.037499 0.000000 0.000000 0.000000 
0.000000 0.000000 0.154221 0.581388 1.001311 1.114382 1.111663 1.122279 1.405546 1.620091 1.427738 1.332092 1.526935 1.334709 0.956315 1.234621 1.190034 1.168517 1.285897 1.128132 1.377015 1.125350 1.090326 0.893808 0.745489 0.512793 0.159238 0.072785 0.000000 0.000000 0.000000 
0.000000 0.158844 0.411931 0.932072 1.123178 1.075147 0.916624 1.042568 1.396204 1.799203 1.620076 1.443098 1.261469 1.117511 1.150445 1.035647 1.339478 1.114048 1.229522 1.349245 1.694495 1.656097 1.337234 0.859292 0.911280 0.599271 0.138222 0.000000 0.000000 0.000000 0.000000 
0.000000 0.214420 0.668830 0.958851 0.865584 0.999326 0.856470 1.076695 1.625030 1.748699 1.706953 1.562142 0.787286 0.870625 1.150708 1.094354 1.157087 1.031156 1.238916 1.264774 1.355132 1.434859 1.119832 0.958462 0.972963 0.591469 0.319441 0.031361 0.000000 0.000000 0.000000 
0.000000 0.205914 0.546699 0.936945 1.100648 1.139188 1.041751 1.005048 1.428517 1.266046 1.417519 1.505064 1.063157 0.989060 0.975734 0.787049 1.120246 1.126213 1.139234 1.095374 1.135314 1.378147 1.522947 1.335367 0.980622 0.805513 0.453125 0.117249 0.000000 0.000000 0.000000 
0.013533 0.071867 0.500087 0.637175 0.876618 1.112409 0.925030 1.365864 1.222349 1.193541 1.266329 1.308147 1.252091 0.827587 0.731719 0.815924 0.928783 0.935039 1.071368 1.253690 1.535244 1.366490 1.552183 1.383051 1.249072 0.834864 0.396400 0.164608 0.007571 0.000000 0.000000 
0.000000 0.082515 0.541893 0.550151 0.717344 1.024720 1.021674 1.133083 1.100993 1.141549 1.237947 1.029856 1.095303 0.954086 0.782789 0.574285 0.849902 0.702495 1.164104 1.314641 1.503337 1.488989 1.366434 1.285621 1.243174 1.192243 0.811719 0.476593 0.245559 0.063092 0.000000 
0.000000 0.259015 0.600375 0.590437 0.840283 1.050833 0.974749 1.159126 1.152690 0.985538 0.956205 0.600131 0.769579 0.793354 0.842402 0.843477 0.769271 0.945369 0.840973 1.141386 1.253400 1.395615 1.369042 1.226674 1.094380 1.113176 0.980412 0.565565 0.204706 0.062116 0.000000 
0.014346 0.124757 0.360740 0.641246 0.809697 0.738377 0.767185 1.119462 0.831009 0.597609 0.616441 0.468790 0.641373 0.446887 0.706717 0.554597 0.806718 0.957324 0.983264 1.301344 1.377518 1.272040 1.215441 1.210945 1.055707 1.024849 1.052327 0.432657 0.236326 0.089582 0.009472 
0.010264 0.043435 0.176941 0.458508 0.499751 0.648120 1.027095 0.942219 0.757191 0.576084 0.392121 0.416852 0.337964 0.514750 0.604374 0.625900 0.956307 1.055594 1.025880 1.192545 1.228901 1.121387 0.965254 1.069562 1.031940 1.021643 0.881545 0.645932 0.290904 0.014435 0.000000 
0.000000 0.000000 0.273481 0.353402 0.444738 0.734033 0.712398 0.834582 0.618670 0.545199 0.218495 0.368659 0.377461 0.407925 0.633256 0.728106 0.883921 0.831499 0.882229 0.896223 0.984584 0.896424 0.687997 0.879757 0.730613 0.858710 0.732820 0.563023 0.113017 0.054624 0.037169 
0.000000 0.000000 0.147332 0.301309 0.359300 0.380864 0.501007 0.619284 0.494424 0.601348 0.201323 0.279673 0.430090 0.546296 0.770470 0.871945 1.120058 1.001401 0.912167 0.722853 1.012256 0.708746 0.647638 0.577042 0.555217 0.596506 0.182440 0.262647 0.050693 0.000000 0.082905 
0.000000 0.000000 0.062718 0.000000 0.155178 0.063177 0.145433 0.543145 0.451645 0.499206 0.444653 0.479384 0.687851 0.782571 1.011217 0.651771 0.759332 0.758430 0.868190 0.789577 0.836275 0.606661 0.531405 0.439452 0.489115 0.192924 0.138114 0.207787 0.136851 0.000000 0.025932 
0.000000 0.000000 0.000000 0.000000 0.000000 0.000000 0.028988 0.110930 0.261632 0.567639 0.648208 0.549139 0.532267 0.815993 0.911814 0.731067 0.580427 0.555353 0.624187 0.780979 0.732247 0.647619 0.364982 0.386702 0.411376 0.342433 0.099494 0.056816 0.045443 0.000000 0.000000 
0.000000 0.000000 0.000000 0.000000 0.000000 0.000000 0.000000 0.141716 0.381415 0.597534 0.632626 0.682685 0.799476 0.926220 0.586375 0.671931 0.380322 0.292064 0.254590 0.564939 0.439682 0.560652 0.572079 0.451577 0.327636 0.248751 0.000000 0.000000 0.024260 0.000000 0.000000 
0.000000 0.000000 0.000000 0.000000 0.000000 0.000000 0.000000 0.127448 0.350567 0.670257 0.839892 0.730173 0.663965 0.904627 0.593108 0.443101 0.247220 0.071710 0.271672 0.306755 0.359932 0.407322 0.397854 0.424305 0.235035 0.193289 0.036467 0.000000 0.000000 0.000000 0.000000 
0.000000 0.000000 0.000000 0.000000 0.000000 0.000000 0.000000 0.128140 0.211652 0.469620 0.641064 0.478192 0.660449 0.599876 0.401935 0.344587 0.212565 0.066785 0.184246 0.136557 0.230876 0.283594 0.334292 0.210101 0.290982 0.141978 0.015255 0.000000 0.000000 0.000000 0.000000 
0.000000 0.000000 0.000000 0.000000 0.000000 0.000000 0.000000 0.062586 0.148521 0.228277 0.194884 0.280849 0.261357 0.281205 0.071900 0.156531 0.198429 0.051112 0.000000 0.075199 0.103775 0.288914 0.214932 0.204977 0.167202 0.028575 0.000000 0.000000 0.000000 0.000000 0.000000 
0.000000 0.000000 0.000000 0.000000 0.000000 0.000000 0.000000 0.000000 0.153293 0.030174 0.000000 0.052302 0.079660 0.087403 0.000000 0.034978 0.028917 0.000000 0.000000 0.028623 0.057962 0.129747 0.076942 0.070203 0.024273 0.000000 0.000000 0.000000 0.000000 0.000000 0.000000 
0.000000 0.000000 0.000000 0.000000 0.000000 0.000000 0.000000 0.000000 0.046378 0.000000 0.000000 0.000000 0.000000 0.000000 0.000000 0.000000 0.000000 0.000000 0.000000 0.000000 0.010942 0.012316 0.000000 0.000000 0.000000 0.000000 0.000000 0.000000 0.000000 0.000000 0.000000 

Average FAVD of non-empty voxels (YZ_plane, along the x-axis):
0.000000 0.000000 0.000000 0.000000 0.000000 0.000000 0.000000 0.000000 0.000000 0.000000 0.000000 0.000000 0.000000 0.000000 0.000000 0.000000 2.036302 1.774944 2.126833 1.677226 0.000000 0.000000 0.000000 0.000000 0.000000 0.000000 0.000000 0.000000 0.000000 0.000000 0.000000 
0.000000 0.000000 0.000000 0.000000 2.310376 2.075320 2.674267 2.031936 2.499975 0.000000 0.000000 0.000000 2.345105 0.000000 1.647821 1.592326 1.624749 1.945149 2.234651 1.734867 1.457242 0.000000 0.000000 0.000000 0.000000 0.000000 0.000000 0.000000 0.000000 0.000000 0.000000 
0.000000 0.000000 0.159551 1.808865 1.950043 2.432110 2.638250 1.689816 2.299393 2.224979 2.177732 2.204525 2.302141 2.532773 2.449807 2.013379 1.834000 1.625255 2.203629 2.089626 1.938540 0.000000 0.000000 0.000000 0.000000 0.000000 0.000000 0.000000 0.000000 0.000000 0.000000 
0.000000 0.000000 0.662964 1.261588 1.792099 2.302289 3.150140 2.458184 2.378564 2.192502 2.373366 2.202301 1.928083 2.195348 1.994418 1.860295 2.013014 1.832707 2.217824 2.341459 2.008103 1.583426 1.808735 2.295178 1.385146 0.000000 0.000000 0.000000 0.000000 0.000000 0.000000 
0.000000 0.000000 0.863963 1.476537 2.066987 2.632158 2.406185 2.235348 2.153189 2.044204 2.217663 2.063507 2.021720 2.268550 2.195201 2.414823 2.100094 2.188725 2.252343 2.289185 2.255951 1.995481 1.763619 1.869913 1.669305 0.000000 0.000000 0.000000 0.000000 0.000000 0.000000 
0.000000 0.000000 1.223638 1.342434 2.079340 2.503955 2.430352 2.288687 2.228045 2.504144 2.167055 1.927400 2.145002 1.887829 1.719736 1.858899 1.599440 2.197646 2.131546 2.179513 2.349832 2.071826 1.859178 2.504384 1.623624 1.093595 0.000000 0.000000 0.000000 0.000000 0.000000 
0.000000 0.000000 0.000000 1.368632 2.213383 3.034193 2.433534 2.270339 2.231309 2.078544 1.395238 1.625034 2.067956 2.008040 1.631878 1.703753 1.748777 1.812864 2.112514 2.146613 2.075692 2.123004 2.052310 1.664297 1.698056 1.476800 0.967251 0.000000 0.000000 0.000000 0.000000 
0.000000 0.000000 0.000000 1.506233 2.602909 2.582956 2.613566 2.149826 2.218684 2.037819 1.149454 2.193383 1.920495 2.317924 1.928932 1.910471 1.833105 2.081373 2.160827 1.886873 2.060706 2.068182 1.930393 1.844090 1.457520 1.474769 1.051469 0.000000 0.000000 0.000000 0.000000 
0.000000 0.000000 0.254421 1.731174 2.731972 2.659633 2.353389 2.271560 1.685820 1.693155 2.280069 1.874124 2.160704 2.205614 2.125534 2.155781 2.062326 1.875229 2.010727 2.041729 2.009727 1.778794 1.792406 1.748770 1.659701 1.326462 1.338558 0.674985 0.000000 0.000000 0.000000 
0.000000 0.000000 1.387985 1.902725 2.574800 2.359868 2.354110 1.923907 1.874062 2.160121 2.141607 1.998138 2.198787 2.288072 2.025138 2.116494 2.142062 2.003172 2.012708 2.137514 1.982902 1.841482 1.869131 1.892770 1.789175 1.420043 1.146512 0.873417 0.000000 0.000000 0.000000 
0.000000 0.953063 1.647724 2.581121 2.695627 2.419080 2.062404 1.876623 2.185363 2.590852 2.243182 2.361432 2.270644 1.915733 1.972191 2.071294 2.096574 1.909797 2.011945 2.023868 2.103511 2.129268 1.782978 1.718585 1.822559 1.540982 0.829332 0.000000 0.000000 0.000000 0.000000 
0.000000 0.964890 2.006490 2.655280 2.596752 2.398383 2.202352 1.938052 2.437545 2.421276 2.275938 2.445091 2.180176 1.958906 2.071274 1.876036 1.811093 2.183625 2.123855 2.276594 2.323083 2.152289 2.121788 1.816033 1.843508 1.774407 1.437485 1.129001 0.000000 0.000000 0.000000 
0.000000 1.058984 2.186795 2.594617 2.476458 2.563172 2.206061 2.584410 2.448887 2.170365 2.319577 2.257596 2.126314 2.225384 2.066260 1.770861 2.016443 2.027184 2.158549 2.190749 2.270628 2.157099 2.108696 2.090139 1.858022 1.705792 1.482954 0.844192 0.000000 0.000000 0.000000 
0.487201 1.293609 2.000346 2.085301 2.427558 2.355691 2.378649 2.587953 2.200228 2.148373 2.279393 2.047534 2.048876 1.986208 2.026300 1.958218 2.229078 2.404387 2.142737 2.051493 2.302866 2.342555 2.149177 2.074577 2.043937 1.878443 1.427040 0.987649 0.136283 0.000000 0.000000 
0.000000 0.990177 2.167573 1.980545 2.347672 2.459329 2.829250 2.549436 2.477233 2.283098 2.122194 1.951307 1.877663 1.717355 1.878693 1.879479 2.039764 1.685988 2.095387 2.057699 2.255006 2.330591 2.138766 1.851294 1.945838 1.866119 1.537994 1.429779 1.262874 1.135649 0.000000 
0.000000 1.554091 2.161350 1.932338 2.160728 2.521999 2.506498 2.318253 2.305380 1.867335 1.639209 1.661902 1.539158 1.785047 1.684805 1.686954 1.730860 1.791225 2.018335 1.956661 2.148686 2.184441 2.240251 2.208014 1.876079 2.003717 1.764742 1.357356 1.052773 1.118081 0.000000 
0.516471 1.497080 1.855236 2.308485 2.242238 2.044736 1.972763 2.370626 2.136879 1.792826 1.479458 1.534223 1.924120 1.462538 1.413434 1.331033 1.708345 1.813878 1.863027 1.873936 2.066278 2.081520 2.083613 2.179702 2.111414 1.941819 1.803989 1.557565 1.063468 0.644992 0.341004 
0.369520 0.781827 1.592473 2.751050 1.999005 1.666595 2.054191 1.995287 1.817259 1.481359 1.411636 1.364244 1.520837 1.544249 1.450497 1.408275 1.721352 1.727335 1.758652 1.866592 1.843351 1.922378 2.044067 2.026539 2.063881 1.751388 1.586781 1.550237 1.163616 0.519656 0.000000 
0.000000 0.000000 1.969061 2.544495 2.001323 1.761679 1.972794 1.669164 1.392008 1.401940 1.573164 1.474635 1.698575 1.631699 1.753633 1.638238 1.767841 1.760822 1.868249 1.698106 1.541088 1.792848 2.063990 1.863015 1.753470 1.818444 1.551854 1.351256 0.813725 0.655494 0.669047 
0.000000 0.000000 2.651983 2.169427 2.155799 1.371112 1.639660 1.393390 1.483271 1.804045 1.449527 1.678040 1.720359 1.787877 1.849127 1.846471 1.920100 1.716688 1.641901 1.734847 1.656418 1.700989 1.554332 1.597963 1.537525 1.651863 1.313567 1.181911 0.912482 0.000000 0.994856 
0.000000 0.000000 2.257838 0.000000 1.396598 1.137192 1.745197 1.396659 1.478110 1.797143 1.333960 1.568892 1.650841 1.878170 2.141400 2.346375 1.822397 1.820232 1.736381 1.894984 1.672550 1.559985 1.471583 1.318357 1.760813 1.389052 1.243026 1.246719 1.231662 0.000000 0.311189 
0.000000 0.000000 0.000000 0.000000 0.000000 0.000000 1.043579 0.998372 1.569790 1.571925 1.795038 1.647416 2.395202 2.447979 2.051581 1.879885 1.741280 1.666060 1.605051 1.757202 1.882920 1.793406 1.642418 1.265571 1.480955 1.761085 1.790885 2.045373 1.635951 0.000000 0.000000 
0.000000 0.000000 0.000000 0.000000 0.000000 0.000000 0.000000 0.850296 1.525659 1.792603 1.897878 2.234243 2.616465 2.083995 1.759124 2.199046 1.521288 1.502046 1.309318 1.694816 1.758726 1.681956 1.716237 1.625678 1.965816 1.492505 0.000000 0.000000 0.873377 0.000000 0.000000 
0.000000 0.000000 0.000000 0.000000 0.000000 0.000000 0.000000 0.764690 1.262042 1.723518 1.889756 2.190520 1.991895 1.915680 1.941082 1.993954 1.779981 1.290777 1.222522 1.227019 1.439727 1.629287 1.591417 1.388635 1.692254 1.739604 0.656410 0.000000 0.000000 0.000000 0.000000 
0.000000 0.000000 0.000000 0.000000 0.000000 0.000000 0.000000 1.537681 1.088494 1.536937 1.538555 1.912767 1.981348 1.799629 1.607741 2.067522 1.913081 1.202124 1.105476 1.229011 1.187365 1.276174 1.504315 1.512724 1.745894 1.703733 0.549198 0.000000 0.000000 0.000000 0.000000 
0.000000 0.000000 0.000000 0.000000 0.000000 0.000000 0.000000 1.126550 1.336687 1.369659 1.169305 1.685093 1.176105 1.124819 0.862800 1.408775 1.785857 0.920007 0.000000 1.353575 1.867956 1.733487 2.579178 1.844793 1.203858 1.028697 0.000000 0.000000 0.000000 0.000000 0.000000 
0.000000 0.000000 0.000000 0.000000 0.000000 0.000000 0.000000 0.000000 1.379639 1.086260 0.000000 0.627619 0.573550 0.629302 0.000000 0.629606 0.520500 0.000000 0.000000 1.030436 1.043307 1.167725 0.923300 0.842437 0.873822 0.000000 0.000000 0.000000 0.000000 0.000000 0.000000 
0.000000 0.000000 0.000000 0.000000 0.000000 0.000000 0.000000 0.000000 0.834810 0.000000 0.000000 0.000000 0.000000 0.000000 0.000000 0.000000 0.000000 0.000000 0.000000 0.000000 0.393894 0.221695 0.000000 0.000000 0.000000 0.000000 0.000000 0.000000 0.000000 0.000000 0.000000 

Average FAVD of all voxels (XZ_plane, along the y-axis):
0.000000 0.000000 0.000000 0.000000 0.000000 0.000000 0.000000 0.000000 0.000000 0.000000 0.000000 0.000000 0.000000 0.000000 0.000000 0.000000 0.000000 0.000000 0.000000 0.000000 0.000000 0.000000 0.266314 0.102285 0.000000 0.000000 0.000000 0.000000 0.000000 0.000000 0.000000 0.000000 0.000000 0.000000 0.000000 0.000000 
0.000000 0.000000 0.000000 0.000000 0.000000 0.000000 0.000000 0.000000 0.000000 0.066402 0.000000 0.000000 0.000000 0.121877 0.233894 0.352199 0.000000 0.000000 0.098357 0.275665 0.309757 0.416521 0.159962 0.459173 0.316975 0.273647 0.250212 0.064221 0.000000 0.000000 0.000000 0.000000 0.000000 0.000000 0.000000 0.000000 
0.000000 0.000000 0.000000 0.000000 0.000000 0.000000 0.000000 0.207031 0.255183 0.292815 0.160052 0.105825 0.549349 0.548236 0.387892 0.230851 0.516355 0.229731 0.696642 0.556857 1.027750 0.838330 0.722718 0.935863 0.686318 0.327985 0.176396 0.103813 0.066706 0.000000 0.000000 0.000000 0.000000 0.000000 0.000000 0.000000 
0.000000 0.000000 0.000000 0.000000 0.000000 0.000000 0.123801 0.187181 0.279761 0.142084 0.197131 0.454357 0.816422 0.736122 0.617618 0.411390 0.813158 0.835041 1.055454 1.448865 1.293802 1.510853 1.199665 0.909665 0.976791 0.465409 0.323032 0.038203 0.000000 0.000000 0.000000 0.000000 0.000000 0.000000 0.000000 0.000000 
0.000000 0.000000 0.000000 0.000000 0.000000 0.000000 0.126104 0.196276 0.129094 0.208219 0.306304 0.359692 0.609357 0.879883 0.756181 0.701323 0.831835 1.191636 1.423077 1.565072 1.658303 1.542462 1.544665 1.162111 0.822623 0.618443 0.683979 0.339402 0.090660 0.000000 0.000000 0.000000 0.000000 0.000000 0.000000 0.000000 
0.000000 0.000000 0.000000 0.000000 0.000000 0.000000 0.175341 0.209380 0.375353 0.429002 0.601539 0.975382 0.961000 0.829066 0.723951 0.724953 0.854423 1.078508 1.249382 1.527997 1.653722 1.340838 1.172284 1.224570 0.882468 0.406138 0.551301 0.604752 0.366373 0.206877 0.042940 0.000000 0.000000 0.000000 0.000000 0.000000 
0.000000 0.000000 0.000000 0.000000 0.000000 0.000000 0.277185 0.427834 0.086522 0.390036 0.635348 1.048158 0.999358 0.836697 1.003455 0.789070 1.140178 1.291197 1.182949 1.534007 1.176779 1.595286 1.576385 1.320936 0.556265 0.422174 0.453532 0.898016 0.647151 0.362793 0.220722 0.250311 0.223538 0.131436 0.014404 0.000000 
0.000000 0.000000 0.000000 0.000000 0.000000 0.000000 0.409676 0.635642 0.481958 0.701803 0.448594 0.780559 0.877808 1.057491 1.125872 0.990179 1.243465 1.600356 1.443961 1.643201 1.593522 1.690305 1.486106 1.119766 0.797402 0.807899 0.924038 1.164967 0.984799 0.616826 0.426162 0.313591 0.204945 0.007354 0.003001 0.000000 
0.000000 0.028026 0.091481 0.248248 0.431184 0.418147 0.551450 0.618033 0.556791 0.724401 0.661592 0.981760 1.105229 1.120775 1.177774 1.503452 1.114230 1.324952 1.704838 1.548489 1.633662 1.550383 1.516958 0.880286 0.696233 0.902446 1.056713 0.926058 1.096847 0.847768 0.687913 0.453399 0.162845 0.126663 0.000000 0.000000 
0.000000 0.000000 0.000000 0.708528 0.957107 0.989309 1.209427 1.039186 0.635408 0.854410 0.877108 0.848005 0.910329 1.220448 1.059590 1.417715 1.219480 1.547320 1.491606 1.625275 1.534171 1.428712 1.434498 0.952040 0.791660 0.983014 1.090515 1.202117 0.888489 0.854831 0.696457 0.324648 0.105350 0.058765 0.019204 0.000000 
0.054115 0.084173 0.268513 0.753388 1.081110 1.144786 1.208256 1.080850 1.175339 1.283800 1.194511 0.923575 1.180424 1.072896 1.354778 1.272124 1.268559 1.122655 1.529339 1.453202 1.434850 1.503095 1.469702 1.337378 1.315422 1.417401 1.103717 1.174142 0.763549 0.490785 0.555434 0.230647 0.040685 0.000000 0.000000 0.000000 
0.000000 0.465229 0.795737 0.942296 1.046834 1.057439 1.235444 1.203431 1.191215 1.268766 1.125043 1.097236 1.048849 1.105981 1.202707 1.117702 1.336411 1.066333 1.000275 1.158518 1.313283 1.463858 1.509602 1.458623 1.217065 1.184275 1.212732 1.050063 0.551392 0.254898 0.150323 0.195115 0.076366 0.019906 0.000000 0.000000 
0.122800 0.247005 0.580816 0.874565 1.044971 1.084613 1.128996 1.178853 1.301479 1.217584 1.236179 1.155320 0.933488 1.365825 1.364374 1.203002 1.196920 1.405031 1.108009 0.996161 1.103011 1.111944 1.199747 1.382687 1.278566 1.336582 1.306713 0.971677 0.569369 0.289767 0.302679 0.166369 0.209580 0.097475 0.000000 0.000000 
0.191312 0.532017 0.516686 0.502948 0.967159 0.969645 1.199440 1.197389 1.242816 0.985346 1.023110 0.847496 0.870378 1.466629 1.564691 1.287612 1.274453 1.016155 1.099447 0.844152 1.141345 1.338995 1.310102 1.289924 1.299110 1.469832 1.256726 0.973631 0.661171 0.408436 0.158545 0.128497 0.085801 0.000000 0.000000 0.000000 
0.301431 0.547046 0.482855 0.518688 0.617338 0.722240 1.217626 1.157210 0.969612 0.887150 0.736978 0.637478 0.948740 1.423422 1.489558 1.347666 1.189175 0.558706 0.777611 1.024152 1.218791 1.341758 1.520619 1.561355 1.746112 1.580682 1.294358 1.237568 0.789622 0.702741 0.187043 0.138987 0.127591 0.000000 0.000000 0.000000 
0.117449 0.305404 0.405688 0.354056 0.570710 0.609457 0.828487 0.928010 1.158483 1.149872 0.920431 0.577782 0.742654 1.030329 1.031697 1.282281 1.108096 0.812832 0.645084 0.934329 1.087836 1.373557 1.500432 1.728260 1.733445 1.596714 1.530679 0.988404 0.841508 0.593643 0.461158 0.316823 0.192067 0.016217 0.000000 0.000000 
0.145027 0.256360 0.419561 0.408676 0.418996 0.542014 0.627436 0.827579 0.902336 0.955602 1.113980 0.904900 0.696279 0.514795 0.737635 0.733506 0.717804 0.590253 0.436322 0.820761 1.117406 1.260243 1.318258 1.522571 1.609745 1.494221 1.455648 1.003486 0.802050 0.597116 0.412098 0.282594 0.222190 0.163822 0.056829 0.000000 
0.267804 0.247262 0.214096 0.188297 0.354768 0.635969 0.717184 0.770331 0.997123 1.078828 1.003307 0.806594 0.621667 0.578296 0.498734 0.357716 0.489807 0.207986 0.301247 0.589316 0.315335 0.786003 1.162456 1.338722 1.587463 1.582773 1.485013 1.224679 0.970004 0.741753 0.634926 0.581498 0.272376 0.114943 0.120455 0.000511 
0.000000 0.123486 0.169600 0.492837 0.377979 0.463857 0.543039 0.668498 0.740979 0.867196 0.853409 0.897240 0.639943 0.389474 0.501643 0.486048 0.176573 0.228949 0.291553 0.106913 0.068374 0.443705 0.654679 0.916662 1.056417 1.394157 1.319408 1.365748 1.187290 0.920859 0.714729 0.566505 0.384069 0.034412 0.024367 0.000000 
0.000000 0.173725 0.391841 0.467292 0.576048 0.717635 0.708146 0.875145 0.847602 0.716012 0.681866 0.652962 0.651169 0.589692 0.510208 0.291425 0.142033 0.161333 0.071510 0.074397 0.000000 0.230532 0.224573 0.326804 0.684200 0.991786 1.028669 0.961945 0.831606 0.896397 0.912367 0.495989 0.247008 0.198769 0.015779 0.000000 
0.000000 0.121666 0.178553 0.513535 0.623502 0.575252 0.885127 1.046173 1.027039 0.792453 0.686944 0.481311 0.468330 0.464890 0.419825 0.224346 0.111742 0.124687 0.000000 0.000000 0.000000 0.042495 0.039048 0.071007 0.140765 0.458299 1.001515 0.968595 0.958257 0.791612 0.888216 0.523105 0.124795 0.062649 0.000000 0.000000 
0.000000 0.000000 0.173113 0.493481 0.541460 0.743041 0.999829 0.947787 1.064210 1.064074 0.809570 0.443502 0.261689 0.272939 0.199917 0.091891 0.000000 0.000000 0.000000 0.000000 0.000000 0.000000 0.000000 0.000000 0.000000 0.333856 0.623661 0.854258 0.953984 0.702897 0.556384 0.268532 0.079492 0.045801 0.000000 0.000000 
0.000000 0.000000 0.146243 0.429425 0.584872 0.572505 0.984045 0.976247 1.077904 1.085578 0.494222 0.257201 0.308412 0.236959 0.041430 0.000000 0.000000 0.000000 0.000000 0.000000 0.000000 0.000000 0.000000 0.000000 0.307348 0.409358 0.518598 0.702039 0.840815 0.600872 0.363271 0.071877 0.025319 0.040138 0.000000 0.000000 
0.000000 0.000000 0.055076 0.111618 0.308562 0.590647 0.787048 0.947278 1.131654 0.996290 0.585279 0.324627 0.224392 0.198165 0.077744 0.000000 0.000000 0.000000 0.000000 0.000000 0.000000 0.000000 0.000000 0.000000 0.296030 0.419259 0.495729 0.539480 0.673572 0.564876 0.197069 0.084935 0.000000 0.000000 0.000000 0.000000 
0.000000 0.000000 0.000000 0.158512 0.213435 0.300203 0.495506 0.661697 0.851898 0.916964 0.634099 0.207416 0.194094 0.074345 0.121060 0.000000 0.000000 0.000000 0.000000 0.000000 0.000000 0.000000 0.000000 0.000000 0.000000 0.342750 0.529867 0.473100 0.406880 0.261922 0.123242 0.050393 0.000000 0.000000 0.000000 0.000000 
0.000000 0.000000 0.000000 0.049254 0.000000 0.157119 0.244876 0.407933 0.364338 0.478621 0.377771 0.250528 0.147635 0.047393 0.035672 0.000000 0.000000 0.000000 0.000000 0.000000 0.000000 0.000000 0.000000 0.000000 0.000000 0.084839 0.246377 0.198438 0.312322 0.103079 0.000000 0.000000 0.000000 0.000000 0.000000 0.000000 
0.000000 0.000000 0.000000 0.000000 0.000000 0.009427 0.015083 0.053985 0.067549 0.112377 0.133435 0.193789 0.000000 0.023586 0.000000 0.000000 0.000000 0.000000 0.000000 0.000000 0.000000 0.000000 0.000000 0.000000 0.000000 0.041901 0.098215 0.104736 0.053163 0.085049 0.000000 0.000000 0.000000 0.000000 0.000000 0.000000 
0.000000 0.000000 0.000000 0.000000 0.000000 0.000000 0.000000 0.000000 0.000000 0.000000 0.000000 0.027009 0.000000 0.000000 0.000000 0.000000 0.000000 0.000000 0.000000 0.000000 0.000000 0.000000 0.000000 0.000000 0.000000 0.030972 0.022887 0.000000 0.000000 0.000000 0.000000 0.000000 0.000000 0.000000 0.000000 0.000000 

Average FAVD of non-empty voxels (XZ_plane, along the y-axis):
0.000000 0.000000 0.000000 0.000000 0.000000 0.000000 0.000000 0.000000 0.000000 0.000000 0.000000 0.000000 0.000000 0.000000 0.000000 0.000000 0.000000 0.000000 0.000000 0.000000 0.000000 0.000000 2.063931 1.585414 0.000000 0.000000 0.000000 0.000000 0.000000 0.000000 0.000000 0.000000 0.000000 0.000000 0.000000 0.000000 
0.000000 0.000000 0.000000 0.000000 0.000000 0.000000 0.000000 0.000000 0.000000 2.058475 0.000000 0.000000 0.000000 1.889098 2.416901 2.729541 0.000000 0.000000 3.049055 1.709123 2.400615 2.582427 1.652944 2.033481 1.637706 1.696612 1.551314 0.995432 0.000000 0.000000 0.000000 0.000000 0.000000 0.000000 0.000000 0.000000 
0.000000 0.000000 0.000000 0.000000 0.000000 0.000000 0.000000 1.604492 1.318448 1.512877 2.480813 1.640284 1.892202 1.888368 2.004109 1.192729 2.667833 3.560827 3.085127 1.918063 2.275733 2.362565 2.489362 2.637433 1.934170 2.033509 1.822759 1.609108 1.033948 0.000000 0.000000 0.000000 0.000000 0.000000 0.000000 0.000000 
0.000000 0.000000 0.000000 0.000000 0.000000 0.000000 1.918921 1.450650 2.168152 1.101148 1.222211 1.408507 2.109090 2.281977 1.914614 2.125517 2.291627 1.849020 1.924652 2.807175 2.110940 2.341822 2.187625 2.349969 2.329271 1.803461 2.002800 1.184284 0.000000 0.000000 0.000000 0.000000 0.000000 0.000000 0.000000 0.000000 
0.000000 0.000000 0.000000 0.000000 0.000000 0.000000 1.954617 1.521137 1.333967 1.613697 1.186928 1.238939 1.717278 2.273030 2.131055 1.976454 2.148906 2.172983 2.100732 2.310344 2.855966 2.516649 2.520243 2.401696 2.318302 1.917174 2.120334 2.104295 0.936824 0.000000 0.000000 0.000000 0.000000 0.000000 0.000000 0.000000 
0.000000 0.000000 0.000000 0.000000 0.000000 0.000000 2.717791 1.298158 1.662278 1.662382 1.864771 1.679825 1.752412 1.835789 2.244247 1.872795 1.891936 2.089608 2.151714 2.368395 2.848076 2.597873 2.422721 2.372604 2.279708 2.098378 1.898927 1.874731 1.419694 1.603298 1.331137 0.000000 0.000000 0.000000 0.000000 0.000000 
0.000000 0.000000 0.000000 0.000000 0.000000 0.000000 2.148182 1.657857 0.447028 1.343458 1.515061 2.030805 1.721116 1.729174 1.637215 1.881628 2.209095 2.354536 2.037302 2.264486 2.026676 2.472694 2.327044 2.408765 2.155525 2.181233 1.757435 1.988465 1.543205 1.606656 0.977482 1.939911 1.385937 1.358173 0.223269 0.000000 
0.000000 0.000000 0.000000 0.000000 0.000000 0.000000 2.116658 1.970490 1.660077 2.175589 1.264220 1.861334 2.093234 1.928366 1.836949 1.705308 2.267494 2.255048 2.034672 2.122468 2.147790 2.619973 2.559404 2.314184 1.765676 1.926529 1.790323 1.900736 1.795810 1.593466 1.467891 1.215167 1.270661 0.227981 0.093022 0.000000 
0.000000 0.868809 0.945302 1.282616 2.227782 1.851793 1.899439 1.915901 1.726051 1.871370 1.577642 1.790269 2.141382 2.043767 2.281937 2.118501 1.817954 2.161764 2.297825 2.000132 2.201892 2.529572 2.612539 2.274072 1.798603 1.998273 1.819894 1.794238 2.000132 1.545929 1.777108 1.405538 1.262051 1.308856 0.000000 0.000000 
0.000000 0.000000 0.000000 2.196438 2.119309 2.190613 2.343265 2.301054 2.188626 2.207225 1.812690 1.877726 1.567789 2.101883 2.189820 2.092818 1.890195 1.998622 2.201894 2.190588 2.377964 2.460560 2.470524 2.270250 2.045122 1.904590 1.988586 1.863281 1.721447 1.656234 1.349385 1.437725 1.088615 0.910858 0.297657 0.000000 
1.677554 0.869786 2.080974 1.796541 1.971435 2.087552 2.340996 2.393312 2.429034 2.341046 2.178226 2.045060 2.032953 1.847766 1.999911 2.190880 2.069754 2.047194 2.257596 2.371013 2.118111 2.329797 2.397935 2.303263 2.146215 2.092354 1.710762 1.915705 1.479376 1.521434 1.324496 1.787518 0.630624 0.000000 0.000000 0.000000 
0.000000 2.403683 2.055653 1.947412 2.163457 2.185374 2.393673 2.331647 2.461845 2.458235 2.491167 2.267620 2.032145 2.142838 2.071329 2.038162 2.301596 2.066021 2.067236 2.244628 2.142725 2.062709 2.228460 2.379859 2.219355 2.294533 1.978668 1.713260 1.553922 1.316973 1.165004 1.512140 1.183670 0.308547 0.000000 0.000000 
1.903396 1.914286 1.800530 2.259292 2.159607 2.241533 2.499919 2.610318 2.373284 2.359069 2.254209 2.238432 2.226011 2.228451 2.114780 1.962793 1.952869 2.177798 2.146768 2.205786 2.137083 2.154392 2.066231 2.381294 2.331503 2.301892 2.132006 1.882625 1.765043 1.497131 1.340437 1.289362 1.299395 0.755432 0.000000 0.000000 
1.976886 2.061566 1.601725 1.948923 2.306302 2.312231 2.323916 2.183474 2.266312 2.181837 1.982276 2.189365 2.452884 2.165024 2.108931 1.814363 1.881336 2.250057 2.272190 2.180726 2.081276 2.306046 2.256286 2.221536 2.368964 2.398148 2.597235 2.155898 1.708026 1.151046 1.228727 1.327800 1.329921 0.000000 0.000000 0.000000 
1.557396 1.884269 1.871062 1.786594 1.739770 2.035403 2.220377 2.110206 2.003865 2.115510 1.757408 1.796530 2.100781 2.206304 2.098923 2.088883 1.940232 1.731988 1.854304 2.116581 2.099029 2.310806 2.356959 2.304858 2.255395 2.333388 2.360300 2.256742 1.882946 1.361561 1.159669 0.861718 0.988833 0.000000 0.000000 0.000000 
0.910233 1.183440 1.572041 1.829288 1.769201 2.099242 1.834506 2.212947 1.995165 1.876107 1.902224 1.628294 1.770944 1.681063 1.881329 2.092142 2.146935 1.799841 1.817963 1.930946 2.107682 2.129014 2.325670 2.329394 2.442582 2.357054 2.156866 2.042702 2.006672 1.533578 1.299628 0.982153 0.992348 0.502734 0.000000 0.000000 
2.247921 1.589431 1.858056 1.583618 1.623609 1.866936 1.768230 1.832496 1.864828 1.851479 1.644447 1.402594 1.541760 1.773183 1.633336 1.894890 2.022903 1.829783 1.932281 1.696240 1.823136 2.170418 2.270334 2.247605 2.268277 2.437940 2.256254 2.073871 1.912581 1.682781 1.596879 1.251486 0.983984 1.015694 0.440423 0.000000 
2.075479 1.916279 2.212324 1.167444 1.374727 1.408218 1.482180 1.492516 1.626885 1.592555 1.636974 1.562776 1.605972 1.493932 1.546076 1.848197 1.518401 1.611888 1.867729 1.522401 1.396482 1.624405 2.119773 2.305576 2.236880 2.336475 2.301770 2.233238 2.004675 1.642452 1.514055 1.502203 1.055456 0.890805 0.933523 0.015841 
0.000000 1.914028 1.752529 1.909743 1.464670 1.437957 1.530383 1.480245 1.435647 1.414899 1.556217 1.636143 1.653187 1.724812 1.555092 1.506749 1.094751 1.182903 1.291163 1.657159 1.059797 1.375485 1.561157 1.894435 2.183261 2.274678 2.045083 2.016104 2.044778 1.903109 1.704355 1.596513 1.322906 0.533387 0.377686 0.000000 
0.000000 1.795160 2.024512 2.069434 1.984166 1.853891 1.688657 1.695593 1.642228 1.479758 1.321116 1.265115 1.441874 1.523370 1.581646 1.505695 1.467674 1.667112 1.108399 1.153147 0.000000 1.429299 1.392350 1.447277 1.767516 2.049691 2.125916 1.863769 1.983061 1.984880 1.767711 1.537567 1.276208 1.026972 0.244578 0.000000 
0.000000 3.771637 2.767578 2.274228 1.932857 1.981424 1.829262 1.801742 1.768789 1.535377 1.330954 1.356421 1.209853 1.310145 1.446062 1.390948 1.732008 1.288434 0.000000 0.000000 0.000000 1.317351 1.210496 1.100611 1.090931 1.291571 1.826292 1.876653 1.856623 1.752855 1.835647 1.621625 1.289544 0.971055 0.000000 0.000000 
0.000000 0.000000 2.683245 2.185417 2.397894 2.094026 2.066314 1.958761 1.940619 2.061643 1.568541 1.374855 1.352059 1.208729 1.032902 0.949544 0.000000 0.000000 0.000000 0.000000 0.000000 0.000000 0.000000 0.000000 0.000000 1.293692 1.611124 1.891570 1.848345 1.980891 1.567992 1.387415 1.232125 0.709918 0.000000 0.000000 
0.000000 0.000000 2.266769 2.218694 2.266378 2.535380 2.178956 2.161691 1.856391 1.771206 1.532090 1.328870 1.365823 1.836432 1.284318 0.000000 0.000000 0.000000 0.000000 0.000000 0.000000 0.000000 0.000000 0.000000 1.587965 1.586262 1.236657 1.674094 1.861805 1.862703 1.876899 1.114098 0.784897 0.622142 0.000000 0.000000 
0.000000 0.000000 1.707365 1.730071 1.913085 2.034449 2.033207 2.097544 1.948960 1.816764 1.511972 1.437632 1.159356 1.535781 1.205038 0.000000 0.000000 0.000000 0.000000 0.000000 0.000000 0.000000 0.000000 0.000000 1.310988 1.624628 1.536758 1.286451 1.606210 1.591923 1.221827 0.877664 0.000000 0.000000 0.000000 0.000000 
0.000000 0.000000 0.000000 1.228468 1.323299 1.861259 2.194382 1.864782 2.031450 1.895059 1.787006 1.285981 1.504228 1.152345 1.250957 0.000000 0.000000 0.000000 0.000000 0.000000 0.000000 0.000000 0.000000 0.000000 0.000000 1.180584 1.368824 1.466610 1.261327 1.159940 1.273496 0.781086 0.000000 0.000000 0.000000 0.000000 
0.000000 0.000000 0.000000 0.763439 0.000000 1.623563 1.518233 1.806562 1.613497 1.483724 1.672986 1.553276 1.525557 1.469176 1.105827 0.000000 0.000000 0.000000 0.000000 0.000000 0.000000 0.000000 0.000000 0.000000 0.000000 0.876667 1.091099 1.230314 1.210246 1.065151 0.000000 0.000000 0.000000 0.000000 0.000000 0.000000 
0.000000 0.000000 0.000000 0.000000 0.000000 0.292233 0.233779 0.557841 0.523503 0.870924 1.034118 1.201494 0.000000 0.731180 0.000000 0.000000 0.000000 0.000000 0.000000 0.000000 0.000000 0.000000 0.000000 0.000000 0.000000 1.298944 1.014885 1.082274 0.824023 0.878842 0.000000 0.000000 0.000000 0.000000 0.000000 0.000000 
0.000000 0.000000 0.000000 0.000000 0.000000 0.000000 0.000000 0.000000 0.000000 0.000000 0.000000 0.418642 0.000000 0.000000 0.000000 0.000000 0.000000 0.000000 0.000000 0.000000 0.000000 0.000000 0.000000 0.000000 0.000000 0.960136 0.709484 0.000000 0.000000 0.000000 0.000000 0.000000 0.000000 0.000000 0.000000 0.000000 

Average FAVD of all voxels (XY_plane, along the z-axis):
0.000000 0.000000 0.000000 0.000000 0.000000 0.000000 0.000000 0.000000 0.000000 0.061686 0.082324 0.043713 0.012179 0.000000 0.000000 0.000000 0.000000 0.000000 0.000000 0.000000 0.000000 0.000000 0.000000 0.000000 0.000000 0.000000 0.000000 0.000000 0.000000 0.000000 0.000000 0.000000 0.000000 0.000000 0.000000 0.000000 
0.000000 0.000000 0.000000 0.000000 0.000000 0.000000 0.000000 0.000000 0.000000 0.029026 0.057759 0.027352 0.023921 0.000000 0.000000 0.000000 0.000000 0.000000 0.000000 0.053879 0.033450 0.000000 0.000000 0.000000 0.028693 0.110869 0.000000 0.000000 0.000000 0.000000 0.000000 0.000000 0.000000 0.000000 0.000000 0.000000 
0.000000 0.000000 0.000000 0.089619 0.045670 0.131611 0.148024 0.159636 0.102390 0.071102 0.065178 0.025338 0.016740 0.000000 0.000000 0.063909 0.156006 0.072004 0.071323 0.085812 0.042477 0.000000 0.000000 0.000000 0.161137 0.234593 0.000000 0.000000 0.000000 0.000000 0.000000 0.000000 0.000000 0.000000 0.000000 0.000000 
0.000000 0.000000 0.000000 0.119235 0.094933 0.093613 0.143453 0.226667 0.186813 0.182909 0.204251 0.086601 0.000000 0.021272 0.030631 0.157636 0.206741 0.428803 0.428449 0.090890 0.097641 0.074079 0.263966 0.288365 0.409211 0.396838 0.204971 0.045696 0.121460 0.036825 0.031008 0.000000 0.000000 0.000000 0.000000 0.000000 
0.000000 0.000000 0.000000 0.093275 0.148939 0.216019 0.246096 0.288735 0.220422 0.125045 0.154449 0.176537 0.141666 0.106335 0.292254 0.376207 0.491277 0.553501 0.481368 0.442516 0.402241 0.334949 0.492980 0.558288 0.546267 0.479064 0.455926 0.406903 0.255361 0.229716 0.041834 0.000000 0.000000 0.000000 0.000000 0.000000 
0.000000 0.000000 0.000000 0.244056 0.239840 0.218713 0.452433 0.561020 0.529495 0.575047 0.450716 0.435796 0.295234 0.188432 0.359110 0.680993 0.733077 0.696323 0.671171 0.588104 0.598337 0.792412 0.751018 0.658688 0.708875 0.637393 0.734048 0.847124 0.517690 0.181960 0.199950 0.084138 0.000000 0.000000 0.000000 0.000000 
0.000000 0.000000 0.052933 0.079391 0.000000 0.123258 0.438487 0.667562 0.827795 0.670304 0.600231 0.473044 0.294720 0.486404 0.502690 0.702225 0.737573 1.008079 0.919656 0.808541 0.794634 0.945162 0.851357 0.746396 0.871004 0.804736 0.989979 0.954414 0.950813 0.576774 0.514804 0.069053 0.016245 0.000000 0.000000 0.000000 
0.000000 0.000000 0.053670 0.082415 0.108246 0.163121 0.403171 0.576168 0.806210 0.872776 0.652954 0.658157 0.701979 0.753473 0.704304 0.745499 0.775739 0.925053 1.089290 0.682308 0.705673 0.851247 0.870058 0.862986 0.866615 1.102272 1.118291 1.256088 1.027896 0.941401 0.503557 0.072447 0.000000 0.000000 0.000000 0.000000 
0.000000 0.031029 0.075735 0.108676 0.508568 0.594215 0.687165 0.761571 0.889621 0.978336 0.766739 0.806347 0.799665 1.076312 0.787232 0.834359 0.929821 0.892641 1.055697 0.806589 0.711655 1.000531 0.870363 1.104913 0.912815 1.088652 1.277712 1.344961 1.165733 0.956547 0.557436 0.081614 0.000000 0.000000 0.000000 0.000000 
0.000000 0.086207 0.330705 0.383171 0.624111 0.676389 0.888504 0.808025 0.785649 0.787476 1.058338 1.303749 1.342015 1.423853 1.198531 0.820442 0.902195 0.616034 0.669126 1.074147 0.776114 1.354030 1.462678 1.167407 1.002497 1.148509 1.340155 1.294977 0.916445 0.906308 0.424224 0.165297 0.000000 0.000000 0.000000 0.000000 
0.059913 0.307796 0.477891 0.600381 0.734279 0.617194 0.832347 1.088396 0.980476 1.146911 1.117657 1.234456 1.235212 1.375915 1.226658 1.103474 0.636348 0.697402 0.612133 0.752503 1.173434 1.583956 1.509786 1.415039 1.031235 0.903499 0.945644 0.916921 0.991364 0.873223 0.491683 0.291369 0.097138 0.068331 0.000000 0.000000 
0.000000 0.270046 0.484628 0.439601 0.606786 0.603164 0.769757 0.864373 1.106435 1.482480 1.155616 1.259175 1.569742 1.390861 0.922350 0.776429 0.412899 0.265267 0.588742 0.678228 1.164228 1.472652 1.413677 1.259976 0.949429 0.531128 0.822232 0.838358 1.017258 0.821738 0.702580 0.488880 0.423036 0.078649 0.000000 0.000000 
0.000000 0.000000 0.080572 0.357707 0.414905 0.686960 0.866190 0.828580 1.174625 1.248524 1.532349 1.167648 1.234906 1.057402 1.022211 0.600857 0.355580 0.342071 0.672055 0.784711 1.048939 1.343029 1.427611 0.905293 0.839574 0.590897 1.019811 0.991434 1.129839 0.932700 0.719492 0.645222 0.473943 0.156471 0.000000 0.000000 
0.076448 0.121669 0.105538 0.548016 0.634278 0.885021 1.170325 1.051940 0.933291 1.290356 1.370801 1.260788 0.736808 0.760326 0.689081 0.348327 0.144209 0.384306 0.517878 0.492298 0.429662 1.224195 0.491501 0.653993 0.940558 0.730778 1.133066 1.134431 0.953474 0.911849 0.794889 0.797734 0.435859 0.121653 0.048798 0.000000 
0.073251 0.388048 0.602166 0.876386 0.764522 1.009848 1.309761 1.496954 1.498116 1.339568 1.176858 0.735836 0.878866 0.491688 0.337313 0.000000 0.000000 0.406525 0.385157 0.510741 0.642744 0.809882 0.616390 0.896312 0.851108 0.868751 1.119983 0.864303 0.791229 0.993980 0.967580 0.595812 0.306494 0.164022 0.082834 0.000000 
0.157753 0.542636 0.703472 0.917844 0.975867 1.121722 1.327856 1.502616 1.531612 1.107914 0.867165 0.625763 0.500676 0.477262 0.408900 0.214076 0.174466 0.190341 0.353561 0.788099 0.827055 0.637543 0.502122 0.650353 0.717300 0.905056 0.777364 0.772041 0.714680 0.715395 0.728615 0.477035 0.287754 0.174178 0.073906 0.000566 
0.288188 0.752707 0.714934 0.878265 1.079903 1.140054 1.323377 1.478877 1.286646 1.157890 0.779617 0.736648 0.519837 0.433017 0.490832 0.456927 0.299047 0.338752 0.552411 0.796014 0.797747 0.635497 0.702366 0.544496 0.477605 0.880199 0.880906 0.961068 0.746913 0.494030 0.473852 0.521781 0.276097 0.065162 0.008105 0.000000 
0.338637 0.341156 0.598176 0.919304 1.147707 1.325720 1.405269 1.094550 1.143959 1.264529 0.955135 0.723986 0.633054 0.688692 0.681648 0.714615 0.459935 0.548291 0.414415 0.673193 0.690267 0.694184 0.731334 0.555853 0.841140 0.692552 0.801125 0.835358 0.898517 0.568571 0.549179 0.379908 0.154624 0.058894 0.027082 0.000000 
0.187384 0.255129 0.480968 1.002918 1.181757 1.258243 1.253234 1.533523 1.257527 1.086670 0.616997 0.227736 0.431966 0.539461 0.717693 0.646313 0.855836 0.479949 0.487397 0.745887 0.634464 0.824477 0.609606 0.696594 0.815806 1.009447 0.977486 1.101557 0.982009 0.642292 0.607704 0.573648 0.242842 0.091384 0.000000 0.000000 
0.038000 0.223541 0.433822 0.535331 1.019110 0.940160 1.448923 1.440496 1.158622 0.919369 0.672676 0.501896 0.523468 0.748913 0.736731 0.743011 0.639442 0.611382 0.850776 0.971834 0.882395 0.879091 1.119922 1.186587 1.080132 1.246811 1.055239 1.109592 0.817928 0.625689 0.545363 0.386659 0.227793 0.150888 0.022768 0.000000 
0.093184 0.122917 0.218562 0.372510 0.661577 0.810187 1.105033 1.228960 1.047656 1.420213 0.973799 0.825597 0.858641 0.470889 0.659594 0.765762 0.871627 0.868685 0.872996 1.047111 1.140894 0.773771 1.321420 1.271292 1.285377 1.376162 1.394378 1.279090 0.757001 0.221607 0.376176 0.299323 0.140483 0.108542 0.017763 0.000000 
0.015746 0.024025 0.000000 0.254908 0.491208 0.445572 1.118983 1.361593 1.372448 1.178147 1.088494 0.949920 1.266030 1.388326 0.812708 0.681010 0.998829 1.124063 1.003539 1.122447 1.208140 1.264075 1.512862 1.308705 1.274922 1.496380 1.510986 1.086503 0.768219 0.344494 0.164160 0.097163 0.000000 0.000000 0.000000 0.000000 
0.000000 0.000000 0.000000 0.170719 0.298322 0.379497 0.855994 0.840406 1.252010 1.359023 1.335486 0.808965 1.213403 1.563653 1.517864 1.204379 1.305949 1.020651 0.764070 0.683054 1.473371 1.416463 1.141810 1.588468 1.214636 1.191655 1.224712 0.931093 0.636299 0.266227 0.000000 0.000000 0.000000 0.000000 0.000000 0.000000 
0.000000 0.000000 0.000000 0.022163 0.083654 0.149693 0.270868 0.440718 0.486991 0.920451 1.026665 1.181911 1.357567 1.302373 1.641880 1.422555 1.577649 0.912779 0.654306 1.088257 1.224150 1.496397 1.097332 1.009148 0.901616 0.839294 0.986810 1.084039 0.847692 0.426383 0.020326 0.000000 0.000000 0.000000 0.000000 0.000000 
0.000000 0.000000 0.000000 0.000000 0.000000 0.031541 0.022433 0.041178 0.195326 0.456487 0.401425 0.915445 0.800592 1.238307 1.329320 1.268224 1.572628 0.924943 1.185487 1.641804 1.458929 1.241918 1.264509 0.762803 0.684575 0.841275 0.760106 0.725337 0.614298 0.362495 0.073343 0.000000 0.000000 0.000000 0.000000 0.000000 
0.000000 0.000000 0.000000 0.000000 0.000000 0.000000 0.000000 0.083086 0.132875 0.040484 0.208886 0.557698 0.630376 1.215454 1.446248 1.442467 1.162971 1.409123 1.261431 1.504914 1.225384 0.925725 1.306624 1.119082 0.874007 0.935878 0.836082 0.619707 0.280030 0.140139 0.131870 0.000000 0.000000 0.000000 0.000000 0.000000 
0.000000 0.000000 0.000000 0.000000 0.000000 0.000000 0.000000 0.000000 0.030882 0.000000 0.000000 0.195110 0.395724 0.753138 1.195617 1.316304 1.121406 1.038551 1.240010 1.034167 0.994719 1.084823 1.342247 1.202686 1.141753 0.983445 0.808020 0.648957 0.152674 0.000000 0.003303 0.000000 0.000000 0.000000 0.000000 0.000000 
0.000000 0.000000 0.000000 0.000000 0.000000 0.000000 0.000000 0.000000 0.000000 0.000000 0.000000 0.034460 0.148470 0.205118 0.413007 0.491246 0.686663 0.898999 1.055977 1.045419 0.829814 0.869185 0.882454 1.052483 1.025555 0.905578 0.699673 0.200985 0.000000 0.000000 0.000000 0.000000 0.000000 0.000000 0.000000 0.000000 
0.000000 0.000000 0.000000 0.000000 0.000000 0.000000 0.000000 0.000000 0.000000 0.000000 0.000000 0.000000 0.000000 0.000000 0.067555 0.040964 0.316296 0.442086 0.557571 0.710809 0.573236 0.518991 0.595703 0.624115 0.518697 0.670515 0.476109 0.039769 0.000000 0.000000 0.000000 0.000000 0.000000 0.000000 0.000000 0.000000 
0.000000 0.000000 0.000000 0.000000 0.000000 0.000000 0.000000 0.000000 0.000000 0.000000 0.000000 0.000000 0.000000 0.000000 0.000000 0.000000 0.014560 0.053519 0.077100 0.136693 0.284155 0.188125 0.300161 0.267584 0.054685 0.064963 0.050869 0.000000 0.000000 0.000000 0.000000 0.000000 0.000000 0.000000 0.000000 0.000000 
0.000000 0.000000 0.000000 0.000000 0.000000 0.000000 0.000000 0.000000 0.000000 0.000000 0.000000 0.000000 0.000000 0.000000 0.000000 0.000000 0.000000 0.000000 0.000000 0.000000 0.031643 0.017400 0.000000 0.000000 0.000000 0.000000 0.000000 0.000000 0.000000 0.000000 0.000000 0.000000 0.000000 0.000000 0.000000 0.000000 

Average FAVD of non-empty voxels (XY_plane, along the z-axis):
0.000000 0.000000 0.000000 0.000000 0.000000 0.000000 0.000000 0.000000 0.000000 0.575738 0.768354 0.611976 0.341004 0.000000 0.000000 0.000000 0.000000 0.000000 0.000000 0.000000 0.000000 0.000000 0.000000 0.000000 0.000000 0.000000 0.000000 0.000000 0.000000 0.000000 0.000000 0.000000 0.000000 0.000000 0.000000 0.000000 
0.000000 0.000000 0.000000 0.000000 0.000000 0.000000 0.000000 0.000000 0.000000 0.812741 0.539084 0.382923 0.669775 0.000000 0.000000 0.000000 0.000000 0.000000 0.000000 0.754306 0.936596 0.000000 0.000000 0.000000 0.803405 1.552167 0.000000 0.000000 0.000000 0.000000 0.000000 0.000000 0.000000 0.000000 0.000000 0.000000 
0.000000 0.000000 0.000000 1.254664 1.278773 0.921279 1.036166 1.117454 0.955642 0.995424 0.912497 0.709460 0.468715 0.000000 0.000000 0.447365 0.873634 1.008061 0.998523 1.201365 1.189362 0.000000 0.000000 0.000000 1.503943 2.189530 0.000000 0.000000 0.000000 0.000000 0.000000 0.000000 0.000000 0.000000 0.000000 0.000000 
0.000000 0.000000 0.000000 1.669287 1.329062 0.873721 1.004169 1.269336 1.046155 1.024288 1.143805 0.808279 0.000000 0.595622 0.857679 1.103453 0.964793 1.334054 1.713794 0.848310 0.911313 1.037107 1.231842 1.614845 2.291582 2.222291 1.913064 1.279474 1.700433 1.031103 0.868237 0.000000 0.000000 0.000000 0.000000 0.000000 
0.000000 0.000000 0.000000 1.305847 1.042571 1.209709 1.378135 1.010573 1.028636 0.875312 0.720763 0.988608 1.322219 1.488688 1.169016 1.170423 1.528418 1.549802 1.684789 1.548806 1.407845 1.875714 1.971919 1.954007 1.911935 2.235632 2.127655 1.898883 1.787527 1.608013 1.171361 0.000000 0.000000 0.000000 0.000000 0.000000 
0.000000 0.000000 0.000000 2.277860 1.119253 1.224792 1.583514 1.745396 1.482586 1.341777 1.402229 1.525286 1.653311 1.319022 1.675847 1.588984 1.578936 1.772458 1.879280 1.829657 1.861494 1.848962 1.911681 2.049252 1.984849 1.983001 2.055335 2.156316 1.811915 1.273722 1.399651 1.177928 0.000000 0.000000 0.000000 0.000000 
0.000000 0.000000 1.482119 2.222954 0.000000 1.725617 1.534706 1.869175 1.655591 1.443732 1.400539 1.324523 1.650434 1.945617 2.010760 1.787482 1.721004 1.881747 1.839312 1.886595 2.022705 1.890324 1.986499 2.089909 2.032343 2.048419 2.132262 2.226965 1.901625 1.614969 1.441452 0.966736 0.454863 0.000000 0.000000 0.000000 
0.000000 0.000000 0.751376 1.153810 1.010293 1.522462 1.411098 1.613271 1.612420 1.629182 1.523558 1.417570 1.786857 1.622865 1.792774 1.897634 1.974609 1.850106 2.033341 1.910462 1.975885 1.986244 2.030135 2.196693 2.426523 2.204543 2.236583 2.198155 1.918739 1.757282 1.409960 1.014255 0.000000 0.000000 0.000000 0.000000 
0.000000 0.868809 0.706863 0.760730 1.779987 2.376860 2.405077 1.938544 1.556838 1.826228 1.651437 1.612693 1.599330 1.883546 2.003862 1.946838 2.002692 1.922610 2.111394 2.053137 1.811487 2.001062 2.215470 2.379813 2.323530 2.344789 2.235995 2.215230 2.040033 1.673957 1.418927 1.142598 0.000000 0.000000 0.000000 0.000000 
0.000000 1.206899 1.543290 1.788131 2.184389 2.104323 2.487811 2.262470 1.833180 1.574952 1.743146 1.659317 1.708019 1.812176 1.974051 2.088398 2.105122 1.916549 2.081726 2.148295 2.173119 2.106268 2.409116 2.179161 2.159224 2.143884 2.084685 1.908387 1.973881 1.691776 1.484784 1.157082 0.000000 0.000000 0.000000 0.000000 
1.677554 2.154573 2.230157 1.681068 1.869074 1.920161 2.118702 2.176792 2.287777 2.007094 1.738578 1.819198 1.820313 1.834553 1.807707 1.931080 1.979748 1.952726 2.142465 2.341122 2.738013 2.463932 2.224947 2.201172 2.062469 1.945999 1.891288 1.974908 1.850545 1.746447 1.529681 1.359721 1.359936 0.956629 0.000000 0.000000 
0.000000 1.512256 2.261599 2.051470 2.123751 1.876510 1.796101 2.016871 2.383090 2.767297 2.157151 1.762845 1.910991 1.770187 1.614113 1.811668 1.926864 1.856871 2.060595 2.110043 2.507569 2.748950 2.328409 2.351955 2.044924 2.124511 1.644464 1.805693 1.780202 1.769897 1.513250 1.368863 1.184500 0.734062 0.000000 0.000000 
0.000000 0.000000 2.256011 2.003158 2.323468 2.137210 2.021109 2.109114 2.192634 2.330579 2.383655 2.043385 1.728868 1.850454 1.590105 1.682399 1.991248 1.915597 2.090837 2.197190 2.670026 2.506988 2.498319 1.949862 1.959007 1.838346 1.784669 1.735010 1.860911 1.632224 1.678816 1.505518 1.206400 0.876236 0.000000 0.000000 
2.140537 1.703360 1.477529 1.918057 1.973311 2.252782 2.340650 2.265717 1.866581 2.125292 2.558828 2.206379 1.875512 1.520653 1.607855 1.625526 2.018932 2.152116 2.071511 1.723045 1.203055 2.448390 2.293669 2.034645 1.881117 2.046178 1.762548 1.764670 1.779818 1.702119 1.712069 1.489103 1.220404 0.851570 0.455449 0.000000 
2.051020 1.810893 2.107580 2.044901 2.140662 2.356311 2.292083 2.206038 2.207750 1.786090 1.569144 1.873038 1.892941 1.720910 1.888952 0.000000 0.000000 2.276542 1.797400 1.588972 1.636075 2.267671 2.465561 2.281523 1.833156 1.871157 1.844678 1.861575 1.704185 1.739464 1.693265 1.390229 1.225975 0.765437 0.579841 0.000000 
1.472357 1.688199 1.790656 2.141635 2.277023 2.243445 2.187058 2.103662 2.144257 1.824800 1.428271 1.592852 2.002703 1.909048 1.908202 1.998039 2.442517 2.664777 1.979944 2.451865 2.315755 2.231401 2.343237 2.276234 1.825855 1.583849 1.674323 1.662857 1.667586 2.003107 1.569325 1.335697 1.151015 0.812830 1.034683 0.015841 
2.017318 2.107579 2.224240 2.235583 2.159806 2.128100 2.179680 2.070428 1.896110 1.907114 1.559235 1.586627 1.455543 2.424898 2.290551 1.827708 1.674664 2.371266 2.209645 2.476489 2.233691 2.224241 2.185139 2.177984 1.671618 1.760397 1.541586 1.681869 1.493826 1.729104 1.658482 1.328170 0.966338 0.608180 0.226943 0.000000 
1.896365 1.910474 2.093615 2.340046 2.142386 2.320010 2.314560 2.189100 2.001929 1.863516 1.782919 1.842873 1.772551 2.410421 1.908614 2.000923 1.839739 2.193163 2.320723 2.356174 2.415935 2.429643 2.559668 2.223411 2.141085 1.762858 1.495433 1.559334 1.677231 1.326666 1.537700 1.772904 1.082368 0.824510 0.379146 0.000000 
1.748916 1.785903 2.244519 2.340142 2.363515 2.201925 2.339370 2.146933 2.071221 2.028450 1.727592 0.910943 2.015843 1.888114 2.009541 2.010752 2.178491 2.239761 2.274517 2.320537 2.537858 2.565040 2.438423 2.438079 2.538063 1.884302 1.609977 1.542180 1.617427 1.383399 1.546883 1.784684 1.359916 0.852918 0.000000 0.000000 
1.063995 2.086379 1.735287 1.873660 2.195007 2.632449 2.253880 2.016694 2.162762 2.340211 1.448842 1.277553 1.332464 1.906324 2.062847 2.080432 1.790438 2.445528 2.382172 2.473758 2.246097 2.237686 2.412139 2.373175 2.326439 2.181919 1.846669 1.635188 1.431374 1.459942 1.527016 1.546634 1.275640 1.408289 0.318750 0.000000 
1.304576 1.720833 1.223948 1.158920 2.058240 2.062293 2.210067 2.024170 1.833398 2.209220 1.704149 1.926394 1.849381 1.198626 1.420664 1.949212 2.440556 2.432319 2.444390 2.665373 2.129670 1.805466 2.176456 2.373078 2.249409 2.266619 2.054873 1.884975 1.413068 1.034164 1.170325 1.047630 0.983380 1.519590 0.165791 0.000000 
0.440896 0.672698 0.000000 1.784359 1.528201 1.559503 1.843031 2.006558 1.921427 1.736216 1.693213 2.045983 2.363256 2.286654 1.750448 1.733479 1.997658 2.248127 2.341591 2.619044 2.602148 2.528150 2.491773 2.442916 2.099872 1.995174 2.115380 1.901380 1.536437 1.205731 1.149119 0.680143 0.000000 0.000000 0.000000 0.000000 
0.000000 0.000000 0.000000 1.195036 1.392172 1.328239 1.997319 1.680811 1.845067 2.002771 1.968084 1.742385 1.998546 2.432348 2.500011 2.107663 2.031476 1.786139 1.645688 1.738682 2.578400 2.478810 2.459284 2.616300 2.125613 1.756123 2.143246 2.005431 1.619671 1.064908 0.000000 0.000000 0.000000 0.000000 0.000000 0.000000 
0.000000 0.000000 0.000000 0.620555 1.171163 1.047852 1.264049 1.371124 1.136313 1.431812 1.916442 2.068345 2.000625 2.145085 2.554035 2.489471 2.454121 2.555780 1.832056 2.031412 2.448299 2.464654 2.194664 2.173549 2.103770 2.350023 1.973619 1.897068 1.977948 1.492342 0.569119 0.000000 0.000000 0.000000 0.000000 0.000000 
0.000000 0.000000 0.000000 0.000000 0.000000 0.883148 0.628114 1.152984 1.823044 1.597705 1.605699 2.136038 2.241657 2.311506 2.326310 2.367352 2.752099 2.589841 2.766136 2.704148 2.553125 2.483836 2.723558 2.135847 2.129790 2.355570 2.128295 1.846312 2.150042 2.029972 1.026808 0.000000 0.000000 0.000000 0.000000 0.000000 
0.000000 0.000000 0.000000 0.000000 0.000000 0.000000 0.000000 1.163205 1.860251 1.133556 1.169761 1.735061 1.765052 2.268848 2.131312 2.375827 2.325942 2.818246 2.716928 2.633599 2.639288 2.356391 2.613249 2.611192 2.447219 2.183715 2.341029 2.168973 1.568169 1.961950 1.846179 0.000000 0.000000 0.000000 0.000000 0.000000 
0.000000 0.000000 0.000000 0.000000 0.000000 0.000000 0.000000 0.000000 0.864698 0.000000 0.000000 0.910515 1.846710 1.757323 1.969251 2.303532 2.415337 2.423285 2.670790 2.227437 2.532012 2.531253 2.348933 2.590401 2.664089 2.503314 2.262456 2.595829 2.137434 0.000000 0.092486 0.000000 0.000000 0.000000 0.000000 0.000000 
0.000000 0.000000 0.000000 0.000000 0.000000 0.000000 0.000000 0.000000 0.000000 0.000000 0.000000 0.964879 0.692859 0.820473 1.445525 1.719362 1.922656 2.097664 2.111954 2.251672 2.112253 2.433717 2.246247 2.679048 2.610503 2.535618 2.176761 1.875858 0.000000 0.000000 0.000000 0.000000 0.000000 0.000000 0.000000 0.000000 
0.000000 0.000000 0.000000 0.000000 0.000000 0.000000 0.000000 0.000000 0.000000 0.000000 0.000000 0.000000 0.000000 0.000000 0.630510 0.382333 1.476048 1.375380 1.561197 1.809331 2.006326 2.075963 2.382813 2.184404 2.074787 2.086047 1.904438 1.113542 0.000000 0.000000 0.000000 0.000000 0.000000 0.000000 0.000000 0.000000 
0.000000 0.000000 0.000000 0.000000 0.000000 0.000000 0.000000 0.000000 0.000000 0.000000 0.000000 0.000000 0.000000 0.000000 0.000000 0.000000 0.407666 0.499508 0.719597 0.956851 1.326056 1.316874 1.400751 1.498468 0.765596 1.818972 0.712172 0.000000 0.000000 0.000000 0.000000 0.000000 0.000000 0.000000 0.000000 0.000000 
0.000000 0.000000 0.000000 0.000000 0.000000 0.000000 0.000000 0.000000 0.000000 0.000000 0.000000 0.000000 0.000000 0.000000 0.000000 0.000000 0.000000 0.000000 0.000000 0.000000 0.442995 0.487201 0.000000 0.000000 0.000000 0.000000 0.000000 0.000000 0.000000 0.000000 0.000000 0.000000 0.000000 0.000000 0.000000 0.000000 

Output FAVD YZ_plane slices sorted by increasing X-coordinate:
X-1
0.000000 0.000000 0.000000 0.000000 0.000000 0.000000 0.000000 0.000000 0.000000 0.000000 0.000000 0.000000 0.000000 0.000000 0.000000 0.000000 0.000000 0.000000 0.000000 0.000000 0.000000 0.000000 0.000000 0.000000 0.000000 0.000000 0.000000 0.000000 0.000000 0.000000 0.000000 
0.000000 0.000000 0.000000 0.000000 0.000000 0.000000 0.000000 0.000000 0.000000 0.000000 0.000000 0.000000 0.000000 0.000000 0.000000 0.000000 0.000000 0.000000 0.000000 0.000000 0.000000 0.000000 0.000000 0.000000 0.000000 0.000000 0.000000 0.000000 0.000000 0.000000 0.000000 
0.000000 0.000000 0.000000 0.000000 0.000000 0.000000 0.000000 0.000000 0.000000 0.000000 0.000000 0.000000 0.000000 0.000000 0.000000 0.000000 0.000000 0.000000 0.000000 0.000000 0.000000 0.000000 0.000000 0.000000 0.000000 0.000000 0.000000 0.000000 0.000000 0.000000 0.000000 
0.000000 0.000000 0.000000 0.000000 0.000000 0.000000 0.000000 0.000000 0.000000 0.000000 0.000000 0.000000 0.000000 0.000000 0.000000 0.000000 0.000000 0.000000 0.000000 0.000000 0.000000 0.000000 0.000000 0.000000 0.000000 0.000000 0.000000 0.000000 0.000000 0.000000 0.000000 
0.000000 0.000000 0.000000 0.000000 0.000000 0.000000 0.000000 0.000000 0.000000 0.000000 0.000000 0.000000 0.000000 0.000000 0.000000 0.000000 0.000000 0.000000 0.000000 0.000000 0.000000 0.000000 0.000000 0.000000 0.000000 0.000000 0.000000 0.000000 0.000000 0.000000 0.000000 
0.000000 0.000000 0.000000 0.000000 0.000000 0.000000 0.000000 0.000000 0.000000 0.000000 0.000000 0.000000 0.000000 0.000000 0.000000 0.000000 0.000000 0.000000 0.000000 0.000000 0.000000 0.000000 0.000000 0.000000 0.000000 0.000000 0.000000 0.000000 0.000000 0.000000 0.000000 
0.000000 0.000000 0.000000 0.000000 0.000000 0.000000 0.000000 0.000000 0.000000 0.000000 0.000000 0.000000 0.000000 0.000000 0.000000 0.000000 0.000000 0.000000 0.000000 0.000000 0.000000 0.000000 0.000000 0.000000 0.000000 0.000000 0.000000 0.000000 0.000000 0.000000 0.000000 
0.000000 0.000000 0.000000 0.000000 0.000000 0.000000 0.000000 0.000000 0.000000 0.000000 0.000000 0.000000 0.000000 0.000000 0.000000 0.000000 0.000000 0.000000 0.000000 0.000000 0.000000 0.000000 0.000000 0.000000 0.000000 0.000000 0.000000 0.000000 0.000000 0.000000 0.000000 
0.000000 0.000000 0.000000 0.000000 0.000000 0.000000 0.000000 0.000000 0.000000 0.000000 0.000000 0.000000 0.000000 0.000000 0.000000 0.000000 0.000000 0.000000 0.000000 0.000000 0.000000 0.000000 0.000000 0.000000 0.000000 0.000000 0.000000 0.000000 0.000000 0.000000 0.000000 
0.000000 0.000000 0.000000 0.000000 0.000000 0.000000 0.000000 0.000000 0.000000 0.000000 0.000000 0.000000 0.000000 0.000000 0.000000 0.000000 0.000000 0.000000 0.000000 0.000000 0.000000 0.000000 0.000000 0.000000 0.000000 0.000000 0.000000 0.000000 0.000000 0.000000 0.000000 
0.000000 0.000000 0.000000 0.000000 0.000000 0.000000 0.000000 0.000000 0.000000 0.000000 0.000000 0.000000 0.000000 0.000000 0.000000 0.000000 0.000000 0.000000 0.000000 0.000000 1.677554 0.000000 0.000000 0.000000 0.000000 0.000000 0.000000 0.000000 0.000000 0.000000 0.000000 
0.000000 0.000000 0.000000 0.000000 0.000000 0.000000 0.000000 0.000000 0.000000 0.000000 0.000000 0.000000 0.000000 0.000000 0.000000 0.000000 0.000000 0.000000 0.000000 0.000000 0.000000 0.000000 0.000000 0.000000 0.000000 0.000000 0.000000 0.000000 0.000000 0.000000 0.000000 
0.000000 0.000000 0.000000 0.000000 0.000000 0.000000 0.000000 0.000000 0.000000 0.000000 0.000000 0.000000 0.000000 0.000000 2.032623 1.774169 0.000000 0.000000 0.000000 0.000000 0.000000 0.000000 0.000000 0.000000 0.000000 0.000000 0.000000 0.000000 0.000000 0.000000 0.000000 
0.000000 0.000000 0.000000 0.000000 0.000000 0.000000 0.000000 0.000000 0.000000 0.000000 0.000000 0.000000 0.000000 1.900194 1.889929 0.000000 0.000000 2.140537 0.000000 0.000000 0.000000 0.000000 0.000000 0.000000 0.000000 0.000000 0.000000 0.000000 0.000000 0.000000 0.000000 
0.000000 0.000000 0.000000 0.000000 0.000000 0.000000 0.000000 0.000000 0.000000 0.000000 1.661841 1.063995 1.235372 1.265378 2.066768 0.000000 2.051020 0.000000 0.000000 0.000000 0.000000 0.000000 0.000000 0.000000 0.000000 0.000000 0.000000 0.000000 0.000000 0.000000 0.000000 
0.000000 0.000000 0.000000 0.000000 0.000000 0.000000 0.000000 0.000000 0.000000 0.440896 0.947311 0.000000 0.000000 1.271418 0.000000 0.981308 0.000000 0.000000 0.000000 0.000000 0.000000 0.000000 0.000000 0.000000 0.000000 0.000000 0.000000 0.000000 0.000000 0.000000 0.000000 
0.000000 0.000000 0.000000 0.000000 0.000000 0.000000 0.000000 0.000000 0.000000 0.000000 0.000000 0.000000 1.838009 2.657834 0.000000 0.000000 0.000000 0.000000 0.000000 0.000000 0.000000 0.000000 0.000000 0.000000 0.000000 0.000000 0.000000 0.000000 0.000000 0.000000 0.000000 
0.000000 0.000000 0.000000 0.000000 0.000000 0.000000 0.000000 0.000000 0.000000 0.000000 0.000000 0.000000 2.173366 2.387004 2.079952 1.661593 0.000000 0.000000 0.000000 0.000000 0.000000 0.000000 0.000000 0.000000 0.000000 0.000000 0.000000 0.000000 0.000000 0.000000 0.000000 
0.000000 0.000000 0.000000 0.000000 0.000000 0.000000 0.000000 0.000000 0.000000 0.000000 0.000000 0.000000 0.000000 0.000000 0.000000 0.000000 0.000000 0.000000 0.000000 0.000000 0.000000 0.000000 0.000000 0.000000 0.000000 0.000000 0.000000 0.000000 0.000000 0.000000 0.000000 
0.000000 0.000000 0.000000 0.000000 0.000000 0.000000 0.000000 0.000000 0.000000 0.000000 0.000000 0.000000 0.000000 0.000000 0.000000 0.000000 0.000000 0.000000 0.000000 0.000000 0.000000 0.000000 0.000000 0.000000 0.000000 0.000000 0.000000 0.000000 0.000000 0.000000 0.000000 
0.000000 0.000000 0.000000 0.000000 0.000000 0.000000 0.000000 0.000000 0.000000 0.000000 0.000000 0.000000 0.000000 0.000000 0.000000 0.000000 0.000000 0.000000 0.000000 0.000000 0.000000 0.000000 0.000000 0.000000 0.000000 0.000000 0.000000 0.000000 0.000000 0.000000 0.000000 
0.000000 0.000000 0.000000 0.000000 0.000000 0.000000 0.000000 0.000000 0.000000 0.000000 0.000000 0.000000 0.000000 0.000000 0.000000 0.000000 0.000000 0.000000 0.000000 0.000000 0.000000 0.000000 0.000000 0.000000 0.000000 0.000000 0.000000 0.000000 0.000000 0.000000 0.000000 
0.000000 0.000000 0.000000 0.000000 0.000000 0.000000 0.000000 0.000000 0.000000 0.000000 0.000000 0.000000 0.000000 0.000000 0.000000 0.000000 0.000000 0.000000 0.000000 0.000000 0.000000 0.000000 0.000000 0.000000 0.000000 0.000000 0.000000 0.000000 0.000000 0.000000 0.000000 
0.000000 0.000000 0.000000 0.000000 0.000000 0.000000 0.000000 0.000000 0.000000 0.000000 0.000000 0.000000 0.000000 0.000000 0.000000 0.000000 0.000000 0.000000 0.000000 0.000000 0.000000 0.000000 0.000000 0.000000 0.000000 0.000000 0.000000 0.000000 0.000000 0.000000 0.000000 
0.000000 0.000000 0.000000 0.000000 0.000000 0.000000 0.000000 0.000000 0.000000 0.000000 0.000000 0.000000 0.000000 0.000000 0.000000 0.000000 0.000000 0.000000 0.000000 0.000000 0.000000 0.000000 0.000000 0.000000 0.000000 0.000000 0.000000 0.000000 0.000000 0.000000 0.000000 
0.000000 0.000000 0.000000 0.000000 0.000000 0.000000 0.000000 0.000000 0.000000 0.000000 0.000000 0.000000 0.000000 0.000000 0.000000 0.000000 0.000000 0.000000 0.000000 0.000000 0.000000 0.000000 0.000000 0.000000 0.000000 0.000000 0.000000 0.000000 0.000000 0.000000 0.000000 
0.000000 0.000000 0.000000 0.000000 0.000000 0.000000 0.000000 0.000000 0.000000 0.000000 0.000000 0.000000 0.000000 0.000000 0.000000 0.000000 0.000000 0.000000 0.000000 0.000000 0.000000 0.000000 0.000000 0.000000 0.000000 0.000000 0.000000 0.000000 0.000000 0.000000 0.000000 
0.000000 0.000000 0.000000 0.000000 0.000000 0.000000 0.000000 0.000000 0.000000 0.000000 0.000000 0.000000 0.000000 0.000000 0.000000 0.000000 0.000000 0.000000 0.000000 0.000000 0.000000 0.000000 0.000000 0.000000 0.000000 0.000000 0.000000 0.000000 0.000000 0.000000 0.000000 

X-2
0.000000 0.000000 0.000000 0.000000 0.000000 0.000000 0.000000 0.000000 0.000000 0.000000 0.000000 0.000000 0.000000 0.000000 0.000000 0.000000 0.000000 0.000000 0.000000 0.000000 0.000000 0.000000 0.000000 0.000000 0.000000 0.000000 0.000000 0.000000 0.000000 0.000000 0.000000 
0.000000 0.000000 0.000000 0.000000 0.000000 0.000000 0.000000 0.000000 0.000000 0.000000 0.000000 0.000000 0.000000 0.000000 0.000000 0.000000 0.000000 0.000000 0.000000 0.000000 0.000000 0.000000 0.000000 0.000000 0.000000 0.000000 0.000000 0.000000 0.000000 0.000000 0.000000 
0.000000 0.000000 0.000000 0.000000 0.000000 0.000000 0.000000 0.000000 0.000000 0.000000 0.000000 0.000000 0.000000 0.000000 0.000000 0.000000 0.000000 0.000000 0.000000 0.000000 0.000000 0.000000 0.000000 0.000000 0.000000 0.000000 0.000000 0.000000 0.000000 0.000000 0.000000 
0.000000 0.000000 0.000000 0.000000 0.000000 0.000000 0.000000 0.000000 0.000000 0.000000 0.000000 0.000000 0.000000 0.000000 0.000000 0.000000 0.000000 0.000000 0.000000 0.000000 0.000000 0.000000 0.000000 0.000000 0.000000 0.000000 0.000000 0.000000 0.000000 0.000000 0.000000 
0.000000 0.000000 0.000000 0.000000 0.000000 0.000000 0.000000 0.000000 0.000000 0.000000 0.000000 0.000000 0.000000 0.000000 0.000000 0.000000 0.000000 0.000000 0.000000 0.000000 0.000000 0.000000 0.000000 0.000000 0.000000 0.000000 0.000000 0.000000 0.000000 0.000000 0.000000 
0.000000 0.000000 0.000000 0.000000 0.000000 0.000000 0.000000 0.000000 0.000000 0.000000 0.000000 0.000000 0.000000 0.000000 0.000000 0.000000 0.000000 0.000000 0.000000 0.000000 0.000000 0.000000 0.000000 0.000000 0.000000 0.000000 0.000000 0.000000 0.000000 0.000000 0.000000 
0.000000 0.000000 0.000000 0.000000 0.000000 0.000000 0.000000 0.000000 0.000000 0.000000 0.000000 0.000000 0.000000 0.000000 0.000000 0.000000 0.000000 0.000000 0.000000 0.000000 0.000000 0.000000 0.000000 0.000000 0.000000 0.000000 0.000000 0.000000 0.000000 0.000000 0.000000 
0.000000 0.000000 0.000000 0.000000 0.000000 0.000000 0.000000 0.000000 0.000000 0.000000 0.000000 0.000000 0.000000 0.000000 0.000000 0.000000 0.000000 0.000000 0.000000 0.000000 0.000000 0.000000 0.000000 0.000000 0.000000 0.000000 0.000000 0.000000 0.000000 0.000000 0.000000 
0.000000 0.000000 0.000000 0.000000 0.000000 0.000000 0.000000 0.000000 0.000000 0.000000 0.000000 0.000000 0.000000 0.000000 0.000000 0.000000 0.000000 0.000000 0.000000 0.000000 0.000000 0.000000 0.868809 0.000000 0.000000 0.000000 0.000000 0.000000 0.000000 0.000000 0.000000 
0.000000 0.000000 0.000000 0.000000 0.000000 0.000000 0.000000 0.000000 0.000000 0.000000 0.000000 0.000000 0.000000 0.000000 0.000000 0.000000 0.000000 0.000000 0.000000 0.000000 0.000000 0.000000 0.000000 0.000000 0.000000 0.000000 0.000000 0.000000 0.000000 0.000000 0.000000 
0.000000 0.000000 0.000000 0.000000 0.000000 0.000000 0.000000 0.000000 0.000000 0.000000 0.000000 0.000000 0.000000 0.000000 0.000000 0.000000 0.000000 0.000000 0.000000 0.000000 1.943396 0.665963 0.000000 0.000000 0.000000 0.000000 0.000000 0.000000 0.000000 0.000000 0.000000 
0.000000 0.000000 0.000000 0.000000 0.000000 0.000000 0.000000 0.000000 0.000000 0.000000 0.000000 0.000000 0.000000 0.000000 2.584404 3.043402 2.335669 0.000000 0.000000 2.297755 2.413035 1.747834 0.000000 0.000000 0.000000 0.000000 0.000000 0.000000 0.000000 0.000000 0.000000 
0.000000 0.000000 0.000000 0.000000 0.000000 0.000000 0.000000 0.000000 0.000000 0.000000 0.000000 0.000000 0.000000 0.000000 2.280872 1.961284 1.665266 0.000000 0.000000 1.749721 0.000000 0.000000 0.000000 0.000000 0.000000 0.000000 0.000000 0.000000 0.000000 0.000000 0.000000 
0.000000 0.000000 0.000000 0.000000 0.000000 0.000000 0.000000 0.000000 0.000000 0.000000 0.000000 0.000000 1.759229 1.881826 2.394564 1.971999 1.755331 2.427699 0.000000 1.643772 2.658107 0.000000 0.000000 0.000000 0.000000 0.000000 0.000000 0.000000 0.000000 0.000000 0.000000 
0.000000 0.000000 0.000000 0.000000 0.000000 0.000000 0.000000 0.000000 0.000000 0.000000 2.557196 1.370810 1.611120 1.905231 2.359476 1.901169 1.779638 0.000000 0.000000 1.870030 1.603755 0.000000 0.000000 0.000000 0.000000 0.000000 0.000000 0.000000 0.000000 0.000000 0.000000 
0.000000 0.000000 0.000000 0.000000 0.000000 0.000000 0.000000 0.000000 0.000000 0.672698 0.884470 0.000000 1.198253 1.816086 1.176074 1.789206 0.951708 0.979021 0.000000 0.000000 0.000000 0.000000 0.000000 0.000000 0.000000 0.000000 0.000000 0.000000 0.000000 0.000000 0.000000 
0.000000 0.000000 0.000000 0.000000 0.000000 0.000000 0.000000 0.000000 0.000000 0.000000 0.000000 2.831333 2.575009 1.478689 0.443461 0.618664 0.000000 0.000000 0.000000 0.000000 0.000000 0.000000 0.000000 0.000000 0.000000 0.000000 0.000000 0.000000 0.000000 0.000000 0.000000 
0.000000 0.000000 0.000000 0.000000 0.000000 0.000000 0.000000 0.000000 0.000000 0.000000 0.000000 2.056995 0.000000 2.470538 2.130184 1.007399 0.000000 0.000000 0.000000 0.000000 0.000000 0.000000 0.000000 0.000000 0.000000 0.000000 0.000000 0.000000 0.000000 0.000000 0.000000 
0.000000 0.000000 0.000000 0.000000 0.000000 0.000000 0.000000 0.000000 0.000000 0.000000 0.000000 0.000000 0.000000 0.000000 2.362915 1.465140 0.000000 0.000000 0.000000 0.000000 0.000000 0.000000 0.000000 0.000000 0.000000 0.000000 0.000000 0.000000 0.000000 0.000000 0.000000 
0.000000 0.000000 0.000000 0.000000 0.000000 0.000000 0.000000 0.000000 0.000000 0.000000 0.000000 0.000000 0.000000 0.000000 1.572204 1.435532 2.377743 0.000000 0.000000 0.000000 0.000000 0.000000 0.000000 0.000000 0.000000 0.000000 0.000000 0.000000 0.000000 0.000000 0.000000 
0.000000 0.000000 0.000000 0.000000 0.000000 0.000000 0.000000 0.000000 0.000000 0.000000 0.000000 0.000000 0.000000 0.000000 3.771637 0.000000 0.000000 0.000000 0.000000 0.000000 0.000000 0.000000 0.000000 0.000000 0.000000 0.000000 0.000000 0.000000 0.000000 0.000000 0.000000 
0.000000 0.000000 0.000000 0.000000 0.000000 0.000000 0.000000 0.000000 0.000000 0.000000 0.000000 0.000000 0.000000 0.000000 0.000000 0.000000 0.000000 0.000000 0.000000 0.000000 0.000000 0.000000 0.000000 0.000000 0.000000 0.000000 0.000000 0.000000 0.000000 0.000000 0.000000 
0.000000 0.000000 0.000000 0.000000 0.000000 0.000000 0.000000 0.000000 0.000000 0.000000 0.000000 0.000000 0.000000 0.000000 0.000000 0.000000 0.000000 0.000000 0.000000 0.000000 0.000000 0.000000 0.000000 0.000000 0.000000 0.000000 0.000000 0.000000 0.000000 0.000000 0.000000 
0.000000 0.000000 0.000000 0.000000 0.000000 0.000000 0.000000 0.000000 0.000000 0.000000 0.000000 0.000000 0.000000 0.000000 0.000000 0.000000 0.000000 0.000000 0.000000 0.000000 0.000000 0.000000 0.000000 0.000000 0.000000 0.000000 0.000000 0.000000 0.000000 0.000000 0.000000 
0.000000 0.000000 0.000000 0.000000 0.000000 0.000000 0.000000 0.000000 0.000000 0.000000 0.000000 0.000000 0.000000 0.000000 0.000000 0.000000 0.000000 0.000000 0.000000 0.000000 0.000000 0.000000 0.000000 0.000000 0.000000 0.000000 0.000000 0.000000 0.000000 0.000000 0.000000 
0.000000 0.000000 0.000000 0.000000 0.000000 0.000000 0.000000 0.000000 0.000000 0.000000 0.000000 0.000000 0.000000 0.000000 0.000000 0.000000 0.000000 0.000000 0.000000 0.000000 0.000000 0.000000 0.000000 0.000000 0.000000 0.000000 0.000000 0.000000 0.000000 0.000000 0.000000 
0.000000 0.000000 0.000000 0.000000 0.000000 0.000000 0.000000 0.000000 0.000000 0.000000 0.000000 0.000000 0.000000 0.000000 0.000000 0.000000 0.000000 0.000000 0.000000 0.000000 0.000000 0.000000 0.000000 0.000000 0.000000 0.000000 0.000000 0.000000 0.000000 0.000000 0.000000 
0.000000 0.000000 0.000000 0.000000 0.000000 0.000000 0.000000 0.000000 0.000000 0.000000 0.000000 0.000000 0.000000 0.000000 0.000000 0.000000 0.000000 0.000000 0.000000 0.000000 0.000000 0.000000 0.000000 0.000000 0.000000 0.000000 0.000000 0.000000 0.000000 0.000000 0.000000 

X-3
0.000000 0.000000 0.000000 0.000000 0.000000 0.000000 0.000000 0.000000 0.000000 0.000000 0.000000 0.000000 0.000000 0.000000 0.000000 0.000000 0.000000 0.000000 0.000000 0.000000 0.000000 0.000000 0.000000 0.000000 0.000000 0.000000 0.000000 0.000000 0.000000 0.000000 0.000000 
0.000000 0.000000 0.000000 0.000000 0.000000 0.000000 0.000000 0.000000 0.000000 0.000000 0.000000 0.000000 0.000000 0.000000 0.000000 0.000000 0.000000 0.000000 0.000000 0.000000 0.000000 0.000000 0.000000 0.000000 0.000000 0.000000 0.000000 0.000000 0.000000 0.000000 0.000000 
0.000000 0.000000 0.000000 0.000000 0.000000 0.000000 0.000000 0.000000 0.000000 0.000000 0.000000 0.000000 0.000000 0.000000 0.000000 0.000000 0.000000 0.000000 0.000000 0.000000 0.000000 0.000000 0.000000 0.000000 0.000000 0.000000 0.000000 0.000000 0.000000 0.000000 0.000000 
0.000000 0.000000 0.000000 0.000000 0.000000 0.000000 0.000000 0.000000 0.000000 0.000000 0.000000 0.000000 0.000000 0.000000 0.000000 0.000000 0.000000 0.000000 0.000000 0.000000 0.000000 0.000000 0.000000 0.000000 0.000000 0.000000 0.000000 0.000000 0.000000 0.000000 0.000000 
0.000000 0.000000 0.000000 0.000000 0.000000 0.000000 0.000000 0.000000 0.000000 0.000000 0.000000 0.000000 0.000000 0.000000 0.000000 0.000000 0.000000 0.000000 0.000000 0.000000 0.000000 0.000000 0.000000 0.000000 0.000000 0.000000 0.000000 0.000000 0.000000 0.000000 0.000000 
0.000000 0.000000 0.000000 0.000000 0.000000 0.000000 0.000000 0.000000 0.000000 0.000000 0.000000 0.000000 0.000000 0.000000 0.000000 0.000000 0.000000 0.000000 0.000000 0.000000 0.000000 0.000000 0.000000 0.000000 0.000000 0.000000 0.000000 0.000000 0.000000 0.000000 0.000000 
0.000000 0.000000 0.000000 0.000000 0.000000 0.000000 0.000000 0.000000 0.000000 0.000000 0.000000 0.000000 0.000000 0.000000 0.000000 0.000000 0.000000 0.000000 0.000000 0.000000 0.000000 0.000000 0.000000 0.000000 0.000000 0.000000 0.000000 0.000000 0.000000 0.000000 0.000000 
0.000000 0.000000 0.000000 0.000000 0.000000 0.000000 0.000000 0.000000 0.000000 0.000000 0.000000 0.000000 0.000000 0.000000 0.000000 0.000000 0.000000 0.000000 0.000000 0.000000 0.000000 0.000000 0.000000 0.000000 0.000000 0.000000 0.000000 0.000000 0.000000 0.000000 0.000000 
0.000000 0.000000 0.000000 0.000000 0.000000 0.000000 0.000000 0.000000 0.000000 0.000000 0.000000 0.000000 0.000000 0.000000 0.000000 0.000000 0.000000 0.000000 0.000000 0.000000 0.000000 1.744179 1.009868 0.081860 0.000000 0.000000 0.000000 0.000000 0.000000 0.000000 0.000000 
0.000000 0.000000 0.000000 0.000000 0.000000 0.000000 0.000000 0.000000 0.000000 0.000000 0.000000 0.000000 0.000000 0.000000 0.000000 0.000000 0.000000 0.000000 0.000000 0.000000 0.000000 0.000000 0.000000 0.000000 0.000000 0.000000 0.000000 0.000000 0.000000 0.000000 0.000000 
0.000000 0.000000 0.000000 0.000000 0.000000 0.000000 0.000000 0.000000 0.000000 0.000000 0.000000 0.000000 0.000000 0.000000 0.000000 0.000000 0.000000 0.000000 2.256011 2.433217 2.484864 1.149804 0.000000 0.000000 0.000000 0.000000 0.000000 0.000000 0.000000 0.000000 0.000000 
0.000000 0.000000 0.000000 0.000000 0.000000 0.000000 0.000000 0.000000 0.000000 0.000000 1.245345 1.914752 3.004898 2.210832 2.472430 2.029221 2.573542 0.000000 0.000000 2.424304 2.198336 1.691167 0.000000 1.420891 1.482119 0.000000 0.000000 0.000000 0.000000 0.000000 0.000000 
0.000000 0.000000 0.000000 0.000000 0.000000 0.000000 0.000000 0.000000 0.000000 0.000000 1.244932 1.753126 0.000000 2.324194 2.385871 0.000000 2.940254 0.000000 0.000000 1.914280 2.542348 1.899221 1.001076 0.000000 0.000000 0.000000 0.000000 0.000000 0.000000 0.000000 0.000000 
0.000000 0.000000 0.000000 0.000000 0.000000 0.000000 0.000000 0.000000 0.000000 0.000000 0.000000 1.163729 1.555911 2.130519 1.773796 1.838225 1.861251 0.000000 0.000000 1.470687 2.614035 1.499453 0.109645 0.000000 0.000000 0.000000 0.000000 0.000000 0.000000 0.000000 0.000000 
0.000000 0.000000 0.000000 0.000000 0.000000 0.000000 0.000000 0.000000 0.000000 0.000000 1.736855 1.496441 1.836474 1.844379 2.692040 1.909235 2.177154 0.000000 0.000000 0.000000 0.000000 1.275918 0.000000 0.000000 0.000000 0.000000 0.000000 0.000000 0.000000 0.000000 0.000000 
0.000000 0.000000 0.000000 0.000000 0.000000 0.000000 0.000000 0.000000 0.000000 0.000000 0.934854 1.150691 1.628969 1.798359 2.369768 1.863814 1.372951 1.456919 0.000000 0.000000 0.000000 0.000000 0.000000 0.000000 0.000000 0.000000 0.000000 0.000000 0.000000 0.000000 0.000000 
0.000000 0.000000 0.000000 0.000000 0.000000 0.000000 0.000000 0.000000 0.000000 0.000000 0.957752 2.325441 3.300787 0.000000 0.904955 0.943139 0.000000 0.000000 0.000000 2.749028 1.825291 0.000000 0.000000 0.000000 0.000000 0.000000 0.000000 0.000000 0.000000 0.000000 0.000000 
0.000000 0.000000 0.000000 0.000000 0.000000 0.000000 0.000000 0.000000 0.000000 0.000000 0.000000 2.342827 0.000000 0.000000 0.000000 0.000000 0.000000 0.000000 0.000000 2.578078 1.716067 0.000000 0.000000 0.000000 0.000000 0.000000 0.000000 0.000000 0.000000 0.000000 0.000000 
0.000000 0.000000 0.000000 0.000000 0.000000 0.000000 0.000000 0.000000 0.000000 0.000000 0.000000 0.000000 0.000000 0.000000 2.415784 1.434571 1.407232 0.000000 0.000000 0.000000 0.000000 0.000000 0.000000 0.000000 0.000000 0.000000 0.000000 0.000000 0.000000 0.000000 0.000000 
0.000000 0.000000 0.000000 0.000000 0.000000 0.000000 0.000000 0.000000 0.000000 0.000000 0.000000 0.000000 2.140075 2.313559 2.089059 1.888504 2.217736 1.498139 0.000000 0.000000 0.000000 0.000000 0.000000 0.000000 0.000000 0.000000 0.000000 0.000000 0.000000 0.000000 0.000000 
0.000000 0.000000 0.000000 0.000000 0.000000 0.000000 0.000000 0.000000 0.000000 0.000000 0.000000 0.000000 0.000000 0.000000 0.000000 3.224639 2.310516 0.000000 0.000000 0.000000 0.000000 0.000000 0.000000 0.000000 0.000000 0.000000 0.000000 0.000000 0.000000 0.000000 0.000000 
0.000000 0.000000 0.000000 0.000000 0.000000 0.000000 0.000000 0.000000 0.000000 0.000000 0.000000 0.000000 0.000000 0.000000 2.914454 2.452035 0.000000 0.000000 0.000000 0.000000 0.000000 0.000000 0.000000 0.000000 0.000000 0.000000 0.000000 0.000000 0.000000 0.000000 0.000000 
0.000000 0.000000 0.000000 0.000000 0.000000 0.000000 0.000000 0.000000 0.000000 0.000000 0.000000 0.000000 0.000000 2.419711 0.000000 2.113827 0.000000 0.000000 0.000000 0.000000 0.000000 0.000000 0.000000 0.000000 0.000000 0.000000 0.000000 0.000000 0.000000 0.000000 0.000000 
0.000000 0.000000 0.000000 0.000000 0.000000 0.000000 0.000000 0.000000 0.000000 0.000000 0.000000 0.000000 0.000000 1.707365 0.000000 0.000000 0.000000 0.000000 0.000000 0.000000 0.000000 0.000000 0.000000 0.000000 0.000000 0.000000 0.000000 0.000000 0.000000 0.000000 0.000000 
0.000000 0.000000 0.000000 0.000000 0.000000 0.000000 0.000000 0.000000 0.000000 0.000000 0.000000 0.000000 0.000000 0.000000 0.000000 0.000000 0.000000 0.000000 0.000000 0.000000 0.000000 0.000000 0.000000 0.000000 0.000000 0.000000 0.000000 0.000000 0.000000 0.000000 0.000000 
0.000000 0.000000 0.000000 0.000000 0.000000 0.000000 0.000000 0.000000 0.000000 0.000000 0.000000 0.000000 0.000000 0.000000 0.000000 0.000000 0.000000 0.000000 0.000000 0.000000 0.000000 0.000000 0.000000 0.000000 0.000000 0.000000 0.000000 0.000000 0.000000 0.000000 0.000000 
0.000000 0.000000 0.000000 0.000000 0.000000 0.000000 0.000000 0.000000 0.000000 0.000000 0.000000 0.000000 0.000000 0.000000 0.000000 0.000000 0.000000 0.000000 0.000000 0.000000 0.000000 0.000000 0.000000 0.000000 0.000000 0.000000 0.000000 0.000000 0.000000 0.000000 0.000000 
0.000000 0.000000 0.000000 0.000000 0.000000 0.000000 0.000000 0.000000 0.000000 0.000000 0.000000 0.000000 0.000000 0.000000 0.000000 0.000000 0.000000 0.000000 0.000000 0.000000 0.000000 0.000000 0.000000 0.000000 0.000000 0.000000 0.000000 0.000000 0.000000 0.000000 0.000000 

X-4
0.000000 0.000000 0.000000 0.000000 0.000000 0.000000 0.000000 0.000000 0.000000 0.000000 0.000000 0.000000 0.000000 0.000000 0.000000 0.000000 0.000000 0.000000 0.000000 0.000000 0.000000 0.000000 0.000000 0.000000 0.000000 0.000000 0.000000 0.000000 0.000000 0.000000 0.000000 
0.000000 0.000000 0.000000 0.000000 0.000000 0.000000 0.000000 0.000000 0.000000 0.000000 0.000000 0.000000 0.000000 0.000000 0.000000 0.000000 0.000000 0.000000 0.000000 0.000000 0.000000 0.000000 0.000000 0.000000 0.000000 0.000000 0.000000 0.000000 0.000000 0.000000 0.000000 
0.000000 0.000000 0.000000 0.000000 0.000000 0.000000 0.000000 0.000000 0.000000 0.000000 0.000000 0.000000 0.000000 0.000000 0.000000 0.000000 0.000000 0.000000 0.000000 0.000000 0.000000 0.000000 0.000000 0.000000 0.000000 0.000000 0.000000 0.000000 0.000000 0.000000 0.000000 
0.000000 0.000000 0.000000 0.000000 0.000000 0.000000 0.000000 0.000000 0.000000 0.000000 0.000000 0.000000 0.000000 0.000000 0.000000 0.000000 0.000000 0.000000 0.000000 0.000000 0.000000 0.000000 0.000000 0.000000 0.000000 0.000000 0.000000 0.000000 0.000000 0.000000 0.000000 
0.000000 0.000000 0.000000 0.000000 0.000000 0.000000 0.000000 0.000000 0.000000 0.000000 0.000000 0.000000 0.000000 0.000000 0.000000 0.000000 0.000000 0.000000 0.000000 0.000000 0.000000 0.000000 0.000000 0.000000 0.000000 0.000000 0.000000 0.000000 0.000000 0.000000 0.000000 
0.000000 0.000000 0.000000 0.000000 0.000000 0.000000 0.000000 0.000000 0.000000 0.000000 0.000000 0.000000 0.000000 0.000000 0.000000 0.000000 0.000000 0.000000 0.000000 0.000000 0.000000 0.000000 0.000000 0.000000 0.000000 0.000000 0.000000 0.000000 0.000000 0.000000 0.000000 
0.000000 0.000000 0.000000 0.000000 0.000000 0.000000 0.000000 0.000000 0.000000 0.000000 0.000000 0.000000 0.000000 0.000000 0.000000 0.000000 0.000000 0.000000 0.000000 0.000000 0.000000 0.000000 0.000000 0.000000 0.000000 0.000000 0.000000 0.000000 0.000000 0.000000 0.000000 
0.000000 0.000000 0.000000 0.000000 0.000000 0.000000 0.000000 0.000000 0.000000 0.000000 0.000000 0.000000 0.000000 0.000000 0.000000 0.000000 0.000000 0.000000 0.000000 0.000000 0.000000 0.000000 0.000000 0.000000 0.000000 0.000000 0.000000 0.000000 0.000000 0.000000 0.000000 
0.000000 0.000000 0.000000 0.000000 0.000000 0.000000 0.000000 0.000000 1.538801 2.124610 0.000000 0.000000 0.000000 0.000000 0.000000 0.000000 0.000000 0.000000 0.000000 1.383179 1.182902 1.180043 0.286160 0.000000 0.000000 0.000000 0.000000 0.000000 0.000000 0.000000 0.000000 
0.000000 0.000000 0.000000 0.000000 0.000000 0.000000 0.000000 0.000000 1.723697 2.054875 2.026289 0.000000 2.833438 3.065273 0.000000 0.000000 0.000000 0.000000 2.756700 2.151293 2.038614 2.067002 1.247197 0.000000 0.000000 0.000000 0.000000 0.000000 0.000000 0.000000 0.000000 
0.000000 0.000000 0.000000 0.000000 0.000000 0.000000 0.000000 0.620555 0.953069 0.000000 1.725026 2.182543 2.360089 2.528153 0.000000 2.269888 0.000000 2.231426 2.248880 2.304315 2.209077 0.000000 0.389010 1.333002 0.000000 0.000000 0.000000 0.000000 0.000000 0.000000 0.000000 
0.000000 0.000000 0.000000 0.000000 0.000000 0.000000 0.000000 0.000000 0.000000 1.801533 1.524815 2.591484 2.736614 2.487482 2.134000 2.134609 1.804257 2.832189 1.812576 2.085152 0.000000 2.068901 0.000000 0.974619 2.222954 0.000000 0.000000 0.000000 0.000000 0.000000 0.000000 
0.000000 0.000000 0.000000 0.000000 0.000000 0.000000 0.000000 0.000000 0.000000 1.156418 0.000000 2.325698 2.136287 2.539313 2.702460 2.421802 3.043402 2.127204 0.000000 2.539012 2.817485 2.181865 1.120555 0.000000 0.000000 0.000000 0.000000 0.000000 0.000000 0.000000 0.000000 
0.000000 0.000000 0.000000 0.000000 0.000000 0.000000 0.000000 0.000000 0.000000 0.000000 0.000000 1.577673 2.364433 0.000000 2.003627 1.940573 2.537313 1.610562 1.262968 0.000000 2.294235 0.000000 0.000000 0.000000 0.000000 0.000000 0.000000 0.000000 0.000000 0.000000 0.000000 
0.000000 0.000000 0.000000 0.000000 0.000000 0.000000 0.000000 0.000000 0.000000 0.000000 1.017557 1.444354 1.819003 2.031182 2.245742 1.994379 2.410897 1.263952 0.000000 0.000000 0.000000 1.852276 0.000000 0.000000 0.000000 0.000000 0.000000 0.000000 0.000000 0.000000 0.000000 
0.000000 0.000000 0.000000 0.000000 0.000000 0.000000 0.000000 0.000000 0.000000 0.000000 1.003365 0.000000 1.635573 2.023439 2.022824 2.191274 2.099255 0.000000 0.000000 0.000000 0.000000 0.000000 0.000000 0.000000 0.000000 0.000000 0.000000 0.000000 0.000000 0.000000 0.000000 
0.000000 0.000000 0.000000 0.000000 0.000000 0.000000 0.000000 0.000000 0.000000 0.000000 1.126507 0.000000 2.215704 1.146114 1.567742 0.000000 1.198439 0.000000 0.000000 1.845872 2.189864 1.378699 0.000000 0.000000 0.000000 0.000000 0.000000 0.000000 0.000000 0.000000 0.000000 
0.000000 0.000000 0.000000 0.000000 0.000000 0.000000 0.000000 0.000000 0.000000 0.000000 0.000000 0.000000 0.000000 0.000000 1.043075 1.013409 0.875197 0.000000 0.000000 0.000000 1.870729 0.000000 0.000000 0.000000 0.000000 1.034812 0.000000 0.000000 0.000000 0.000000 0.000000 
0.000000 0.000000 0.000000 0.000000 0.000000 0.000000 0.000000 0.000000 0.000000 0.000000 0.000000 0.000000 2.404644 2.174094 1.888643 1.756324 2.145851 0.000000 0.000000 0.000000 1.118702 0.000000 0.000000 0.000000 0.000000 2.763927 1.025759 0.000000 0.000000 0.000000 0.000000 
0.000000 0.000000 0.000000 0.000000 0.000000 0.000000 0.000000 0.000000 0.000000 0.000000 0.000000 0.000000 0.000000 2.762356 1.943829 2.267442 1.802565 0.000000 0.000000 0.000000 1.089072 0.000000 0.000000 0.000000 0.000000 3.034841 1.585935 0.000000 0.000000 0.000000 0.000000 
0.000000 0.000000 0.000000 0.000000 0.000000 0.000000 0.000000 0.000000 0.000000 0.000000 0.000000 0.000000 2.158952 2.240277 3.489217 3.014149 2.195304 1.528497 0.000000 0.000000 0.000000 0.000000 0.000000 0.000000 0.000000 0.000000 0.000000 1.293200 0.000000 0.000000 0.000000 
0.000000 0.000000 0.000000 0.000000 0.000000 0.000000 0.000000 0.000000 0.000000 0.000000 0.000000 0.000000 0.000000 0.000000 3.550258 2.094089 2.140521 1.897059 1.934669 0.000000 0.000000 0.000000 0.000000 0.000000 0.000000 0.000000 0.000000 2.045373 1.635951 0.000000 0.000000 
0.000000 0.000000 0.000000 0.000000 0.000000 0.000000 0.000000 0.000000 0.000000 0.000000 0.000000 0.000000 2.954900 2.742828 0.000000 2.601680 2.285808 1.853570 0.000000 0.000000 0.000000 0.000000 0.000000 0.000000 0.000000 0.000000 0.000000 0.000000 0.873377 0.000000 0.000000 
0.000000 0.000000 0.000000 0.000000 0.000000 0.000000 0.000000 0.000000 0.000000 0.000000 1.073670 2.386473 0.000000 0.000000 0.000000 0.000000 0.000000 0.000000 0.000000 0.000000 0.000000 0.000000 0.000000 0.000000 0.000000 0.000000 0.000000 0.000000 0.000000 0.000000 0.000000 
0.000000 0.000000 0.000000 0.000000 0.000000 0.000000 0.000000 0.000000 0.564578 0.000000 0.622386 1.264842 2.462066 0.000000 0.000000 0.000000 0.000000 0.000000 0.000000 0.000000 0.000000 0.000000 0.000000 0.000000 0.000000 0.000000 0.000000 0.000000 0.000000 0.000000 0.000000 
0.000000 0.000000 0.000000 0.000000 0.000000 0.000000 0.000000 0.000000 0.000000 0.000000 0.310666 1.216212 0.000000 0.000000 0.000000 0.000000 0.000000 0.000000 0.000000 0.000000 0.000000 0.000000 0.000000 0.000000 0.000000 0.000000 0.000000 0.000000 0.000000 0.000000 0.000000 
0.000000 0.000000 0.000000 0.000000 0.000000 0.000000 0.000000 0.000000 0.000000 0.000000 0.000000 0.000000 0.000000 0.000000 0.000000 0.000000 0.000000 0.000000 0.000000 0.000000 0.000000 0.000000 0.000000 0.000000 0.000000 0.000000 0.000000 0.000000 0.000000 0.000000 0.000000 
0.000000 0.000000 0.000000 0.000000 0.000000 0.000000 0.000000 0.000000 0.000000 0.000000 0.000000 0.000000 0.000000 0.000000 0.000000 0.000000 0.000000 0.000000 0.000000 0.000000 0.000000 0.000000 0.000000 0.000000 0.000000 0.000000 0.000000 0.000000 0.000000 0.000000 0.000000 

X-5
0.000000 0.000000 0.000000 0.000000 0.000000 0.000000 0.000000 0.000000 0.000000 0.000000 0.000000 0.000000 0.000000 0.000000 0.000000 0.000000 0.000000 0.000000 0.000000 0.000000 0.000000 0.000000 0.000000 0.000000 0.000000 0.000000 0.000000 0.000000 0.000000 0.000000 0.000000 
0.000000 0.000000 0.000000 0.000000 0.000000 0.000000 0.000000 0.000000 0.000000 0.000000 0.000000 0.000000 0.000000 0.000000 0.000000 0.000000 0.000000 0.000000 0.000000 0.000000 0.000000 0.000000 0.000000 0.000000 0.000000 0.000000 0.000000 0.000000 0.000000 0.000000 0.000000 
0.000000 0.000000 0.000000 0.000000 0.000000 0.000000 0.000000 0.000000 0.000000 0.000000 0.000000 0.000000 0.000000 0.000000 0.000000 0.000000 0.000000 0.000000 0.000000 0.000000 0.000000 0.000000 0.000000 0.000000 0.000000 0.000000 0.000000 0.000000 0.000000 0.000000 0.000000 
0.000000 0.000000 0.000000 0.000000 0.000000 0.000000 0.000000 0.000000 0.000000 0.000000 0.000000 0.000000 0.000000 0.000000 0.000000 0.000000 0.000000 0.000000 0.000000 0.000000 0.000000 0.000000 0.000000 0.000000 0.000000 0.000000 0.000000 0.000000 0.000000 0.000000 0.000000 
0.000000 0.000000 0.000000 0.000000 0.000000 0.000000 0.000000 0.000000 0.000000 0.000000 0.000000 0.000000 0.000000 0.000000 0.000000 0.000000 0.000000 0.000000 0.000000 0.000000 0.000000 0.000000 0.000000 0.000000 0.000000 0.000000 0.000000 0.000000 0.000000 0.000000 0.000000 
0.000000 0.000000 0.000000 0.000000 0.000000 0.000000 0.000000 0.000000 0.000000 0.000000 0.000000 0.000000 0.000000 0.000000 0.000000 0.000000 0.000000 0.000000 0.000000 0.000000 0.000000 0.000000 0.000000 0.000000 0.000000 0.000000 0.000000 0.000000 0.000000 0.000000 0.000000 
0.000000 0.000000 0.000000 0.000000 0.000000 0.000000 0.000000 0.000000 0.000000 0.000000 0.000000 0.000000 0.000000 0.000000 0.000000 0.000000 0.000000 0.000000 0.000000 0.000000 0.000000 0.000000 0.000000 0.000000 0.000000 0.000000 0.000000 0.000000 0.000000 0.000000 0.000000 
0.000000 0.000000 0.000000 0.000000 0.000000 0.000000 0.000000 0.000000 0.000000 0.000000 0.000000 0.000000 0.000000 0.000000 0.000000 0.000000 0.000000 0.000000 0.000000 0.000000 0.000000 0.000000 0.000000 0.000000 0.000000 0.000000 0.000000 0.000000 0.000000 0.000000 0.000000 
0.000000 0.000000 0.000000 0.000000 0.000000 0.000000 0.000000 0.000000 1.613483 2.220906 2.916682 2.496143 2.805215 0.000000 0.000000 0.000000 0.000000 0.000000 0.000000 0.000000 1.314263 0.000000 0.000000 0.000000 0.000000 0.000000 0.000000 0.000000 0.000000 0.000000 0.000000 
0.000000 0.000000 0.000000 0.000000 0.000000 0.000000 0.000000 1.109732 2.167482 2.009390 2.649516 2.163814 2.812808 2.610001 2.970523 2.229620 0.000000 0.000000 2.421320 2.738961 1.553778 0.888071 1.345317 0.000000 0.000000 0.000000 0.000000 0.000000 0.000000 0.000000 0.000000 
0.000000 0.000000 0.000000 0.000000 0.000000 0.000000 0.000000 1.232594 1.207953 1.931427 2.196168 2.231064 2.343184 0.000000 2.517418 2.517418 2.543072 2.467618 2.284829 2.794223 2.607897 2.194534 1.051827 1.393178 0.000000 0.000000 0.000000 0.000000 0.000000 0.000000 0.000000 
0.000000 0.000000 0.000000 0.000000 0.000000 0.000000 0.000000 0.000000 1.437680 1.602118 1.967694 2.559866 2.823564 1.958575 2.121235 2.627728 1.804257 2.381698 2.166487 2.256011 2.342680 2.575036 1.827226 0.000000 0.000000 0.000000 0.000000 0.000000 0.000000 0.000000 0.000000 
0.000000 0.000000 0.000000 0.000000 0.000000 0.000000 0.000000 0.000000 1.512301 1.481161 1.517688 2.577672 2.040477 2.389488 2.253026 2.385787 2.323791 2.798736 2.465399 1.894631 2.456013 2.425464 1.872470 0.000000 0.000000 0.000000 0.000000 0.000000 0.000000 0.000000 0.000000 
0.000000 0.000000 0.000000 0.000000 0.000000 0.000000 0.000000 0.000000 0.000000 0.000000 0.000000 2.314778 2.166666 2.342736 2.237076 2.615007 2.169060 2.599231 2.279305 2.494199 2.222323 2.859530 2.487338 1.194678 0.000000 0.000000 0.000000 0.000000 0.000000 0.000000 0.000000 
0.000000 0.000000 0.000000 0.000000 0.000000 0.000000 0.000000 0.000000 0.000000 0.000000 0.000000 1.617739 2.055868 1.917585 1.703809 2.004183 2.097607 0.737345 0.000000 0.000000 1.818242 2.642818 2.099256 0.443022 0.000000 0.000000 0.000000 0.000000 0.000000 0.000000 0.000000 
0.000000 0.000000 0.000000 0.000000 0.000000 0.000000 0.000000 0.000000 0.000000 0.000000 0.000000 1.398540 1.845544 2.485756 1.902474 0.000000 1.737902 1.196922 0.000000 1.636280 1.490376 2.167478 1.830733 0.000000 0.000000 0.000000 0.000000 0.000000 0.000000 0.000000 0.000000 
0.000000 0.000000 0.000000 0.000000 0.000000 0.000000 0.000000 0.000000 0.000000 0.000000 0.000000 1.171217 1.430591 2.247197 1.545016 0.000000 0.000000 0.000000 0.000000 1.237059 1.909877 1.722181 1.725732 0.000000 0.000000 0.000000 0.000000 0.000000 0.000000 0.000000 0.000000 
0.000000 0.000000 0.000000 0.000000 0.000000 0.000000 0.000000 0.000000 0.000000 0.000000 0.000000 0.000000 0.000000 1.125632 1.170452 1.172586 1.658314 1.754854 0.000000 0.000000 1.799890 0.000000 0.000000 0.000000 0.000000 1.243896 1.072193 0.000000 0.000000 0.000000 0.000000 
0.000000 0.000000 0.000000 0.000000 0.000000 0.000000 0.000000 0.000000 0.000000 0.000000 0.000000 0.000000 0.000000 1.504767 1.299887 1.744357 2.273636 0.000000 0.000000 1.938641 1.044472 0.000000 0.000000 0.000000 0.000000 1.168878 0.742723 0.000000 0.000000 0.000000 0.000000 
0.000000 0.000000 0.000000 0.000000 0.000000 0.000000 0.000000 0.000000 0.000000 0.000000 0.000000 0.000000 2.554697 2.555415 2.083204 2.168175 2.816960 1.933749 0.000000 0.000000 0.000000 0.000000 0.000000 0.000000 0.000000 1.386061 1.289637 1.069597 0.000000 0.000000 0.000000 
0.000000 0.000000 0.000000 0.000000 0.000000 0.000000 0.000000 0.000000 0.000000 0.000000 0.000000 0.000000 2.175113 2.672770 2.639078 2.508904 1.982020 1.889641 0.000000 0.000000 0.000000 0.000000 0.000000 0.000000 0.000000 1.528019 1.065730 1.588527 1.278773 0.000000 0.000000 
0.000000 0.000000 0.000000 0.000000 0.000000 0.000000 0.000000 0.000000 0.000000 1.449783 2.429691 2.540661 0.000000 3.403655 3.430230 2.566158 0.000000 0.000000 0.000000 0.000000 0.000000 0.000000 0.000000 0.000000 0.000000 0.965080 0.000000 0.000000 0.000000 0.000000 0.000000 
0.000000 0.000000 0.000000 0.000000 0.000000 0.000000 0.000000 0.000000 0.000000 1.169704 2.308349 2.972472 3.249978 2.858732 2.363851 2.784352 0.000000 0.000000 0.000000 0.000000 0.000000 0.000000 0.000000 0.000000 0.000000 0.423582 0.000000 0.000000 0.000000 0.000000 0.000000 
0.000000 0.000000 0.000000 0.000000 0.000000 0.000000 0.000000 0.000000 0.000000 1.033807 1.334549 2.497301 2.636293 2.063477 0.000000 0.000000 0.000000 0.000000 0.000000 0.000000 0.000000 0.000000 0.000000 0.000000 0.000000 0.000000 0.000000 0.000000 0.000000 0.000000 0.000000 
0.000000 0.000000 0.000000 0.000000 0.000000 0.000000 0.000000 0.000000 0.414131 0.855514 1.203820 1.993820 2.149210 0.000000 0.000000 0.000000 0.000000 0.000000 0.000000 0.000000 0.000000 0.000000 0.000000 0.000000 0.000000 0.000000 0.000000 0.000000 0.000000 0.000000 0.000000 
0.000000 0.000000 0.000000 0.000000 0.000000 0.000000 0.000000 0.000000 0.000000 0.000000 0.000000 0.000000 0.000000 0.000000 0.000000 0.000000 0.000000 0.000000 0.000000 0.000000 0.000000 0.000000 0.000000 0.000000 0.000000 0.000000 0.000000 0.000000 0.000000 0.000000 0.000000 
0.000000 0.000000 0.000000 0.000000 0.000000 0.000000 0.000000 0.000000 0.000000 0.000000 0.000000 0.000000 0.000000 0.000000 0.000000 0.000000 0.000000 0.000000 0.000000 0.000000 0.000000 0.000000 0.000000 0.000000 0.000000 0.000000 0.000000 0.000000 0.000000 0.000000 0.000000 
0.000000 0.000000 0.000000 0.000000 0.000000 0.000000 0.000000 0.000000 0.000000 0.000000 0.000000 0.000000 0.000000 0.000000 0.000000 0.000000 0.000000 0.000000 0.000000 0.000000 0.000000 0.000000 0.000000 0.000000 0.000000 0.000000 0.000000 0.000000 0.000000 0.000000 0.000000 

X-6
0.000000 0.000000 0.000000 0.000000 0.000000 0.000000 0.000000 0.000000 0.000000 0.000000 0.000000 0.000000 0.000000 0.000000 0.000000 0.000000 0.000000 0.000000 0.000000 0.000000 0.000000 0.000000 0.000000 0.000000 0.000000 0.000000 0.000000 0.000000 0.000000 0.000000 0.000000 
0.000000 0.000000 0.000000 0.000000 0.000000 0.000000 0.000000 0.000000 0.000000 0.000000 0.000000 0.000000 0.000000 0.000000 0.000000 0.000000 0.000000 0.000000 0.000000 0.000000 0.000000 0.000000 0.000000 0.000000 0.000000 0.000000 0.000000 0.000000 0.000000 0.000000 0.000000 
0.000000 0.000000 0.000000 0.000000 0.000000 0.000000 0.000000 0.000000 0.000000 0.000000 0.000000 0.000000 0.000000 0.000000 0.000000 0.000000 0.000000 0.000000 0.000000 0.000000 0.000000 0.000000 0.000000 0.000000 0.000000 0.000000 0.000000 0.000000 0.000000 0.000000 0.000000 
0.000000 0.000000 0.000000 0.000000 0.000000 0.000000 0.000000 0.000000 0.000000 0.000000 0.000000 0.000000 0.000000 0.000000 0.000000 0.000000 0.000000 0.000000 0.000000 0.000000 0.000000 0.000000 0.000000 0.000000 0.000000 0.000000 0.000000 0.000000 0.000000 0.000000 0.000000 
0.000000 0.000000 0.000000 0.000000 0.000000 0.000000 0.000000 0.000000 0.000000 0.000000 0.000000 0.000000 0.000000 0.000000 0.000000 0.000000 0.000000 0.000000 0.000000 0.000000 0.000000 0.000000 0.000000 0.000000 0.000000 0.000000 0.000000 0.000000 0.000000 0.000000 0.000000 
0.000000 0.000000 0.000000 0.000000 0.000000 0.000000 0.000000 0.000000 0.000000 0.000000 0.000000 0.000000 0.000000 0.000000 0.000000 0.000000 0.000000 0.000000 0.000000 0.000000 0.000000 0.000000 0.000000 0.000000 0.000000 0.000000 0.000000 0.000000 0.000000 0.000000 0.000000 
0.000000 0.000000 0.000000 0.000000 0.000000 0.000000 0.000000 0.000000 0.000000 0.000000 0.000000 0.000000 0.000000 0.000000 0.000000 0.000000 0.000000 0.000000 0.000000 0.000000 0.000000 0.000000 0.000000 0.000000 0.000000 0.000000 0.000000 0.000000 0.000000 0.000000 0.000000 
0.000000 0.000000 0.000000 0.000000 0.000000 0.000000 0.000000 0.000000 0.000000 0.000000 0.000000 0.000000 0.000000 0.000000 0.000000 0.000000 0.000000 0.000000 0.000000 0.000000 0.000000 0.000000 0.000000 0.000000 0.000000 0.000000 0.000000 0.000000 0.000000 0.000000 0.000000 
0.000000 0.000000 0.000000 0.000000 0.000000 0.000000 0.000000 0.917629 1.644862 1.822949 1.951553 0.000000 2.599415 0.000000 0.000000 0.000000 2.049609 1.976533 0.000000 0.000000 0.000000 0.000000 0.000000 0.000000 0.000000 0.000000 0.000000 0.000000 0.000000 0.000000 0.000000 
0.000000 0.000000 0.000000 0.000000 0.000000 0.000000 0.000000 1.043512 2.518533 2.184992 2.494947 2.563482 2.473791 2.570643 2.482415 2.189829 2.466463 1.904091 2.006123 1.845532 1.924227 0.000000 0.000000 0.000000 0.000000 0.000000 0.000000 0.000000 0.000000 0.000000 0.000000 
0.000000 0.000000 0.000000 0.000000 0.000000 0.000000 0.883148 1.408818 1.695593 1.957219 1.932091 2.456171 2.301820 2.610473 2.008795 2.113235 2.383648 2.634354 2.240588 3.056799 2.060021 1.706204 2.039399 0.000000 0.000000 0.000000 0.000000 0.000000 0.000000 0.000000 0.000000 
0.000000 0.000000 0.000000 0.000000 0.000000 0.000000 0.000000 0.821448 1.526834 1.488089 2.648865 2.918252 0.000000 2.239444 2.394075 2.504896 2.417047 2.301878 2.382925 2.313033 2.708156 1.915045 2.200625 0.000000 0.000000 0.000000 0.000000 0.000000 0.000000 0.000000 0.000000 
0.000000 0.000000 0.000000 0.000000 0.000000 0.000000 0.000000 0.000000 1.566858 1.769033 2.855226 2.471292 2.587694 2.017028 1.953301 2.449181 2.216828 2.035103 2.180862 1.812576 2.282765 2.613714 2.811527 0.000000 0.000000 0.000000 0.000000 0.000000 0.000000 0.000000 0.000000 
0.000000 0.000000 0.000000 0.000000 0.000000 0.000000 0.000000 0.000000 0.000000 0.000000 2.007435 2.359357 1.959159 2.096030 2.307572 2.612049 2.335576 2.610719 2.440820 1.889791 1.974832 2.350605 3.115054 0.000000 0.000000 0.000000 0.000000 0.000000 0.000000 0.000000 0.000000 
0.000000 0.000000 0.000000 0.000000 0.000000 0.000000 0.000000 0.000000 0.000000 0.000000 0.000000 0.000000 1.945289 1.748802 1.817905 2.238246 1.787835 0.000000 2.939987 1.742884 1.863577 2.664293 2.631485 1.009132 0.000000 0.000000 0.000000 0.000000 0.000000 0.000000 0.000000 
0.000000 0.000000 0.000000 0.000000 0.000000 0.000000 0.000000 0.000000 0.000000 0.000000 0.000000 0.000000 1.514869 2.078137 1.977103 2.244770 0.000000 2.965592 2.441443 1.760570 1.707486 2.203212 0.000000 0.000000 0.000000 0.000000 0.000000 0.000000 0.000000 0.000000 0.000000 
0.000000 0.000000 0.000000 0.000000 0.000000 0.000000 0.000000 0.000000 0.000000 0.000000 0.000000 0.000000 1.612662 2.284292 1.929734 0.000000 0.000000 2.021873 1.268108 1.269749 1.691518 2.408111 2.316379 0.000000 0.000000 0.000000 0.000000 0.000000 0.000000 0.000000 0.000000 
0.000000 0.000000 0.000000 0.000000 0.000000 0.000000 0.000000 0.000000 0.000000 0.000000 0.000000 0.000000 0.000000 0.000000 1.168910 1.502432 1.807614 1.811749 1.334036 1.197653 1.068863 1.643393 1.523554 2.145170 0.000000 1.592157 1.046255 0.890582 0.982677 0.000000 0.000000 
0.000000 0.000000 0.000000 0.000000 0.000000 0.000000 0.000000 0.000000 0.000000 0.000000 0.000000 0.000000 0.000000 1.313538 1.534393 1.958310 2.533584 0.000000 0.000000 0.000000 0.000000 1.434327 0.000000 0.000000 1.598314 1.413261 0.852446 0.728859 1.012538 0.000000 0.000000 
0.000000 0.000000 0.000000 0.000000 0.000000 0.000000 0.000000 0.000000 0.000000 0.000000 0.000000 2.209594 1.941183 1.812705 1.928384 2.690563 3.523895 2.420499 0.000000 0.000000 0.000000 0.000000 0.000000 0.000000 1.852920 0.991649 1.053065 1.001722 0.820517 0.000000 0.000000 
0.000000 0.000000 0.000000 0.000000 0.000000 0.000000 0.000000 0.000000 0.000000 0.000000 0.000000 0.000000 2.752970 2.518561 2.954346 1.930535 2.407650 2.098206 0.000000 0.000000 0.000000 0.000000 0.000000 0.000000 0.000000 0.947553 1.353607 0.000000 0.869385 0.000000 0.000000 
0.000000 0.000000 0.000000 0.000000 0.000000 0.000000 0.000000 0.000000 0.754095 1.002466 1.978434 2.465963 2.682303 3.902947 2.772291 2.207291 2.345982 0.000000 0.000000 0.000000 0.000000 0.000000 0.000000 0.000000 0.000000 1.179339 1.743170 0.000000 0.000000 0.000000 0.000000 
0.000000 0.000000 0.000000 0.000000 0.000000 0.000000 0.000000 0.000000 0.000000 1.014371 1.858068 3.860949 3.440331 2.939619 2.145552 2.488770 0.000000 0.000000 0.000000 0.000000 0.000000 0.000000 0.000000 0.000000 0.000000 0.000000 0.000000 0.000000 0.000000 0.000000 0.000000 
0.000000 0.000000 0.000000 0.000000 0.000000 0.000000 0.000000 0.000000 0.538499 1.236906 1.905211 2.711633 2.859027 2.820844 2.546723 2.278117 0.000000 0.000000 0.000000 0.000000 0.000000 0.000000 0.000000 1.413085 0.000000 0.000000 0.000000 0.000000 0.000000 0.000000 0.000000 
0.000000 0.000000 0.000000 0.000000 0.000000 0.000000 0.000000 0.000000 0.380640 0.000000 1.956418 2.307795 2.446987 2.214456 0.000000 0.000000 0.000000 0.000000 0.000000 0.000000 0.000000 0.000000 0.000000 0.000000 0.000000 0.000000 0.000000 0.000000 0.000000 0.000000 0.000000 
0.000000 0.000000 0.000000 0.000000 0.000000 0.000000 0.000000 0.000000 0.000000 0.000000 1.096975 0.000000 1.821068 1.952645 0.000000 0.000000 0.000000 0.000000 0.000000 0.000000 0.000000 0.000000 0.000000 0.000000 0.000000 0.000000 0.000000 0.000000 0.000000 0.000000 0.000000 
0.000000 0.000000 0.000000 0.000000 0.000000 0.000000 0.000000 0.000000 0.000000 0.000000 0.000000 0.000000 0.292233 0.000000 0.000000 0.000000 0.000000 0.000000 0.000000 0.000000 0.000000 0.000000 0.000000 0.000000 0.000000 0.000000 0.000000 0.000000 0.000000 0.000000 0.000000 
0.000000 0.000000 0.000000 0.000000 0.000000 0.000000 0.000000 0.000000 0.000000 0.000000 0.000000 0.000000 0.000000 0.000000 0.000000 0.000000 0.000000 0.000000 0.000000 0.000000 0.000000 0.000000 0.000000 0.000000 0.000000 0.000000 0.000000 0.000000 0.000000 0.000000 0.000000 

X-7
0.000000 0.000000 0.000000 0.000000 0.000000 0.000000 0.000000 0.000000 0.000000 0.000000 0.000000 0.000000 0.000000 0.000000 0.000000 0.000000 0.000000 0.000000 0.000000 0.000000 0.000000 0.000000 0.000000 0.000000 0.000000 0.000000 0.000000 0.000000 0.000000 0.000000 0.000000 
0.000000 0.000000 0.000000 0.000000 0.000000 0.000000 0.000000 0.000000 0.000000 0.000000 0.000000 0.000000 0.000000 0.000000 0.000000 0.000000 0.000000 0.000000 0.000000 0.000000 0.000000 0.000000 0.000000 0.000000 0.000000 0.000000 0.000000 0.000000 0.000000 0.000000 0.000000 
0.000000 0.000000 0.000000 0.000000 0.000000 0.000000 0.000000 0.000000 0.000000 0.000000 0.000000 0.000000 0.000000 0.000000 0.000000 0.000000 0.000000 0.000000 0.000000 0.000000 0.000000 0.000000 0.000000 0.000000 0.000000 0.000000 0.000000 0.000000 0.000000 0.000000 0.000000 
0.000000 0.000000 0.000000 0.000000 0.000000 0.000000 0.000000 0.000000 1.748620 2.089222 0.000000 0.000000 0.000000 0.000000 0.000000 0.000000 0.000000 0.000000 0.000000 0.000000 0.000000 0.000000 0.000000 0.000000 0.000000 0.000000 0.000000 0.000000 0.000000 0.000000 0.000000 
0.000000 0.000000 0.000000 0.000000 0.000000 0.000000 0.000000 1.271431 2.637803 0.000000 0.000000 0.000000 0.000000 0.000000 0.000000 0.000000 0.000000 0.000000 0.000000 0.000000 0.000000 0.000000 0.000000 0.000000 0.000000 0.000000 0.000000 0.000000 0.000000 0.000000 0.000000 
0.000000 0.000000 0.000000 0.000000 0.000000 0.000000 0.000000 0.000000 3.292458 2.143125 0.000000 0.000000 0.000000 0.000000 0.000000 0.000000 0.000000 0.000000 0.000000 0.000000 0.000000 0.000000 0.000000 0.000000 0.000000 0.000000 0.000000 0.000000 0.000000 0.000000 0.000000 
0.000000 0.000000 0.000000 0.000000 0.000000 0.000000 0.000000 0.000000 2.992746 2.339980 1.505386 1.754618 0.000000 0.000000 0.000000 0.000000 0.000000 0.000000 0.000000 0.000000 0.000000 0.000000 0.000000 0.000000 0.000000 0.000000 0.000000 0.000000 0.000000 0.000000 0.000000 
0.000000 0.000000 0.000000 0.000000 0.000000 0.000000 0.000000 0.000000 1.966328 2.244357 0.000000 2.367190 1.772349 1.973360 0.000000 2.376360 0.000000 0.000000 0.000000 0.000000 0.000000 0.000000 0.000000 0.000000 0.000000 0.000000 0.000000 0.000000 0.000000 0.000000 0.000000 
0.000000 0.000000 0.000000 0.000000 0.000000 0.000000 0.628114 1.241325 1.314023 2.071171 0.000000 2.100026 2.175519 2.603363 0.000000 2.613803 2.347605 0.000000 0.000000 0.000000 0.000000 0.000000 0.000000 0.000000 0.000000 0.000000 0.000000 0.000000 0.000000 0.000000 0.000000 
0.000000 0.000000 0.000000 0.000000 0.000000 0.000000 0.000000 1.124539 2.436883 2.849405 2.121895 2.453504 2.751276 3.235691 2.311809 2.343940 2.612378 2.300794 1.907499 2.304471 2.805047 2.177759 1.755345 0.000000 0.000000 0.000000 0.000000 0.000000 0.000000 0.000000 0.000000 
0.000000 0.000000 0.000000 0.000000 0.000000 0.000000 0.000000 0.000000 2.679373 3.022476 2.041653 2.476342 2.348363 2.385950 1.975254 2.121425 2.469288 2.537342 1.737425 2.901234 3.409708 2.255768 1.644299 1.450031 0.000000 0.000000 0.000000 0.000000 0.000000 0.000000 0.000000 
0.000000 0.000000 0.000000 0.000000 0.000000 0.000000 0.000000 1.817388 1.749699 2.200314 2.341600 3.035156 2.079090 2.088740 2.065458 2.549291 2.778437 2.926635 2.794146 2.784351 3.158924 3.066771 0.000000 0.862774 0.000000 0.000000 0.000000 0.000000 0.000000 0.000000 0.000000 
0.000000 0.000000 0.000000 0.000000 0.000000 0.000000 0.000000 0.000000 0.000000 1.467786 2.933163 3.019783 2.753658 2.293842 2.279419 2.405555 2.630703 2.157410 2.391429 2.669723 2.657238 2.818870 2.520286 0.000000 0.000000 0.000000 0.000000 0.000000 0.000000 0.000000 0.000000 
0.000000 0.000000 0.000000 0.000000 0.000000 0.000000 0.000000 0.000000 0.000000 1.648618 2.798019 2.340042 1.774909 1.960534 2.219007 2.300339 2.803634 2.872819 2.830303 2.001719 2.335825 3.145051 3.583756 1.666029 0.902049 0.000000 0.000000 0.000000 0.000000 0.000000 0.000000 
0.000000 0.000000 0.000000 0.000000 0.000000 0.000000 0.000000 0.000000 0.000000 1.467243 2.438668 2.067441 2.233106 1.557487 2.141039 2.158946 2.533028 3.312901 3.446409 1.998609 1.901446 2.934001 3.130445 1.966415 0.930899 1.528324 0.000000 0.000000 0.000000 0.000000 0.000000 
0.000000 0.000000 0.000000 0.000000 0.000000 0.000000 0.000000 0.000000 0.000000 1.011156 1.791721 1.886860 1.446554 1.528886 2.251330 1.343713 1.316934 3.067425 2.267832 1.594131 1.958479 1.995451 2.222613 0.000000 0.000000 0.000000 0.000000 0.000000 0.000000 0.000000 0.000000 
0.000000 0.000000 0.000000 0.000000 0.000000 0.000000 0.000000 0.000000 0.000000 0.000000 1.356631 0.000000 0.000000 0.000000 2.126054 1.143566 1.259054 2.345243 1.581176 1.385449 2.291840 2.225207 2.158788 1.577518 0.000000 0.000000 0.000000 0.000000 0.000000 0.000000 0.000000 
0.000000 0.000000 0.000000 0.000000 0.000000 0.000000 0.000000 0.000000 0.000000 0.000000 0.000000 0.000000 0.000000 0.000000 1.415410 1.548066 1.534982 1.470703 1.376607 1.061453 1.050172 2.060324 2.225080 1.695570 1.858321 1.662386 1.277159 0.888653 1.107808 0.000000 0.000000 
0.000000 0.000000 0.000000 0.000000 0.000000 0.000000 0.000000 0.000000 0.000000 0.000000 0.000000 0.000000 0.000000 0.000000 1.827252 2.396334 2.466038 1.518932 1.281262 0.843260 0.000000 2.198907 0.000000 0.000000 0.000000 1.821846 1.082503 0.791603 0.606271 0.000000 0.000000 
0.000000 0.000000 0.000000 0.000000 0.000000 0.000000 0.000000 0.000000 0.000000 0.000000 0.000000 1.501899 1.001904 1.082201 2.526824 2.813760 3.028164 2.112388 1.358778 0.000000 0.000000 0.000000 0.000000 0.000000 1.783057 1.271665 1.275881 1.191570 1.004448 0.000000 0.000000 
0.000000 0.000000 0.000000 0.000000 0.000000 0.000000 0.000000 0.000000 0.000000 0.000000 0.000000 2.704461 2.229079 2.485478 2.524429 2.644724 2.384455 2.138059 1.280443 0.985407 1.078480 0.000000 0.000000 0.000000 1.893263 1.103127 1.416535 1.144848 1.426138 0.000000 0.000000 
0.000000 0.000000 0.000000 0.000000 0.000000 0.000000 0.000000 1.002269 1.127916 1.507399 2.617732 2.201080 3.722932 4.621067 2.450403 1.974511 2.291469 2.156223 0.000000 1.023402 0.658559 0.000000 0.000000 0.000000 0.000000 1.801146 1.838600 0.000000 0.000000 0.000000 0.000000 
0.000000 0.000000 0.000000 0.000000 0.000000 0.000000 0.000000 1.127343 1.208641 1.774495 2.020344 3.207056 3.617557 4.394806 2.472981 2.539422 2.372364 1.852229 0.000000 0.000000 0.000000 0.000000 0.000000 1.078903 1.049298 1.789946 0.000000 0.000000 0.000000 0.000000 0.000000 
0.000000 0.000000 0.000000 0.000000 0.000000 0.000000 0.000000 0.000000 0.813339 1.566534 2.545820 2.706256 2.822706 2.759008 2.946565 1.906226 1.844789 0.000000 0.000000 0.000000 0.000000 0.000000 0.000000 0.991546 1.806018 1.689673 0.000000 0.000000 0.000000 0.000000 0.000000 
0.000000 0.000000 0.000000 0.000000 0.000000 0.000000 0.000000 0.000000 0.000000 1.373878 2.482819 2.287709 2.361547 2.593077 2.206907 0.000000 0.000000 0.000000 0.000000 0.000000 0.000000 0.000000 0.000000 0.000000 2.054740 0.000000 0.000000 0.000000 0.000000 0.000000 0.000000 
0.000000 0.000000 0.000000 0.000000 0.000000 0.000000 0.000000 0.000000 0.000000 0.554362 1.945485 2.416908 0.000000 1.359992 1.314416 0.000000 0.000000 0.000000 0.000000 0.000000 0.000000 0.000000 0.000000 0.000000 0.000000 0.000000 0.000000 0.000000 0.000000 0.000000 0.000000 
0.000000 0.000000 0.000000 0.000000 0.000000 0.000000 0.000000 0.000000 0.000000 0.000000 0.000000 0.043513 0.000000 0.424045 0.000000 0.000000 0.000000 0.000000 0.000000 0.000000 0.000000 0.000000 0.000000 0.000000 0.000000 0.000000 0.000000 0.000000 0.000000 0.000000 0.000000 
0.000000 0.000000 0.000000 0.000000 0.000000 0.000000 0.000000 0.000000 0.000000 0.000000 0.000000 0.000000 0.000000 0.000000 0.000000 0.000000 0.000000 0.000000 0.000000 0.000000 0.000000 0.000000 0.000000 0.000000 0.000000 0.000000 0.000000 0.000000 0.000000 0.000000 0.000000 

X-8
0.000000 0.000000 0.000000 0.000000 0.000000 0.000000 0.000000 0.000000 0.000000 0.000000 0.000000 0.000000 0.000000 0.000000 0.000000 0.000000 0.000000 0.000000 0.000000 0.000000 0.000000 0.000000 0.000000 0.000000 0.000000 0.000000 0.000000 0.000000 0.000000 0.000000 0.000000 
0.000000 0.000000 0.000000 0.000000 0.000000 0.000000 0.000000 0.000000 0.000000 0.000000 0.000000 0.000000 0.000000 0.000000 0.000000 0.000000 0.000000 0.000000 0.000000 0.000000 0.000000 0.000000 0.000000 0.000000 0.000000 0.000000 0.000000 0.000000 0.000000 0.000000 0.000000 
0.000000 0.000000 0.000000 0.000000 0.000000 0.000000 0.000000 0.000000 0.000000 2.475756 2.111328 1.830883 0.000000 0.000000 0.000000 0.000000 0.000000 0.000000 0.000000 0.000000 0.000000 0.000000 0.000000 0.000000 0.000000 0.000000 0.000000 0.000000 0.000000 0.000000 0.000000 
0.000000 0.000000 0.000000 0.000000 0.000000 0.000000 0.000000 0.000000 0.000000 1.936369 0.000000 1.910008 1.956225 0.000000 0.000000 0.000000 0.000000 0.000000 0.000000 0.000000 0.000000 0.000000 0.000000 0.000000 0.000000 0.000000 0.000000 0.000000 0.000000 0.000000 0.000000 
0.000000 0.000000 0.000000 0.000000 0.000000 0.000000 0.000000 0.000000 1.748620 2.264699 0.000000 2.071228 0.000000 0.000000 0.000000 0.000000 0.000000 0.000000 0.000000 0.000000 0.000000 0.000000 0.000000 0.000000 0.000000 0.000000 0.000000 0.000000 0.000000 0.000000 0.000000 
0.000000 0.000000 0.000000 0.000000 0.000000 0.000000 0.000000 1.934350 0.000000 2.145918 2.410521 0.000000 0.000000 0.000000 0.000000 0.000000 0.000000 0.000000 0.000000 0.000000 0.000000 0.000000 0.000000 0.000000 0.000000 0.000000 0.000000 0.000000 0.000000 0.000000 0.000000 
0.000000 0.000000 0.000000 0.000000 0.000000 0.000000 0.000000 2.511448 2.736418 0.000000 0.000000 1.799362 2.394771 2.019387 1.801468 0.000000 0.000000 0.000000 0.000000 0.000000 0.000000 0.000000 0.000000 0.000000 0.000000 0.000000 0.000000 0.000000 0.000000 0.000000 0.000000 
0.000000 0.000000 0.000000 0.000000 0.000000 0.000000 0.000000 2.491056 2.630185 2.339980 0.000000 2.188014 2.240675 2.072534 1.831862 2.147966 1.762629 0.000000 0.000000 0.000000 0.000000 0.000000 0.000000 0.000000 0.000000 0.000000 0.000000 0.000000 0.000000 0.000000 0.000000 
0.000000 0.000000 0.000000 0.000000 0.000000 0.000000 1.152984 2.001572 2.024968 2.736804 1.905472 0.992845 2.079679 0.000000 2.151489 2.020304 2.092894 0.000000 0.000000 0.000000 0.000000 0.000000 0.000000 0.000000 0.000000 0.000000 0.000000 0.000000 0.000000 0.000000 0.000000 
0.000000 0.000000 0.000000 0.000000 0.000000 0.000000 0.000000 1.156482 2.207884 2.277745 2.316982 1.625519 2.431758 0.000000 2.406271 2.523727 2.796655 2.184176 2.075521 2.819420 3.044166 2.348456 0.000000 0.000000 0.000000 0.000000 0.000000 0.000000 0.000000 0.000000 0.000000 
0.000000 0.000000 0.000000 0.000000 0.000000 0.000000 0.000000 0.000000 2.837778 2.684361 2.445516 2.258408 2.467535 0.000000 2.293304 2.278352 2.445589 2.147566 2.184176 2.856117 3.104405 1.928599 1.574660 0.000000 0.000000 0.000000 0.000000 0.000000 0.000000 0.000000 0.000000 
0.000000 0.000000 0.000000 0.000000 0.000000 0.000000 0.000000 0.000000 2.679199 2.083830 2.126484 2.490111 2.312162 2.014334 2.115856 2.360871 2.420630 2.742171 2.779442 2.319840 2.921574 2.802491 1.758932 1.378429 0.000000 0.000000 0.000000 0.000000 0.000000 0.000000 0.000000 
0.000000 0.000000 0.000000 0.000000 0.000000 0.000000 0.000000 0.000000 0.000000 1.693255 3.007175 3.058059 2.716369 2.140025 2.103309 2.565760 2.684796 3.116613 2.746530 2.708787 3.027334 3.020204 1.956231 0.000000 0.000000 0.000000 0.000000 0.000000 0.000000 0.000000 0.000000 
0.000000 0.000000 0.000000 0.000000 0.000000 0.000000 0.000000 0.000000 0.794200 1.736402 2.406950 3.074207 2.144103 2.108880 2.453161 2.194820 2.306697 2.460490 1.885636 2.452332 2.570102 2.842865 2.547927 2.045507 1.094782 0.000000 0.000000 0.000000 0.000000 0.000000 0.000000 
0.000000 0.000000 0.000000 0.000000 0.000000 0.000000 0.000000 0.000000 0.000000 1.717787 2.718079 1.989693 2.069595 1.937319 1.589705 2.422801 2.708980 2.699769 3.079262 2.404233 2.802849 3.141406 2.297814 0.000000 0.775659 0.690687 0.827861 0.000000 0.000000 0.000000 0.000000 
0.000000 0.000000 0.000000 0.000000 0.000000 0.000000 0.000000 0.000000 0.000000 0.000000 1.778305 0.000000 1.748408 1.860370 1.924368 1.620674 2.666907 3.104682 3.026385 2.452269 2.054798 1.435967 2.487388 2.607790 0.000000 0.000000 0.000000 0.000000 0.000000 0.000000 0.000000 
0.000000 0.000000 0.000000 0.000000 0.000000 0.000000 0.000000 0.000000 0.000000 0.000000 0.000000 0.000000 1.881013 0.000000 1.837711 0.968252 2.601560 2.704759 2.140252 1.866203 2.330574 1.757238 2.207891 2.113279 0.000000 0.000000 1.136682 0.979532 1.129996 0.000000 0.000000 
0.000000 0.000000 0.000000 0.000000 0.000000 0.000000 0.000000 0.000000 0.000000 0.000000 1.279014 0.000000 0.000000 0.000000 1.537744 1.471182 1.762812 1.445101 1.340061 1.374451 1.792666 1.728715 1.886238 1.764185 1.685526 1.420785 1.159044 1.132641 1.100092 0.000000 0.000000 
0.000000 0.000000 0.000000 0.000000 0.000000 1.906182 0.000000 0.000000 0.000000 0.000000 0.000000 0.000000 0.000000 0.000000 1.524745 2.132147 2.025819 1.789244 1.111977 0.725373 1.238962 0.000000 1.982109 1.506021 0.000000 1.786585 1.183838 0.923054 0.887374 0.000000 0.000000 
0.000000 0.000000 0.000000 0.000000 0.000000 0.420228 0.000000 0.000000 0.000000 1.926138 0.000000 0.000000 0.000000 0.786938 2.788988 3.060696 2.353562 2.008790 0.831012 0.000000 1.955390 1.618764 1.005156 1.192606 2.012760 2.270866 1.363316 1.534280 0.000000 0.000000 0.000000 
0.000000 0.000000 0.000000 0.000000 0.000000 0.000000 0.000000 0.564288 1.794386 1.975815 2.382841 2.283655 1.698691 2.012532 2.910586 3.014494 0.000000 1.485148 0.000000 1.216726 1.648387 0.000000 1.619644 0.000000 1.833549 1.724853 1.136232 1.777175 1.352353 0.000000 0.000000 
0.000000 0.000000 0.000000 0.000000 0.000000 0.000000 0.000000 0.530875 1.698577 2.153046 2.667762 1.909908 3.238550 2.680276 2.244954 2.552513 2.160767 1.565807 0.000000 1.006698 1.161216 0.000000 0.000000 0.000000 1.755873 2.054592 0.000000 0.000000 0.000000 0.000000 0.000000 
0.000000 0.000000 0.000000 0.000000 0.000000 0.000000 0.000000 0.910446 1.286062 2.188110 2.278045 2.794038 4.338441 3.148166 2.202898 2.491349 2.000868 0.000000 0.000000 0.000000 0.822668 0.000000 0.000000 1.139922 2.429038 2.233617 0.000000 0.000000 0.000000 0.000000 0.000000 
0.000000 0.000000 0.000000 0.000000 0.000000 0.000000 0.000000 0.239600 1.093079 1.947214 2.576408 2.812843 3.201329 4.004675 2.840344 2.189172 2.097004 0.000000 0.000000 0.000000 0.000000 0.000000 0.000000 1.198358 2.499459 1.937713 0.728413 0.000000 0.000000 0.000000 0.000000 
0.000000 0.000000 0.000000 0.000000 0.000000 0.000000 0.000000 0.000000 0.000000 1.841370 0.000000 2.272085 2.319218 2.753611 2.078689 1.486402 1.663137 0.000000 0.000000 0.000000 0.000000 0.000000 0.000000 1.186616 2.773414 1.588868 0.549198 0.000000 0.000000 0.000000 0.000000 
0.000000 0.000000 0.000000 0.000000 0.000000 0.000000 0.000000 0.000000 0.000000 0.000000 0.000000 2.138696 1.700136 1.108352 0.771101 2.025660 3.070305 0.000000 0.000000 0.000000 0.000000 0.000000 0.000000 0.000000 1.831687 0.000000 0.000000 0.000000 0.000000 0.000000 0.000000 
0.000000 0.000000 0.000000 0.000000 0.000000 0.000000 0.000000 0.000000 0.000000 0.000000 0.000000 0.834315 0.000000 0.000000 0.000000 0.546103 0.293104 0.000000 0.000000 0.000000 0.000000 0.000000 0.000000 0.000000 0.000000 0.000000 0.000000 0.000000 0.000000 0.000000 0.000000 
0.000000 0.000000 0.000000 0.000000 0.000000 0.000000 0.000000 0.000000 0.000000 0.000000 0.000000 0.000000 0.000000 0.000000 0.000000 0.000000 0.000000 0.000000 0.000000 0.000000 0.000000 0.000000 0.000000 0.000000 0.000000 0.000000 0.000000 0.000000 0.000000 0.000000 0.000000 

X-9
0.000000 0.000000 0.000000 0.000000 0.000000 0.000000 0.000000 0.000000 0.000000 0.000000 0.000000 0.000000 0.000000 0.000000 0.000000 0.000000 0.000000 0.000000 0.000000 0.000000 0.000000 0.000000 0.000000 0.000000 0.000000 0.000000 0.000000 0.000000 0.000000 0.000000 0.000000 
0.000000 0.000000 0.000000 0.000000 0.000000 0.000000 0.000000 0.000000 0.000000 0.000000 0.000000 0.000000 0.000000 0.000000 0.000000 0.000000 0.000000 0.000000 0.000000 0.000000 0.000000 0.000000 0.000000 0.000000 0.000000 0.000000 0.000000 0.000000 0.000000 0.000000 0.000000 
0.000000 0.000000 0.000000 0.000000 0.000000 0.000000 2.139268 0.000000 0.000000 2.475756 1.508797 1.786863 0.000000 0.000000 0.000000 0.000000 0.000000 0.000000 0.000000 0.000000 0.000000 0.000000 0.000000 0.000000 0.000000 0.000000 0.000000 0.000000 0.000000 0.000000 0.000000 
0.000000 0.000000 0.000000 0.000000 0.000000 0.000000 0.000000 0.000000 2.475756 2.475756 0.000000 1.910008 1.811085 0.000000 0.000000 0.000000 0.000000 0.000000 0.000000 0.000000 0.000000 0.000000 0.000000 0.000000 0.000000 0.000000 0.000000 0.000000 0.000000 0.000000 0.000000 
0.000000 0.000000 0.000000 0.000000 0.000000 0.000000 0.000000 0.000000 0.000000 2.304503 0.000000 0.000000 0.000000 0.000000 0.000000 1.697396 0.000000 0.000000 0.000000 0.000000 0.000000 0.000000 0.000000 0.000000 0.000000 0.000000 0.000000 0.000000 0.000000 0.000000 0.000000 
0.000000 0.000000 0.000000 0.000000 0.000000 0.000000 0.000000 0.000000 2.697937 2.225916 2.410521 2.230344 2.071228 0.000000 0.000000 0.000000 0.000000 0.000000 0.000000 0.000000 0.000000 0.000000 0.000000 0.000000 0.000000 0.000000 0.000000 0.000000 0.000000 0.000000 0.000000 
0.000000 0.000000 0.000000 0.000000 0.000000 0.000000 0.000000 0.000000 2.682167 0.000000 0.000000 0.000000 0.000000 0.000000 0.000000 0.000000 0.000000 0.000000 0.000000 0.000000 0.000000 0.000000 0.000000 0.000000 0.000000 0.000000 0.000000 0.000000 0.000000 0.000000 0.000000 
0.000000 0.000000 0.000000 0.000000 0.000000 0.000000 0.000000 0.000000 2.143125 0.000000 0.000000 2.879292 1.880930 1.947692 2.159290 2.096454 1.833906 0.000000 0.000000 0.000000 0.000000 0.000000 0.000000 0.000000 0.000000 0.000000 0.000000 0.000000 0.000000 0.000000 0.000000 
0.000000 0.000000 0.000000 0.000000 0.000000 0.000000 0.000000 3.154219 2.367570 0.000000 0.000000 2.219468 1.869319 2.016878 2.102358 1.738862 1.791839 0.000000 0.000000 0.000000 0.000000 0.000000 0.000000 0.000000 0.000000 0.000000 0.000000 0.000000 0.000000 0.000000 0.000000 
0.000000 0.000000 0.000000 0.000000 0.000000 0.000000 0.000000 1.330452 2.326851 2.730724 0.000000 1.750958 0.000000 2.305084 2.198377 2.124934 2.494319 0.000000 2.435936 0.000000 0.000000 0.000000 0.000000 0.000000 0.000000 0.000000 0.000000 0.000000 0.000000 0.000000 0.000000 
0.000000 0.000000 0.000000 0.000000 0.000000 0.000000 0.000000 0.000000 1.694526 2.209770 2.601150 2.738463 2.553136 2.224703 2.451241 2.362159 2.488073 2.082487 3.009007 3.108864 2.771016 2.362730 1.778179 0.000000 0.000000 0.000000 0.000000 0.000000 0.000000 0.000000 0.000000 
0.000000 0.000000 0.000000 0.000000 0.000000 0.000000 0.000000 0.000000 2.863859 2.599636 2.981157 2.106786 2.168851 2.137391 2.303536 2.268998 2.192212 2.175634 3.124548 3.120118 2.430721 2.825607 1.628615 0.000000 0.000000 0.000000 0.000000 0.000000 0.000000 0.000000 0.000000 
0.000000 0.000000 0.000000 0.000000 0.000000 0.000000 0.000000 1.573980 2.217040 2.268200 2.567647 2.750780 2.402635 2.238002 2.153114 2.440921 3.102094 3.116613 3.404410 2.981803 2.941973 0.000000 2.089707 1.458201 0.638717 0.000000 0.000000 0.000000 0.000000 0.000000 0.000000 
0.000000 0.000000 0.000000 0.000000 0.000000 0.000000 0.000000 1.012742 1.220098 2.106178 2.401931 2.421120 2.716617 2.415522 2.326925 2.566448 2.805801 3.137364 2.874989 2.854255 2.739561 0.000000 1.728634 1.905687 1.293438 0.000000 0.000000 0.000000 0.000000 0.000000 0.000000 
0.000000 0.000000 0.000000 0.000000 0.000000 0.000000 0.000000 0.000000 0.000000 0.000000 0.000000 0.000000 1.977826 2.092521 1.706917 2.392806 2.356539 2.504229 2.441960 2.682367 2.765986 2.408271 1.875855 2.085501 1.453344 0.681146 0.632704 0.000000 0.000000 0.000000 0.000000 
0.000000 0.000000 0.000000 0.000000 0.000000 0.000000 0.000000 0.000000 1.272329 0.000000 0.000000 0.000000 1.619856 2.410934 1.977824 2.257509 3.180810 2.345275 2.831485 3.869063 2.687470 1.676225 1.942289 2.173169 1.457999 0.822075 1.412521 1.137153 0.838974 0.000000 0.000000 
0.000000 0.000000 0.000000 0.000000 0.000000 0.000000 0.000000 0.000000 0.000000 0.000000 0.000000 0.000000 0.000000 0.000000 1.155174 2.197778 3.119613 2.059846 2.779186 2.464906 1.905225 2.110064 2.018479 2.021038 1.736611 1.247682 1.218983 0.845243 1.092593 0.000000 0.000000 
0.000000 0.000000 0.000000 0.000000 0.000000 1.740142 2.005309 2.109208 0.000000 1.389899 1.283826 0.000000 0.000000 0.000000 0.988408 2.401514 2.284907 1.475152 1.904438 2.193775 0.000000 1.659734 1.867918 2.063600 1.481527 1.035447 1.038191 1.052469 0.935360 0.000000 0.000000 
0.000000 0.000000 0.000000 0.000000 0.864698 1.980359 1.324554 0.000000 0.949063 1.297590 0.000000 0.000000 0.000000 0.000000 0.000000 1.432818 0.000000 1.450990 0.000000 1.186656 1.542484 1.111431 1.791956 1.770057 2.115444 1.899695 1.285010 0.967544 0.000000 0.000000 0.000000 
0.000000 0.000000 0.000000 0.000000 0.000000 0.000000 0.000000 0.679934 2.876268 2.167017 1.077591 0.000000 0.000000 0.000000 2.262798 2.269983 1.903473 0.000000 1.052790 1.299755 1.377447 1.416047 1.890702 1.186065 1.439793 2.147625 0.000000 1.228365 0.000000 0.000000 0.000000 
0.000000 0.000000 0.000000 0.000000 0.000000 0.000000 0.000000 1.821889 2.035515 2.523601 1.681207 1.061758 1.143329 1.900183 3.070415 2.356630 1.841121 0.000000 1.541682 2.070717 1.892740 2.146369 0.886605 0.664195 1.558544 1.641710 0.000000 0.000000 0.000000 0.000000 0.000000 
0.000000 0.000000 0.000000 0.000000 0.000000 0.000000 0.000000 0.858977 1.682524 2.397561 2.506230 1.439704 2.340530 2.470598 2.357212 2.260854 1.995177 0.666025 1.628761 1.820343 3.337598 2.492830 0.000000 1.151458 1.584143 0.000000 0.000000 0.000000 0.000000 0.000000 0.000000 
0.000000 0.000000 0.000000 0.000000 0.000000 0.000000 0.000000 0.794795 2.130987 2.807695 2.751024 0.000000 3.437682 2.423246 2.443881 2.301636 1.545871 1.548190 1.399151 1.327547 1.061110 0.898892 0.821563 1.547615 2.382014 1.792135 0.000000 0.000000 0.000000 0.000000 0.000000 
0.000000 0.000000 0.000000 0.000000 0.000000 0.000000 0.000000 0.299562 1.420666 2.424750 3.249787 2.911863 2.755552 3.106585 2.731589 2.555898 2.210882 1.360024 1.161174 0.000000 0.000000 0.889958 1.064889 1.933824 2.566853 1.853021 0.584407 0.000000 0.000000 0.000000 0.000000 
0.000000 0.000000 0.000000 0.000000 0.000000 0.000000 0.000000 0.000000 0.000000 2.023982 2.313499 2.455112 2.937751 2.341523 1.637029 2.448442 2.150765 1.409932 1.299987 0.000000 0.000000 0.000000 1.592277 0.000000 2.093231 1.705322 0.000000 0.000000 0.000000 0.000000 0.000000 
0.000000 0.000000 0.000000 0.000000 0.000000 0.000000 0.000000 0.000000 0.000000 0.000000 0.000000 1.778906 1.524435 0.000000 0.000000 0.000000 1.901952 0.800374 0.000000 0.000000 0.000000 0.000000 1.700207 2.211991 1.376612 0.000000 0.000000 0.000000 0.000000 0.000000 0.000000 
0.000000 0.000000 0.000000 0.000000 0.000000 0.000000 0.000000 0.000000 0.000000 0.000000 0.000000 0.000000 0.000000 0.000000 0.000000 0.713109 0.747895 0.000000 0.000000 0.000000 0.000000 0.000000 0.231527 0.401480 0.000000 0.000000 0.000000 0.000000 0.000000 0.000000 0.000000 
0.000000 0.000000 0.000000 0.000000 0.000000 0.000000 0.000000 0.000000 0.000000 0.000000 0.000000 0.000000 0.000000 0.000000 0.000000 0.000000 0.000000 0.000000 0.000000 0.000000 0.000000 0.000000 0.000000 0.000000 0.000000 0.000000 0.000000 0.000000 0.000000 0.000000 0.000000 

X-10
0.000000 0.000000 0.000000 0.000000 0.000000 0.000000 0.000000 0.000000 0.000000 0.000000 0.000000 0.000000 0.000000 0.000000 0.000000 0.000000 0.000000 0.000000 0.000000 0.000000 0.000000 0.000000 0.000000 0.000000 0.000000 0.000000 0.000000 0.000000 0.000000 0.000000 0.000000 
0.000000 0.000000 0.000000 0.000000 0.000000 0.000000 0.000000 2.058475 0.000000 0.000000 0.000000 0.000000 0.000000 0.000000 0.000000 0.000000 0.000000 0.000000 0.000000 0.000000 0.000000 0.000000 0.000000 0.000000 0.000000 0.000000 0.000000 0.000000 0.000000 0.000000 0.000000 
0.000000 0.000000 0.000000 0.000000 0.000000 0.000000 1.762158 1.504426 2.613904 0.000000 1.343148 1.853628 0.000000 0.000000 0.000000 0.000000 0.000000 0.000000 0.000000 0.000000 0.000000 0.000000 0.000000 0.000000 0.000000 0.000000 0.000000 0.000000 0.000000 0.000000 0.000000 
0.000000 0.000000 0.000000 0.000000 0.000000 0.000000 0.000000 0.000000 2.475756 0.000000 1.928835 0.000000 0.000000 0.000000 0.000000 0.000000 0.000000 0.000000 0.000000 0.000000 0.000000 0.000000 0.000000 0.000000 0.000000 0.000000 0.000000 0.000000 0.000000 0.000000 0.000000 
0.000000 0.000000 0.000000 0.000000 0.000000 0.000000 0.000000 0.000000 2.475756 1.807346 2.171686 0.000000 0.000000 0.000000 0.000000 0.000000 0.000000 0.000000 0.000000 0.000000 0.000000 0.000000 0.000000 0.000000 0.000000 0.000000 0.000000 0.000000 0.000000 0.000000 0.000000 
0.000000 0.000000 0.000000 0.000000 0.000000 0.000000 1.767830 0.000000 2.196136 2.575687 2.663546 2.251920 0.000000 0.000000 0.000000 0.000000 1.843937 0.000000 0.000000 0.000000 0.000000 0.000000 0.000000 0.000000 0.000000 0.000000 0.000000 0.000000 0.000000 0.000000 0.000000 
0.000000 0.000000 0.000000 0.000000 0.000000 0.000000 0.000000 0.000000 2.648362 2.401155 0.000000 2.626517 2.375675 2.039415 0.000000 0.000000 0.000000 0.000000 0.000000 0.000000 0.000000 0.000000 0.000000 0.000000 0.000000 0.000000 0.000000 0.000000 0.000000 0.000000 0.000000 
0.000000 0.000000 0.000000 0.000000 0.000000 0.000000 0.000000 0.000000 2.145918 0.000000 2.958622 2.958622 2.826513 1.799362 2.254208 2.163327 1.768184 2.881137 0.000000 0.000000 0.000000 0.000000 0.000000 0.000000 0.000000 0.000000 0.000000 0.000000 0.000000 0.000000 0.000000 
0.000000 0.000000 0.000000 0.000000 0.000000 0.000000 2.254646 3.335696 0.000000 0.000000 2.879292 2.471955 2.110605 2.008992 2.126221 1.834449 1.622749 1.811831 0.000000 0.000000 0.000000 0.000000 0.000000 0.000000 0.000000 0.000000 0.000000 0.000000 0.000000 0.000000 0.000000 
0.000000 0.000000 0.000000 0.000000 0.000000 0.000000 0.000000 2.067357 2.540451 2.891732 3.295308 0.000000 1.406561 2.040084 1.992491 1.736899 2.099872 1.903732 0.000000 2.506052 2.006165 0.000000 0.000000 0.000000 0.000000 0.000000 0.000000 0.000000 0.000000 0.000000 0.000000 
0.000000 0.000000 0.000000 0.000000 0.000000 0.000000 1.257659 1.579834 2.113969 2.929022 2.871134 2.418437 2.120307 1.725479 2.200202 2.301073 2.161555 2.664705 3.413102 3.241399 2.584231 2.338991 1.876688 0.000000 0.000000 0.000000 0.000000 0.000000 0.000000 0.000000 0.000000 
0.000000 0.000000 0.000000 0.000000 0.000000 0.000000 0.877447 0.000000 2.279265 2.434257 2.613959 2.914379 2.316765 1.982289 2.432161 2.519525 2.096033 3.232884 4.073458 2.851352 2.259711 2.421761 2.026517 0.000000 0.000000 0.000000 0.000000 0.000000 0.000000 0.000000 0.000000 
0.000000 0.000000 0.000000 0.000000 0.000000 0.000000 0.000000 2.494169 2.759661 0.000000 2.679348 2.704196 2.096598 2.209073 1.986989 0.000000 2.091406 3.528912 3.448770 3.041407 2.319498 2.493795 2.070994 1.040702 0.000000 0.779590 0.000000 0.000000 0.000000 0.000000 0.000000 
0.000000 0.000000 0.000000 0.000000 0.000000 0.000000 0.000000 1.397500 0.000000 1.973886 2.508580 1.945096 2.250879 0.000000 0.000000 0.000000 2.488042 3.061313 3.265521 2.971079 2.399301 1.776114 1.783823 1.241546 1.483035 0.000000 0.000000 0.000000 0.000000 0.000000 0.000000 
0.000000 0.000000 0.000000 0.000000 0.000000 0.000000 0.000000 0.000000 0.000000 0.000000 0.000000 0.000000 0.000000 1.784391 1.860506 2.148450 2.983894 2.739666 2.833161 2.721335 2.387244 1.792068 1.634721 1.880234 1.948685 0.787280 0.000000 0.000000 0.000000 0.000000 0.000000 
0.000000 0.000000 0.000000 0.000000 0.000000 0.000000 0.000000 0.951887 2.029074 1.671613 0.000000 0.000000 1.454836 1.680897 2.469598 1.894438 2.104474 2.402534 2.680770 3.707984 2.764254 1.954038 1.878859 1.948864 1.891527 0.603230 0.710555 0.846606 0.000000 0.000000 0.000000 
0.000000 0.000000 0.000000 0.000000 0.000000 0.000000 0.740018 1.081194 0.000000 0.000000 0.000000 0.000000 0.000000 1.757925 1.816229 0.000000 2.231112 2.511649 2.813581 3.361743 2.782890 2.112030 1.488627 1.589962 2.192902 1.185653 0.843351 0.000000 1.114803 0.000000 0.000000 
0.000000 0.000000 0.000000 0.000000 0.000000 1.133556 1.766777 1.519124 1.216782 1.480475 1.382988 0.000000 0.000000 1.272350 1.084565 0.000000 2.294934 1.827149 2.105686 2.673161 2.171550 1.822824 1.877170 1.816995 1.779587 1.139860 0.980148 1.221936 0.876045 0.000000 0.000000 
0.000000 0.000000 0.000000 0.000000 0.000000 0.000000 2.355104 1.543047 1.114763 1.231117 0.000000 0.000000 0.000000 0.000000 0.000000 1.311481 1.475027 1.615486 1.708296 2.080880 1.428045 1.017347 1.393477 1.784806 1.464924 1.885979 0.967193 1.065682 0.000000 0.812741 0.627687 
0.000000 0.000000 0.000000 0.000000 0.000000 0.000000 0.000000 0.930674 1.612640 0.000000 0.000000 0.000000 0.000000 1.317283 0.000000 1.611136 1.714063 1.498807 1.612565 1.610987 1.178412 0.000000 1.683230 1.788598 1.217313 2.074993 0.000000 1.339083 0.000000 0.000000 1.006590 
0.000000 0.000000 0.000000 0.000000 0.000000 0.000000 0.000000 2.386750 2.134529 2.144332 0.656163 0.000000 0.847893 2.462783 2.250183 1.842194 1.577764 0.000000 2.003611 2.251727 1.393286 0.000000 0.000000 0.903244 0.970497 0.000000 0.000000 0.648132 0.000000 0.000000 0.092938 
0.000000 0.000000 0.000000 0.000000 0.000000 0.000000 0.000000 1.601368 1.963785 2.471666 2.169341 1.226930 2.297795 3.006736 2.380665 1.991288 0.938098 0.000000 1.453684 4.318356 2.897626 0.000000 0.000000 1.005989 1.180925 2.082035 0.000000 0.000000 0.000000 0.000000 0.000000 
0.000000 0.000000 0.000000 0.000000 0.000000 0.000000 0.000000 0.612915 2.179559 2.487537 2.181422 2.370639 1.874540 1.918243 2.544346 2.077990 0.902070 1.194666 1.370366 3.267400 1.889741 0.901704 1.099017 1.823170 1.718611 1.238987 0.000000 0.000000 0.000000 0.000000 0.000000 
0.000000 0.000000 0.000000 0.000000 0.000000 0.000000 0.000000 0.708208 1.552335 2.619451 3.194111 0.000000 2.039241 2.588916 3.064171 2.811631 1.612152 1.221530 0.941447 0.000000 0.953483 0.967726 1.883174 2.132427 1.116979 1.478009 0.000000 0.000000 0.000000 0.000000 0.000000 
0.000000 0.000000 0.000000 0.000000 0.000000 0.000000 0.000000 0.000000 0.000000 1.868830 2.268472 0.000000 3.172145 2.607956 1.958396 3.174109 2.101333 0.994315 1.234664 0.904592 0.698075 0.000000 2.448476 2.032652 1.144863 1.817009 0.000000 0.000000 0.000000 0.000000 0.000000 
0.000000 0.000000 0.000000 0.000000 0.000000 0.000000 0.000000 0.000000 0.000000 0.000000 0.000000 0.000000 1.236395 1.014552 0.000000 1.603602 1.401192 1.039641 0.000000 0.000000 0.000000 1.648895 2.963619 2.241979 0.658671 1.028697 0.000000 0.000000 0.000000 0.000000 0.000000 
0.000000 0.000000 0.000000 0.000000 0.000000 0.000000 0.000000 0.000000 0.000000 0.000000 0.000000 0.000000 0.000000 0.190074 0.000000 0.000000 0.000000 0.000000 0.000000 0.000000 0.000000 0.802031 1.285024 1.206565 0.000000 0.000000 0.000000 0.000000 0.000000 0.000000 0.000000 
0.000000 0.000000 0.000000 0.000000 0.000000 0.000000 0.000000 0.000000 0.000000 0.000000 0.000000 0.000000 0.000000 0.000000 0.000000 0.000000 0.000000 0.000000 0.000000 0.000000 0.000000 0.000000 0.000000 0.000000 0.000000 0.000000 0.000000 0.000000 0.000000 0.000000 0.000000 

X-11
0.000000 0.000000 0.000000 0.000000 0.000000 0.000000 0.000000 0.000000 0.000000 0.000000 0.000000 0.000000 0.000000 0.000000 0.000000 0.000000 0.000000 0.000000 0.000000 0.000000 0.000000 0.000000 0.000000 0.000000 0.000000 0.000000 0.000000 0.000000 0.000000 0.000000 0.000000 
0.000000 0.000000 0.000000 0.000000 0.000000 0.000000 0.000000 0.000000 0.000000 0.000000 0.000000 0.000000 0.000000 0.000000 0.000000 0.000000 0.000000 0.000000 0.000000 0.000000 0.000000 0.000000 0.000000 0.000000 0.000000 0.000000 0.000000 0.000000 0.000000 0.000000 0.000000 
0.000000 0.000000 0.000000 0.000000 0.000000 0.000000 0.000000 0.000000 2.280765 2.680861 0.000000 0.000000 0.000000 0.000000 0.000000 0.000000 0.000000 0.000000 0.000000 0.000000 0.000000 0.000000 0.000000 0.000000 0.000000 0.000000 0.000000 0.000000 0.000000 0.000000 0.000000 
0.000000 0.000000 0.000000 0.000000 0.000000 0.000000 0.000000 2.256809 2.613904 0.000000 0.000000 1.240343 0.000000 0.000000 0.000000 0.000000 0.000000 0.000000 0.000000 0.000000 0.000000 0.000000 0.000000 0.000000 0.000000 0.000000 0.000000 0.000000 0.000000 0.000000 0.000000 
0.000000 0.000000 0.000000 0.000000 0.000000 0.000000 0.000000 0.000000 2.475756 1.807346 0.000000 1.926159 1.557953 0.000000 0.000000 0.000000 1.728209 0.000000 0.000000 0.000000 0.000000 0.000000 0.000000 0.000000 0.000000 0.000000 0.000000 0.000000 0.000000 0.000000 0.000000 
0.000000 0.000000 0.000000 0.000000 0.000000 0.000000 0.000000 0.000000 2.475756 2.242853 2.618210 2.243202 1.929814 0.000000 1.649892 0.000000 1.853475 1.580234 2.054269 0.000000 0.000000 0.000000 0.000000 0.000000 0.000000 0.000000 0.000000 0.000000 0.000000 0.000000 0.000000 
0.000000 0.000000 0.000000 0.000000 0.000000 0.000000 0.000000 3.030986 2.304503 2.663546 2.618210 0.000000 2.153979 1.993902 0.000000 0.000000 0.000000 1.672493 1.991026 0.000000 1.267140 0.000000 0.000000 0.000000 0.000000 0.000000 0.000000 0.000000 0.000000 0.000000 0.000000 
0.000000 0.000000 0.000000 0.000000 0.000000 0.000000 0.000000 0.000000 2.225916 0.000000 0.000000 0.000000 2.626517 2.381303 0.000000 0.000000 2.234555 2.637028 1.801106 0.000000 0.000000 0.000000 0.000000 0.000000 0.000000 0.000000 0.000000 0.000000 0.000000 0.000000 0.000000 
0.000000 0.000000 0.000000 0.000000 0.000000 0.000000 0.000000 2.993357 0.000000 0.000000 2.958622 0.000000 0.000000 2.387708 2.155567 1.906546 2.421278 2.187308 1.887569 1.611392 0.000000 0.000000 0.000000 0.000000 0.000000 0.000000 0.000000 0.000000 0.000000 0.000000 0.000000 
0.000000 0.000000 0.000000 0.000000 0.000000 1.424613 2.714168 2.194780 0.000000 0.000000 3.146335 2.302620 2.505408 2.095782 1.728137 2.082832 1.717341 1.982428 0.000000 1.665852 1.630053 0.000000 0.000000 0.000000 0.000000 0.000000 0.000000 0.000000 0.000000 0.000000 0.000000 
0.000000 0.000000 0.000000 0.000000 0.000000 0.000000 2.390158 2.431712 1.841175 3.217487 2.493590 2.036135 2.332807 1.549089 1.504194 2.207515 1.649216 2.714298 2.836145 1.628754 1.876928 2.607293 1.713337 0.000000 0.000000 0.000000 0.000000 0.000000 0.000000 0.000000 0.000000 
0.000000 0.000000 0.000000 0.000000 0.000000 0.000000 0.000000 2.183134 2.584152 2.793366 2.432235 2.543363 0.000000 1.851930 1.784984 2.145438 2.428343 3.555452 3.671265 2.545783 2.428109 1.928781 0.000000 0.000000 0.000000 0.000000 0.000000 0.000000 0.000000 0.000000 0.000000 
0.000000 0.000000 0.000000 0.000000 0.000000 0.000000 0.000000 2.640083 2.444646 2.519817 0.000000 2.526298 0.000000 1.799557 1.907937 0.000000 2.332353 3.807977 3.328869 2.890162 2.329635 2.111688 2.770599 1.779176 1.436017 0.954935 0.741800 0.000000 0.000000 0.000000 0.000000 
0.000000 0.000000 0.000000 0.000000 0.000000 0.000000 0.000000 1.984557 2.027928 0.000000 0.000000 2.217962 1.762971 0.000000 0.000000 1.557326 1.905771 3.164758 3.492165 2.728778 2.508528 1.891405 1.869298 1.891501 1.393551 0.808716 0.511196 0.000000 0.000000 0.000000 0.000000 
0.000000 0.000000 0.000000 0.000000 0.000000 0.000000 0.000000 0.000000 0.000000 0.000000 0.000000 0.000000 1.342074 1.515896 0.000000 0.000000 1.729738 2.474665 2.923098 2.574544 1.872646 1.786817 1.388129 1.710987 1.838616 1.152749 0.536345 0.000000 0.000000 0.000000 0.000000 
0.000000 0.000000 0.000000 0.000000 0.000000 0.000000 0.000000 1.244994 3.022108 0.000000 0.000000 0.000000 0.000000 0.000000 1.594980 1.476896 2.065186 2.616513 2.936598 2.933074 1.992295 2.036754 1.705466 1.734921 1.420830 1.141567 0.611177 0.000000 0.000000 0.000000 0.000000 
0.000000 0.000000 0.000000 0.000000 0.000000 1.256288 0.966684 1.349380 0.000000 1.491614 1.468613 0.000000 0.000000 0.000000 1.874785 1.992381 1.733140 2.829783 3.050493 2.652731 2.340249 1.997784 1.356035 1.658213 1.820759 1.449608 0.799617 1.097854 1.091225 0.256158 0.000000 
0.000000 0.000000 0.000000 0.000000 0.000000 0.714161 1.276589 1.245480 1.708376 1.709707 2.279438 0.000000 0.000000 0.000000 0.000000 0.000000 1.715851 2.800623 2.389505 2.432999 2.672010 1.655556 0.000000 1.437814 1.872949 1.634216 1.124443 1.179364 0.733769 0.519656 0.000000 
0.000000 0.000000 0.000000 0.000000 0.000000 1.340285 2.383086 1.418669 1.438417 0.000000 0.000000 0.000000 0.000000 0.000000 0.000000 0.842914 1.314753 2.791801 2.416899 2.075186 1.773612 1.285920 0.000000 1.528907 1.569885 1.497086 0.000000 1.226421 0.000000 0.841436 0.710406 
0.000000 0.000000 0.000000 0.000000 0.000000 1.113459 1.509209 1.128062 1.240357 1.320064 0.000000 0.000000 0.000000 0.000000 0.000000 1.185738 1.280478 1.567062 1.997987 1.500249 1.173178 1.244416 1.007160 1.479397 0.000000 0.000000 0.000000 1.186953 0.000000 0.000000 1.204087 
0.000000 0.000000 0.000000 0.000000 0.000000 0.000000 0.000000 2.644622 2.177578 1.267190 0.552790 0.677669 1.064398 1.637817 1.546981 0.000000 0.000000 0.000000 2.086224 1.606193 1.448903 0.967575 1.139778 0.000000 1.058540 0.000000 0.000000 1.028434 0.000000 0.000000 0.390570 
0.000000 0.000000 0.000000 0.000000 0.000000 0.000000 0.000000 0.000000 2.191840 1.742340 1.279258 1.121189 0.000000 2.135969 1.949589 1.243306 0.638089 0.000000 2.164307 2.297905 1.338952 1.021179 1.028943 0.778163 1.661209 2.504424 0.000000 0.000000 0.000000 0.000000 0.000000 
0.000000 0.000000 0.000000 0.000000 0.000000 0.000000 0.000000 0.000000 2.340422 2.571405 1.322823 0.000000 0.000000 1.672961 0.000000 1.244725 0.562104 0.000000 0.000000 0.000000 1.706947 1.136194 1.286556 0.000000 0.000000 1.476761 0.000000 0.000000 0.000000 0.000000 0.000000 
0.000000 0.000000 0.000000 0.000000 0.000000 0.000000 0.000000 0.000000 0.000000 2.450248 2.583120 0.000000 0.000000 1.675669 1.798159 1.919867 1.135079 0.000000 1.067102 1.213657 1.258421 1.872168 0.000000 0.698212 0.471962 0.000000 0.000000 0.000000 0.000000 0.000000 0.000000 
0.000000 0.000000 0.000000 0.000000 0.000000 0.000000 0.000000 0.000000 0.000000 0.000000 1.513132 0.000000 0.000000 2.161101 2.334082 3.004803 1.737087 0.000000 0.811156 0.000000 1.046869 1.876180 1.876324 1.997117 1.299214 0.000000 0.000000 0.000000 0.000000 0.000000 0.000000 
0.000000 0.000000 0.000000 0.000000 0.000000 0.000000 0.000000 0.000000 0.000000 0.000000 0.000000 0.000000 0.000000 1.042335 0.000000 1.470323 0.769979 0.000000 0.000000 0.000000 0.000000 2.803324 3.073709 1.588292 0.962940 0.000000 0.000000 0.000000 0.000000 0.000000 0.000000 
0.000000 0.000000 0.000000 0.000000 0.000000 0.000000 0.000000 0.000000 0.000000 0.000000 0.000000 0.000000 0.000000 0.842765 0.000000 0.000000 0.000000 0.000000 0.000000 0.000000 0.629920 1.410439 1.253349 0.000000 0.000000 0.000000 0.000000 0.000000 0.000000 0.000000 0.000000 
0.000000 0.000000 0.000000 0.000000 0.000000 0.000000 0.000000 0.000000 0.000000 0.000000 0.000000 0.000000 0.000000 0.000000 0.000000 0.000000 0.000000 0.000000 0.000000 0.000000 0.000000 0.000000 0.000000 0.000000 0.000000 0.000000 0.000000 0.000000 0.000000 0.000000 0.000000 

X-12
0.000000 0.000000 0.000000 0.000000 0.000000 0.000000 0.000000 0.000000 0.000000 0.000000 0.000000 0.000000 0.000000 0.000000 0.000000 0.000000 0.000000 0.000000 0.000000 0.000000 0.000000 0.000000 0.000000 0.000000 0.000000 0.000000 0.000000 0.000000 0.000000 0.000000 0.000000 
0.000000 0.000000 0.000000 0.000000 0.000000 0.000000 0.000000 0.000000 0.000000 0.000000 0.000000 0.000000 0.000000 0.000000 0.000000 0.000000 0.000000 0.000000 0.000000 0.000000 0.000000 0.000000 0.000000 0.000000 0.000000 0.000000 0.000000 0.000000 0.000000 0.000000 0.000000 
0.000000 0.000000 0.000000 0.000000 1.391054 0.000000 0.000000 1.889514 0.000000 0.000000 0.000000 0.000000 0.000000 0.000000 0.000000 0.000000 0.000000 0.000000 0.000000 0.000000 0.000000 0.000000 0.000000 0.000000 0.000000 0.000000 0.000000 0.000000 0.000000 0.000000 0.000000 
0.000000 0.000000 0.000000 0.964879 0.921737 0.000000 2.058475 2.091388 2.315771 2.712125 0.000000 1.175419 0.000000 0.000000 0.000000 0.000000 0.000000 0.000000 0.000000 1.845278 0.000000 0.000000 0.000000 0.000000 0.000000 0.000000 0.000000 0.000000 0.000000 0.000000 0.000000 
0.000000 0.000000 0.000000 0.000000 0.000000 1.772889 2.028091 2.423491 0.000000 0.000000 0.000000 0.000000 1.183461 0.000000 0.000000 0.000000 0.000000 0.000000 1.782042 1.960474 0.000000 0.000000 0.000000 0.000000 0.000000 0.000000 0.000000 0.000000 0.000000 0.000000 0.000000 
0.000000 0.000000 0.000000 0.000000 1.214750 2.208437 3.796732 2.202057 0.000000 1.807346 2.697171 0.000000 1.926159 1.628763 1.676655 1.611948 0.000000 1.873415 2.039943 1.795536 2.522127 1.235809 0.000000 0.000000 0.000000 0.000000 0.000000 0.000000 0.000000 0.000000 0.000000 
0.000000 0.000000 0.000000 0.000000 0.000000 3.562249 3.796732 2.546585 1.807346 2.242853 2.428222 2.065977 1.923088 1.893592 1.773146 1.740331 0.000000 2.139591 1.675445 0.000000 1.651948 1.245781 0.000000 0.000000 0.000000 0.000000 0.000000 0.000000 0.000000 0.000000 0.000000 
0.000000 0.000000 0.000000 0.000000 0.000000 2.439311 0.000000 0.000000 2.575687 2.869426 0.000000 2.678800 0.000000 2.435722 2.034892 0.000000 2.020411 2.324695 1.592798 0.000000 0.000000 1.637608 1.587989 0.000000 0.000000 0.000000 0.000000 0.000000 0.000000 0.000000 0.000000 
0.000000 0.000000 0.000000 0.000000 0.000000 0.000000 2.452284 2.646730 2.401155 0.000000 3.734177 0.000000 0.000000 2.626517 2.826513 2.234555 2.637028 1.801106 1.354405 0.962665 0.000000 1.756200 1.584196 1.417034 0.000000 0.000000 0.000000 0.000000 0.000000 0.000000 0.000000 
0.000000 0.000000 0.000000 0.000000 0.970225 1.639844 3.060512 2.066288 0.000000 2.958622 2.879292 2.110605 0.000000 2.387708 1.505386 2.422066 2.177716 2.109905 0.000000 0.000000 0.000000 0.000000 0.000000 0.000000 0.000000 0.000000 0.000000 0.000000 0.000000 0.000000 0.000000 
0.000000 0.000000 0.000000 0.000000 0.000000 0.000000 0.000000 1.926027 1.733367 3.146335 2.511191 1.975011 0.000000 0.000000 1.239665 1.951751 1.962427 2.120823 1.726322 1.326445 2.088957 2.601790 2.320722 0.000000 0.000000 0.000000 0.000000 0.000000 0.000000 0.000000 0.000000 
0.000000 0.000000 0.000000 0.000000 0.000000 0.000000 1.951901 2.454278 3.203648 3.424148 2.012455 0.000000 0.000000 1.659604 1.420124 1.743500 2.550836 2.761245 2.265102 1.874330 2.241873 2.067755 2.383506 0.000000 0.000000 0.000000 0.000000 0.000000 0.000000 0.000000 0.000000 
0.000000 0.000000 0.000000 0.000000 0.000000 0.000000 1.646617 2.528835 3.115221 0.000000 0.000000 0.000000 0.000000 1.952192 1.830128 1.803954 2.859605 3.106422 2.842273 2.767923 1.780699 2.152418 2.444259 2.326485 1.414206 1.243669 0.000000 0.000000 0.000000 0.000000 0.000000 
0.000000 0.000000 0.000000 0.000000 0.000000 0.000000 0.000000 0.000000 0.000000 0.000000 0.000000 0.000000 0.000000 0.000000 1.294422 1.742531 2.711983 2.757045 3.170628 2.509165 2.561285 2.249159 2.647966 2.470651 1.120342 1.037204 0.000000 0.000000 0.000000 0.000000 0.000000 
0.000000 0.000000 0.000000 0.000000 0.000000 0.000000 0.000000 0.000000 0.000000 0.000000 0.000000 0.000000 0.000000 0.000000 0.000000 0.000000 1.829705 2.276720 2.794794 2.456873 1.921763 1.538821 1.450850 1.779611 1.571015 1.482780 0.658897 0.000000 0.000000 0.000000 0.000000 
0.000000 0.000000 0.000000 0.000000 0.000000 0.897258 1.247567 2.263967 0.000000 0.000000 0.000000 0.000000 0.000000 0.000000 0.000000 0.000000 0.000000 0.000000 0.000000 1.887252 1.683027 1.902851 1.928600 1.503537 1.485719 1.994638 1.116823 0.000000 0.000000 0.000000 0.000000 
0.000000 0.000000 0.000000 0.000000 0.603834 1.181442 0.999994 2.045642 1.999691 1.934969 1.232142 0.000000 0.000000 0.000000 0.000000 1.286818 1.853704 2.099497 0.000000 2.162322 2.438801 1.641835 0.000000 1.154896 1.038719 1.793137 0.749146 0.672297 0.709460 0.453541 0.000000 
0.000000 0.000000 0.000000 0.000000 0.361490 0.823305 1.117287 1.867733 1.826223 2.029290 0.000000 1.031301 0.000000 0.000000 0.000000 0.000000 0.000000 2.163188 1.789649 2.255851 2.067581 1.674902 0.000000 1.245543 1.666945 1.848023 1.236101 0.000000 0.000000 0.000000 0.000000 
0.000000 0.000000 0.000000 0.000000 0.000000 1.090815 0.000000 1.453757 1.672898 1.837074 2.192325 1.812518 0.000000 0.000000 0.000000 0.000000 0.000000 1.910617 3.079871 2.169808 1.967369 1.598514 0.000000 1.298865 1.542560 1.844250 1.182073 0.848820 0.000000 0.312305 0.000000 
0.000000 0.000000 0.000000 0.000000 0.000000 0.000000 1.476257 1.193627 0.000000 1.635587 1.731438 0.000000 0.000000 0.000000 0.991550 0.983915 0.000000 1.812949 2.048757 1.357596 1.291140 1.391212 0.709446 0.982162 0.000000 0.958588 0.000000 0.903721 0.000000 0.000000 0.773892 
0.000000 0.000000 0.000000 0.000000 0.000000 0.000000 0.000000 1.493602 0.000000 0.000000 0.000000 0.000000 1.343893 1.499320 1.471710 0.000000 0.000000 1.861805 1.940523 1.692979 1.614911 0.839017 0.712812 0.000000 0.000000 0.000000 0.000000 0.000000 0.000000 0.000000 0.450060 
0.000000 0.000000 0.000000 0.000000 0.000000 0.000000 0.000000 0.000000 0.000000 0.000000 0.904695 1.203447 0.000000 1.530919 1.346873 0.000000 0.000000 2.183050 0.000000 1.357274 0.000000 1.356667 1.070892 1.452214 1.342521 0.000000 0.000000 0.000000 0.000000 0.000000 0.000000 
0.000000 0.000000 0.000000 0.000000 0.000000 0.000000 0.000000 0.000000 0.000000 0.000000 0.000000 0.000000 0.000000 1.325085 1.215087 0.000000 0.000000 0.000000 0.000000 1.444947 1.287376 1.401958 1.298769 0.000000 0.000000 0.000000 0.000000 0.000000 0.000000 0.000000 0.000000 
0.000000 0.000000 0.000000 0.000000 0.000000 0.000000 0.000000 0.000000 0.000000 0.000000 0.000000 0.000000 0.000000 1.332181 0.000000 0.000000 0.000000 0.000000 1.950026 1.229422 1.770777 2.024079 1.215702 0.541234 0.000000 0.000000 0.000000 0.000000 0.000000 0.000000 0.000000 
0.000000 0.000000 0.000000 0.000000 0.000000 0.000000 0.000000 0.000000 0.000000 0.000000 0.793619 0.000000 0.000000 0.000000 0.000000 0.000000 0.000000 0.000000 0.641579 0.000000 1.789974 1.982738 1.221995 0.000000 0.000000 0.000000 0.000000 0.000000 0.000000 0.000000 0.000000 
0.000000 0.000000 0.000000 0.000000 0.000000 0.000000 0.000000 0.000000 0.000000 0.000000 0.000000 0.000000 0.000000 0.000000 0.000000 0.000000 0.000000 0.000000 0.000000 1.170313 2.034563 2.035214 0.000000 1.336910 1.189379 0.000000 0.000000 0.000000 0.000000 0.000000 0.000000 
0.000000 0.000000 0.000000 0.000000 0.000000 0.000000 0.000000 0.000000 0.000000 0.000000 0.000000 0.000000 0.000000 0.000000 0.000000 0.000000 0.000000 0.000000 0.000000 1.030436 1.456694 1.727250 0.000000 0.919266 0.873822 0.000000 0.000000 0.000000 0.000000 0.000000 0.000000 
0.000000 0.000000 0.000000 0.000000 0.000000 0.000000 0.000000 0.000000 0.000000 0.000000 0.000000 0.000000 0.000000 0.000000 0.000000 0.000000 0.000000 0.000000 0.000000 0.000000 0.393894 0.443390 0.000000 0.000000 0.000000 0.000000 0.000000 0.000000 0.000000 0.000000 0.000000 

X-13
0.000000 0.000000 0.000000 0.000000 0.000000 0.000000 0.000000 0.000000 0.000000 0.000000 0.000000 0.000000 0.000000 0.000000 0.000000 0.000000 0.000000 0.000000 0.000000 0.000000 0.000000 0.000000 0.000000 0.000000 0.000000 0.000000 0.000000 0.000000 0.000000 0.000000 0.000000 
0.000000 0.000000 0.000000 0.000000 0.000000 0.000000 0.000000 0.000000 0.000000 0.000000 0.000000 0.000000 0.000000 0.000000 0.000000 0.000000 0.000000 0.000000 0.000000 0.000000 0.000000 0.000000 0.000000 0.000000 0.000000 0.000000 0.000000 0.000000 0.000000 0.000000 0.000000 
0.000000 0.000000 0.000000 0.467938 1.312629 2.005131 2.690969 0.000000 3.074247 2.227500 0.000000 0.000000 0.000000 0.000000 0.000000 0.000000 0.000000 0.000000 2.484842 2.766563 0.000000 0.000000 0.000000 0.000000 0.000000 0.000000 0.000000 0.000000 0.000000 0.000000 0.000000 
0.000000 0.000000 0.000000 1.515585 1.391054 2.198404 2.231297 1.926797 2.486655 2.575075 2.594963 0.000000 0.000000 0.000000 0.000000 0.000000 0.000000 0.000000 2.605023 2.513992 2.095442 1.174795 0.000000 0.000000 0.000000 0.000000 0.000000 0.000000 0.000000 0.000000 0.000000 
0.000000 0.000000 0.000000 0.587148 0.000000 2.052174 2.008021 2.300916 2.573218 0.000000 0.000000 0.000000 0.000000 0.000000 0.000000 0.000000 1.857944 1.748619 1.889309 2.146743 0.000000 1.725968 0.000000 0.000000 0.000000 0.000000 0.000000 0.000000 0.000000 0.000000 0.000000 
0.000000 0.000000 0.000000 0.000000 1.656320 1.772889 2.256809 2.613904 0.000000 2.697171 2.697171 0.000000 0.000000 0.000000 1.617110 1.852633 0.000000 1.749260 1.850656 3.916091 1.884866 1.701488 1.524629 0.000000 0.000000 0.000000 0.000000 0.000000 0.000000 0.000000 0.000000 
0.000000 0.000000 0.000000 0.692464 1.973732 0.000000 2.918770 2.202057 1.807346 2.697171 0.000000 0.000000 0.000000 2.225356 1.748210 1.676655 1.911603 2.281015 1.797640 2.036415 1.660584 1.518681 1.832388 0.000000 0.000000 0.000000 0.000000 0.000000 0.000000 0.000000 0.000000 
0.000000 0.000000 0.000000 0.000000 0.000000 0.000000 0.000000 2.453193 2.242853 2.618210 2.345858 2.678800 0.000000 0.000000 2.119519 1.794167 2.108493 2.013552 1.620568 1.849833 0.000000 2.010875 1.356117 0.000000 0.000000 0.000000 0.000000 0.000000 0.000000 0.000000 0.000000 
0.000000 0.000000 0.000000 0.677979 3.046117 1.792833 0.000000 2.323868 2.663546 2.912051 2.959482 2.678800 0.000000 2.243852 0.000000 2.162035 2.324695 1.654213 1.342597 0.000000 0.000000 1.943306 1.821098 1.715634 0.000000 0.000000 0.000000 0.000000 0.000000 0.000000 0.000000 
0.000000 0.000000 0.000000 0.216038 1.700410 1.985679 0.000000 2.071529 0.000000 3.734177 0.000000 0.000000 2.793295 1.900108 0.000000 2.583895 1.843776 1.659073 1.196576 1.029044 1.648755 1.874432 0.000000 1.983423 0.000000 0.000000 0.000000 0.000000 0.000000 0.000000 0.000000 
0.000000 0.000000 0.000000 0.000000 0.000000 0.000000 0.000000 1.136232 2.457711 2.879292 2.110605 1.660940 2.017843 2.054869 1.793049 2.396515 2.074077 1.379015 1.036681 1.679908 2.305605 2.718337 2.456466 2.283562 2.152442 0.000000 0.000000 0.000000 0.000000 0.000000 0.000000 
0.000000 0.000000 0.000000 0.000000 0.000000 0.000000 2.432404 1.357871 2.523270 2.460683 1.894574 1.637416 0.000000 0.000000 2.313671 0.000000 2.187842 1.805038 1.122169 1.984043 2.289519 1.937371 2.175270 2.628519 1.764660 0.000000 0.000000 0.000000 0.000000 0.000000 0.000000 
0.000000 0.000000 0.000000 0.000000 0.000000 0.000000 0.000000 2.619570 0.000000 0.000000 2.041040 0.000000 1.992248 2.316442 2.114039 0.000000 2.595704 2.291192 1.788275 2.150699 1.941782 2.066817 2.200965 2.819370 0.000000 0.000000 0.000000 0.000000 0.000000 0.000000 0.000000 
0.000000 0.000000 0.000000 0.000000 0.000000 0.000000 0.000000 2.707290 0.000000 0.000000 2.701773 2.167796 2.232700 0.000000 0.000000 0.000000 2.842564 2.536410 2.516338 1.817662 2.666783 2.568656 0.000000 2.223756 0.000000 0.000000 0.000000 0.000000 0.000000 0.000000 0.000000 
0.000000 0.000000 0.000000 0.000000 0.000000 1.766878 3.015438 2.268393 2.639099 0.000000 2.200211 1.514520 1.741473 1.630598 0.000000 0.000000 1.992077 0.000000 2.126126 2.344864 1.925655 2.257069 1.988526 0.000000 0.000000 0.000000 0.000000 0.000000 0.000000 0.000000 0.000000 
0.000000 0.000000 0.000000 0.000000 0.000000 1.576556 2.022564 2.276142 2.603958 1.939421 1.188007 0.000000 1.317497 1.812177 0.000000 0.000000 0.000000 0.000000 1.723201 1.481030 0.000000 1.692093 0.000000 0.000000 1.746740 1.642890 0.000000 0.000000 0.000000 0.000000 0.000000 
0.000000 0.000000 0.000000 0.000000 0.000000 0.000000 0.000000 3.181602 2.638192 1.677267 0.000000 0.000000 0.000000 0.000000 0.000000 0.000000 0.000000 0.000000 1.692797 1.752567 1.809971 1.473309 0.997962 0.000000 1.556261 1.963461 1.361758 0.000000 0.468715 0.669775 0.341004 
0.000000 0.000000 0.000000 0.000000 0.000000 0.000000 1.521467 2.286156 1.802213 2.034928 1.308264 1.176701 0.000000 0.000000 0.000000 0.000000 0.000000 0.000000 1.573725 1.740506 1.528659 1.318977 0.000000 0.000000 0.000000 1.645753 1.334315 0.000000 0.000000 0.000000 0.000000 
0.000000 0.000000 0.000000 0.000000 0.000000 1.167468 1.318834 1.846875 1.762439 2.575232 0.000000 1.142138 0.000000 0.000000 0.000000 0.000000 0.000000 0.000000 2.221196 1.886207 1.473241 1.470360 0.000000 0.000000 0.000000 1.703668 1.270585 0.000000 0.000000 0.000000 0.000000 
0.000000 0.000000 0.000000 0.000000 0.000000 1.332509 0.000000 1.374453 1.541291 2.420663 0.000000 0.000000 0.000000 0.000000 0.815678 1.553024 1.706579 0.000000 1.593586 1.807915 1.480214 1.226228 1.027368 0.995941 0.000000 1.310783 0.000000 0.000000 0.000000 0.000000 0.000000 
0.000000 0.000000 0.000000 0.000000 0.000000 0.000000 0.000000 1.065029 1.159253 0.000000 0.000000 0.000000 0.000000 1.052608 1.043026 0.000000 1.162881 1.513244 1.493115 1.977126 1.677209 0.905220 0.723525 0.746003 0.000000 0.000000 0.000000 0.000000 0.000000 0.000000 0.000000 
0.000000 0.000000 0.000000 0.000000 0.000000 0.000000 0.000000 0.000000 0.000000 0.000000 0.000000 0.000000 0.000000 0.000000 0.000000 0.000000 0.000000 0.000000 0.000000 1.379317 1.578288 1.483240 1.178507 1.460936 1.032067 0.000000 0.000000 0.000000 0.000000 0.000000 0.000000 
0.000000 0.000000 0.000000 0.000000 0.000000 0.000000 0.000000 0.000000 0.000000 0.000000 0.000000 0.000000 0.000000 1.193223 0.476593 0.000000 0.000000 0.000000 0.000000 1.140437 1.091030 1.795617 2.023647 1.840215 0.000000 0.000000 0.000000 0.000000 0.000000 0.000000 0.000000 
0.000000 0.000000 0.000000 0.000000 0.000000 0.000000 0.000000 0.000000 0.000000 0.000000 0.000000 0.000000 0.000000 1.296275 0.514540 0.000000 0.000000 0.000000 0.000000 1.315530 1.787578 0.000000 1.084147 0.958067 0.000000 0.000000 0.000000 0.000000 0.000000 0.000000 0.000000 
0.000000 0.000000 0.000000 0.000000 0.000000 0.000000 0.000000 0.000000 0.000000 0.000000 0.000000 0.000000 0.000000 0.000000 0.000000 0.000000 0.000000 0.000000 0.902948 1.699460 2.039421 1.375084 0.000000 0.000000 0.000000 0.000000 0.000000 0.000000 0.000000 0.000000 0.000000 
0.000000 0.000000 0.000000 0.000000 0.000000 0.000000 0.000000 0.000000 0.000000 0.000000 0.000000 0.000000 0.000000 0.000000 0.000000 0.000000 0.000000 0.000000 0.000000 1.536837 1.701348 1.338484 0.000000 0.000000 0.000000 0.000000 0.000000 0.000000 0.000000 0.000000 0.000000 
0.000000 0.000000 0.000000 0.000000 0.000000 0.000000 0.000000 0.000000 0.000000 0.000000 0.000000 0.000000 0.000000 0.000000 0.000000 0.000000 0.000000 0.000000 0.000000 0.000000 0.000000 0.000000 0.000000 0.000000 0.000000 0.000000 0.000000 0.000000 0.000000 0.000000 0.000000 
0.000000 0.000000 0.000000 0.000000 0.000000 0.000000 0.000000 0.000000 0.000000 0.000000 0.000000 0.000000 0.000000 0.000000 0.000000 0.000000 0.000000 0.000000 0.000000 0.000000 0.000000 0.000000 0.000000 0.000000 0.000000 0.000000 0.000000 0.000000 0.000000 0.000000 0.000000 

X-14
0.000000 0.000000 0.000000 0.000000 0.000000 0.000000 0.000000 0.000000 0.000000 0.000000 0.000000 0.000000 0.000000 0.000000 0.000000 0.000000 0.000000 0.000000 0.000000 0.000000 0.000000 0.000000 0.000000 0.000000 0.000000 0.000000 0.000000 0.000000 0.000000 0.000000 0.000000 
0.000000 0.000000 0.000000 0.000000 1.862387 1.915810 0.000000 0.000000 0.000000 0.000000 0.000000 0.000000 0.000000 0.000000 0.000000 0.000000 0.000000 0.000000 0.000000 0.000000 0.000000 0.000000 0.000000 0.000000 0.000000 0.000000 0.000000 0.000000 0.000000 0.000000 0.000000 
0.000000 0.000000 0.000000 0.000000 0.886591 2.131932 1.950166 1.930615 3.074247 2.638275 0.000000 0.000000 0.000000 0.000000 0.000000 0.000000 0.000000 0.000000 2.531222 0.000000 1.852263 0.000000 0.000000 0.000000 0.000000 0.000000 0.000000 0.000000 0.000000 0.000000 0.000000 
0.000000 0.000000 0.000000 0.786511 1.524538 2.217536 2.690969 3.074247 3.074247 0.000000 0.000000 0.000000 0.000000 0.000000 0.000000 0.000000 0.000000 2.229005 2.766563 2.815541 0.000000 1.640611 0.000000 0.000000 0.000000 0.000000 0.000000 0.000000 0.000000 0.000000 0.000000 
0.000000 0.000000 0.000000 0.000000 2.038733 2.447634 1.889514 2.185132 2.712125 0.000000 0.000000 0.000000 0.000000 0.000000 0.000000 2.141123 1.857944 2.392684 2.592619 2.608262 2.200535 2.210055 0.000000 0.000000 0.000000 0.000000 0.000000 0.000000 0.000000 0.000000 0.000000 
0.000000 0.000000 0.000000 0.202410 1.868320 1.971385 2.091388 2.315771 2.712125 0.000000 0.000000 0.000000 0.000000 0.000000 0.000000 2.451925 2.065093 0.000000 1.946536 2.563478 1.961614 2.162518 1.388481 0.000000 0.000000 0.000000 0.000000 0.000000 0.000000 0.000000 0.000000 
0.000000 0.000000 0.000000 0.000000 1.756610 2.138818 2.256809 0.000000 0.000000 2.697171 0.000000 2.447559 0.000000 0.000000 0.000000 0.000000 1.887701 1.873203 2.311926 2.397205 2.149770 2.041327 1.979507 0.000000 0.000000 0.000000 0.000000 0.000000 0.000000 0.000000 0.000000 
0.000000 0.000000 0.000000 1.027785 2.661870 3.645705 2.223401 0.000000 1.807346 2.697171 0.000000 2.447559 0.000000 2.556137 2.446458 0.000000 0.000000 1.885509 2.326876 1.617644 1.438291 2.411473 1.589004 0.000000 0.000000 0.000000 0.000000 0.000000 0.000000 0.000000 0.000000 
0.000000 0.000000 0.000000 1.470588 3.806341 3.645705 2.562178 2.020230 0.000000 2.511605 2.065977 0.000000 2.921913 0.000000 2.567470 0.000000 0.000000 1.655095 0.000000 1.564651 1.587195 1.796495 1.806209 1.520335 1.242047 0.000000 0.000000 0.000000 0.000000 0.000000 0.000000 
0.000000 0.000000 0.000000 0.000000 0.000000 2.569709 2.833885 2.300859 3.052241 2.912051 0.000000 3.117458 2.601820 2.491788 1.950326 0.000000 1.882451 1.272974 1.327037 1.166567 2.170630 2.036307 2.341582 1.806202 0.000000 0.000000 0.000000 0.000000 0.000000 0.000000 0.000000 
0.000000 0.000000 0.000000 0.000000 0.000000 0.000000 0.000000 1.611135 1.462136 3.734177 0.000000 3.117458 1.900108 1.884517 2.205879 2.060537 1.762107 0.989036 0.876866 1.525333 1.738831 2.539714 2.314532 1.894628 1.642799 0.000000 0.000000 0.000000 0.000000 0.000000 0.000000 
0.000000 0.000000 0.000000 0.000000 0.000000 0.000000 0.000000 1.189998 1.911218 2.134594 1.680935 1.821321 1.564207 3.227999 2.954357 1.687092 1.219733 0.000000 0.000000 2.108786 2.862522 2.185578 2.532531 2.932427 2.272105 0.000000 0.000000 0.000000 0.000000 0.000000 0.000000 
0.000000 0.000000 0.000000 0.000000 1.478931 3.089424 2.644319 0.000000 2.966259 1.828686 1.687466 1.479137 1.994099 4.118668 0.000000 1.968514 0.000000 1.189446 2.352476 2.236169 1.958745 1.846575 2.650373 2.682500 2.341456 1.827324 0.000000 0.000000 0.000000 0.000000 0.000000 
0.000000 0.000000 0.000000 1.132484 1.315047 1.756038 3.151684 3.521529 3.333571 2.637158 2.313741 1.884887 2.162247 1.851023 0.000000 2.040897 0.000000 0.000000 2.164410 2.022955 2.730611 2.341372 2.241985 2.044962 2.172533 1.372038 1.274336 0.000000 0.000000 0.000000 0.000000 
0.000000 0.000000 0.000000 0.617536 0.777621 1.973154 3.177639 3.403704 3.733054 3.231999 2.559532 2.311845 1.960518 1.725933 0.000000 0.000000 0.000000 1.298902 1.617421 2.749181 3.220443 2.696100 1.806895 1.684872 2.137174 1.442558 0.000000 0.000000 0.000000 0.000000 0.000000 
0.000000 0.000000 0.000000 0.505998 1.110887 2.532042 2.254897 2.379453 2.833500 2.410814 1.782038 1.063987 0.000000 1.427301 0.000000 0.000000 0.000000 1.519860 0.000000 1.203255 1.895798 1.807372 1.649809 1.453311 1.811203 0.000000 1.703041 0.595622 0.000000 0.000000 0.000000 
0.000000 0.000000 0.000000 0.000000 0.000000 1.205998 1.612817 3.316974 2.975527 1.014950 0.000000 0.000000 0.000000 0.000000 0.000000 0.000000 0.000000 0.000000 0.000000 1.346728 1.586731 1.437721 1.461202 0.000000 0.000000 0.000000 0.000000 0.000000 0.000000 0.000000 0.000000 
0.000000 0.000000 0.000000 0.000000 0.000000 0.791836 2.119173 2.383171 2.568465 1.303537 1.095198 1.278358 0.000000 0.000000 0.000000 0.000000 0.000000 1.218827 1.503728 1.623624 1.407104 0.000000 0.000000 0.000000 0.000000 0.634168 0.000000 0.000000 0.000000 0.000000 0.000000 
0.000000 0.000000 0.000000 0.000000 0.000000 0.000000 0.000000 2.002055 2.241997 2.247685 0.000000 0.000000 0.000000 0.000000 0.000000 0.000000 0.000000 1.746887 1.457124 1.242088 1.135845 0.000000 0.000000 0.000000 0.000000 0.000000 0.000000 0.000000 0.000000 0.000000 0.000000 
0.000000 0.000000 0.000000 0.000000 0.000000 0.000000 1.213744 1.563773 1.798962 2.836602 0.000000 0.000000 0.000000 0.000000 0.000000 1.013250 1.495273 0.000000 1.197961 1.715722 1.187529 1.355882 1.662284 1.239458 0.000000 0.000000 0.000000 0.000000 0.000000 0.000000 0.000000 
0.000000 0.000000 0.000000 0.000000 0.000000 0.000000 0.000000 1.267796 1.525253 2.036643 0.000000 0.000000 0.000000 0.000000 0.000000 0.000000 1.596974 0.959516 1.061002 1.572631 1.350480 1.086139 1.063561 0.891603 0.000000 0.000000 0.000000 0.000000 0.000000 0.000000 0.000000 
0.000000 0.000000 0.000000 0.000000 0.000000 0.000000 0.000000 0.000000 0.000000 0.000000 0.000000 0.000000 0.000000 0.000000 0.000000 0.000000 0.000000 1.058198 1.573492 1.535985 1.314212 1.446783 1.072666 0.459766 0.000000 0.000000 0.000000 0.000000 0.000000 0.000000 0.000000 
0.000000 0.000000 0.000000 0.000000 0.000000 0.000000 0.000000 0.000000 0.000000 0.000000 0.000000 0.000000 0.000000 0.000000 0.000000 0.000000 0.000000 0.000000 0.000000 1.603986 0.000000 1.839192 2.576110 1.326439 0.000000 0.000000 0.000000 0.000000 0.000000 0.000000 0.000000 
0.000000 0.000000 0.000000 0.000000 0.000000 0.000000 0.000000 0.000000 0.000000 0.000000 0.000000 0.000000 0.000000 0.000000 0.000000 0.000000 0.000000 0.000000 0.000000 1.724316 1.446298 1.811774 0.000000 1.160737 0.000000 0.000000 0.000000 0.000000 0.000000 0.000000 0.000000 
0.000000 0.000000 0.000000 0.000000 0.000000 0.000000 0.000000 0.000000 0.000000 0.000000 0.000000 0.000000 0.000000 0.000000 0.000000 0.000000 0.000000 0.000000 0.000000 0.000000 1.330163 0.974527 0.000000 0.000000 0.000000 0.000000 0.000000 0.000000 0.000000 0.000000 0.000000 
0.000000 0.000000 0.000000 0.000000 0.000000 0.000000 0.000000 0.000000 0.000000 0.000000 0.000000 0.000000 0.000000 0.000000 0.000000 0.000000 0.000000 0.000000 0.000000 0.000000 0.000000 1.469176 0.000000 0.000000 0.000000 0.000000 0.000000 0.000000 0.000000 0.000000 0.000000 
0.000000 0.000000 0.000000 0.000000 0.000000 0.000000 0.000000 0.000000 0.000000 0.000000 0.000000 0.000000 0.000000 0.000000 0.000000 0.000000 0.000000 0.000000 0.000000 0.000000 0.000000 0.731180 0.000000 0.000000 0.000000 0.000000 0.000000 0.000000 0.000000 0.000000 0.000000 
0.000000 0.000000 0.000000 0.000000 0.000000 0.000000 0.000000 0.000000 0.000000 0.000000 0.000000 0.000000 0.000000 0.000000 0.000000 0.000000 0.000000 0.000000 0.000000 0.000000 0.000000 0.000000 0.000000 0.000000 0.000000 0.000000 0.000000 0.000000 0.000000 0.000000 0.000000 

X-15
0.000000 0.000000 0.000000 0.000000 0.000000 0.000000 0.000000 0.000000 0.000000 0.000000 0.000000 0.000000 0.000000 0.000000 0.000000 0.000000 0.000000 0.000000 0.000000 0.000000 0.000000 0.000000 0.000000 0.000000 0.000000 0.000000 0.000000 0.000000 0.000000 0.000000 0.000000 
0.000000 0.000000 0.000000 0.000000 2.735459 1.588241 2.927004 0.000000 0.000000 0.000000 0.000000 0.000000 0.000000 0.000000 0.000000 0.000000 0.000000 0.000000 0.000000 0.000000 0.000000 0.000000 0.000000 0.000000 0.000000 0.000000 0.000000 0.000000 0.000000 0.000000 0.000000 
0.000000 0.000000 0.172028 2.918169 1.858048 1.908814 0.000000 2.132217 3.035376 0.000000 0.000000 0.000000 0.000000 0.000000 0.000000 0.000000 0.000000 0.000000 0.000000 0.000000 0.000000 0.000000 0.000000 0.000000 0.000000 0.000000 0.000000 0.000000 0.000000 0.000000 0.000000 
0.000000 0.000000 0.000000 0.000000 1.852882 0.000000 0.000000 2.649019 2.474098 2.638275 0.000000 0.000000 0.000000 0.000000 0.000000 0.000000 0.000000 2.205462 2.001844 1.621618 1.691503 2.011443 0.000000 0.000000 0.000000 0.000000 0.000000 0.000000 0.000000 0.000000 0.000000 
0.000000 0.000000 0.000000 0.000000 2.005131 2.690969 0.000000 3.074247 0.000000 0.000000 0.000000 0.000000 0.000000 0.000000 2.681191 1.974703 2.411366 2.678598 0.000000 1.922260 1.986011 2.017130 0.000000 0.000000 0.000000 0.000000 0.000000 0.000000 0.000000 0.000000 0.000000 
0.000000 0.000000 0.000000 0.000000 2.038733 2.690969 1.926797 0.000000 0.000000 0.000000 0.000000 0.000000 0.000000 0.000000 0.000000 0.000000 2.217265 2.415212 2.447566 2.232067 2.460640 2.350883 1.662338 0.000000 0.000000 0.000000 0.000000 0.000000 0.000000 0.000000 0.000000 
0.000000 0.000000 0.000000 0.862228 2.043053 2.008021 2.165543 2.607062 3.105005 0.000000 0.000000 0.000000 0.000000 0.000000 0.000000 0.000000 2.154225 2.127006 1.674014 1.980130 2.425211 2.070869 1.866027 1.462184 0.000000 1.646350 0.910162 0.000000 0.000000 0.000000 0.000000 
0.000000 0.000000 0.000000 0.818010 1.772889 2.270315 2.280765 2.706390 2.697171 0.000000 0.000000 2.447559 0.000000 2.488485 0.000000 1.980882 0.000000 0.000000 2.731560 1.930995 2.047894 2.132015 1.714622 1.571186 1.742192 1.569095 0.000000 0.000000 0.000000 0.000000 0.000000 
0.000000 0.000000 0.000000 0.000000 2.751567 2.812545 2.363255 2.342920 2.520581 2.139580 2.447559 0.000000 2.981279 2.645767 2.564849 0.000000 0.000000 0.000000 2.463044 1.584768 2.035194 1.515373 1.703647 1.639061 0.000000 0.000000 0.000000 0.000000 0.000000 0.000000 0.000000 
0.000000 0.000000 0.000000 0.000000 3.541687 2.527317 2.673718 2.542368 2.714907 0.000000 0.000000 2.682278 2.605864 2.928581 0.000000 0.000000 0.000000 0.000000 1.104013 0.000000 2.029802 1.686025 2.026579 2.136843 1.647324 0.000000 0.000000 0.000000 0.000000 0.000000 0.000000 
0.000000 0.000000 0.000000 2.608267 2.048177 2.760388 2.497020 2.670033 2.681268 0.000000 0.000000 3.117458 2.388443 1.554427 1.795531 1.788926 1.720903 0.000000 0.984273 1.360222 2.115839 2.775227 2.256398 2.203738 1.559437 1.112152 0.000000 0.000000 0.000000 0.000000 0.000000 
0.000000 0.000000 0.000000 1.428736 1.884454 3.086209 0.000000 2.009658 2.254025 1.976019 2.746885 2.806982 1.504076 0.000000 0.000000 1.847658 0.941001 0.000000 0.000000 1.810741 2.465526 2.638589 2.531589 2.386398 1.952293 0.000000 1.013088 0.000000 0.000000 0.000000 0.000000 
0.000000 0.000000 0.000000 0.000000 1.994880 3.456719 1.959594 1.854216 1.929331 0.000000 1.723128 1.669664 2.899068 3.080991 2.085263 1.805786 0.000000 1.295854 2.043630 1.825324 0.000000 2.344322 2.362141 2.418001 2.524132 1.693188 1.330363 0.000000 0.000000 0.000000 0.000000 
0.000000 0.000000 0.585924 1.132413 2.498231 2.495886 3.020025 3.322124 2.070928 1.532876 1.708031 1.778184 2.963051 2.098645 2.110024 2.051253 0.000000 0.000000 1.858167 1.838981 1.701452 2.763656 2.522063 2.627793 2.606520 1.953258 1.265938 0.000000 0.000000 0.000000 0.000000 
0.000000 0.000000 1.133579 1.204618 1.289211 2.103113 3.520563 3.998556 2.682844 2.454661 2.381423 2.768610 2.030623 1.655507 2.506447 0.000000 0.000000 1.038746 1.669256 0.000000 2.393587 2.346099 2.076451 1.656554 2.043425 2.081039 1.141404 0.000000 0.000000 0.000000 0.000000 
0.000000 0.000000 0.000000 0.591761 1.184809 2.814963 2.526768 3.317931 3.336098 2.345784 2.188994 1.828747 1.416217 1.397923 0.000000 0.000000 0.000000 1.369272 1.291208 0.000000 2.531687 1.858899 0.000000 0.000000 0.000000 0.000000 1.123857 0.857679 0.000000 0.000000 0.000000 
0.000000 0.000000 0.000000 0.000000 1.353098 2.251320 2.211866 2.788327 2.506046 1.642819 1.049130 1.528987 1.306784 1.235815 0.000000 0.000000 0.000000 0.950576 0.000000 1.149624 1.494007 0.000000 0.000000 0.000000 0.000000 0.000000 1.398299 0.000000 0.000000 0.000000 0.000000 
0.000000 0.000000 0.000000 0.000000 0.624961 1.007429 2.599692 2.876798 2.234021 1.274455 0.000000 0.000000 0.000000 0.000000 0.000000 0.000000 0.000000 0.990454 1.050184 1.540456 1.262313 0.000000 0.000000 0.000000 0.000000 0.000000 0.000000 0.000000 0.000000 0.000000 0.000000 
0.000000 0.000000 0.000000 0.000000 0.000000 0.955016 2.566698 2.006942 1.863065 1.465895 1.643090 0.000000 0.000000 0.000000 0.000000 0.000000 0.000000 1.592015 1.422868 1.149446 0.885890 0.000000 0.000000 0.000000 0.000000 0.000000 0.000000 0.000000 0.000000 0.000000 0.000000 
0.000000 0.000000 0.000000 0.000000 0.000000 1.066701 1.981645 1.763400 2.246059 1.812138 1.334867 0.000000 0.000000 0.000000 0.000000 0.000000 0.000000 1.739292 1.407700 1.039006 1.425650 0.000000 0.000000 0.000000 0.000000 0.000000 0.000000 0.000000 0.000000 0.000000 0.000000 
0.000000 0.000000 0.000000 0.000000 0.000000 0.000000 0.000000 1.310430 2.149356 2.226248 1.245522 0.000000 0.000000 0.000000 0.000000 0.000000 0.000000 0.000000 0.860397 0.000000 1.373770 1.471189 1.320628 1.057022 0.000000 0.000000 0.000000 0.000000 0.000000 0.000000 0.000000 
0.000000 0.000000 0.000000 0.000000 0.000000 0.000000 0.000000 0.000000 0.000000 1.247070 0.000000 0.000000 0.000000 0.000000 0.000000 0.000000 0.000000 0.891770 0.951973 0.000000 1.357869 1.187001 0.000000 0.561731 0.000000 0.000000 0.000000 0.000000 0.000000 0.000000 0.000000 
0.000000 0.000000 0.000000 0.000000 0.000000 0.000000 0.000000 0.000000 0.000000 0.000000 0.000000 0.000000 0.000000 0.000000 0.000000 0.000000 0.000000 0.000000 0.000000 0.000000 0.000000 1.284318 0.000000 0.000000 0.000000 0.000000 0.000000 0.000000 0.000000 0.000000 0.000000 
0.000000 0.000000 0.000000 0.000000 0.000000 0.000000 0.000000 0.000000 0.000000 0.000000 0.000000 0.000000 0.000000 0.000000 0.000000 0.000000 0.000000 0.000000 0.917677 1.492399 0.000000 0.000000 0.000000 0.000000 0.000000 0.000000 0.000000 0.000000 0.000000 0.000000 0.000000 
0.000000 0.000000 0.000000 0.000000 0.000000 0.000000 0.000000 0.000000 0.000000 0.000000 0.000000 0.000000 0.000000 0.000000 0.000000 0.000000 0.000000 0.000000 1.742522 1.347770 0.662580 0.000000 0.000000 0.000000 0.000000 0.000000 0.000000 0.000000 0.000000 0.000000 0.000000 
0.000000 0.000000 0.000000 0.000000 0.000000 0.000000 0.000000 0.000000 0.000000 0.000000 0.000000 0.000000 0.000000 0.000000 0.000000 0.000000 0.000000 0.000000 0.000000 0.000000 0.000000 1.105827 0.000000 0.000000 0.000000 0.000000 0.000000 0.000000 0.000000 0.000000 0.000000 
0.000000 0.000000 0.000000 0.000000 0.000000 0.000000 0.000000 0.000000 0.000000 0.000000 0.000000 0.000000 0.000000 0.000000 0.000000 0.000000 0.000000 0.000000 0.000000 0.000000 0.000000 0.000000 0.000000 0.000000 0.000000 0.000000 0.000000 0.000000 0.000000 0.000000 0.000000 
0.000000 0.000000 0.000000 0.000000 0.000000 0.000000 0.000000 0.000000 0.000000 0.000000 0.000000 0.000000 0.000000 0.000000 0.000000 0.000000 0.000000 0.000000 0.000000 0.000000 0.000000 0.000000 0.000000 0.000000 0.000000 0.000000 0.000000 0.000000 0.000000 0.000000 0.000000 

X-16
0.000000 0.000000 0.000000 0.000000 0.000000 0.000000 0.000000 0.000000 0.000000 0.000000 0.000000 0.000000 0.000000 0.000000 0.000000 0.000000 0.000000 0.000000 0.000000 0.000000 0.000000 0.000000 0.000000 0.000000 0.000000 0.000000 0.000000 0.000000 0.000000 0.000000 0.000000 
0.000000 0.000000 0.000000 0.000000 2.333281 2.721909 2.800576 0.000000 3.062400 0.000000 0.000000 0.000000 0.000000 0.000000 0.000000 0.000000 0.000000 0.000000 0.000000 0.000000 0.000000 0.000000 0.000000 0.000000 0.000000 0.000000 0.000000 0.000000 0.000000 0.000000 0.000000 
0.000000 0.000000 0.147073 2.688867 2.124757 2.195679 0.000000 0.000000 0.000000 0.000000 0.000000 0.000000 0.000000 0.000000 0.000000 0.000000 0.000000 0.000000 0.000000 0.000000 0.000000 0.000000 0.000000 0.000000 0.000000 0.000000 0.000000 0.000000 0.000000 0.000000 0.000000 
0.000000 0.000000 0.000000 0.000000 1.471068 0.000000 3.421107 2.180192 0.000000 0.000000 0.000000 0.000000 0.000000 0.000000 0.000000 0.000000 0.000000 0.000000 1.876276 1.975685 0.000000 1.828771 0.000000 0.000000 0.000000 0.000000 0.000000 0.000000 0.000000 0.000000 0.000000 
0.000000 0.000000 0.000000 0.000000 1.774739 1.389412 1.389412 2.321769 0.000000 0.000000 0.000000 0.000000 0.000000 0.000000 2.815669 0.000000 0.000000 1.897805 1.639338 1.819409 2.239913 2.457418 1.996113 0.000000 0.000000 0.000000 0.000000 0.000000 0.000000 0.000000 0.000000 
0.000000 0.000000 0.531014 0.673120 2.140425 2.924103 0.000000 2.845636 2.469388 0.000000 0.000000 0.000000 0.000000 0.000000 0.000000 0.000000 0.000000 0.000000 0.000000 1.829428 2.308516 2.353417 1.779780 0.000000 1.528453 1.090256 0.000000 0.000000 0.000000 0.000000 0.000000 
0.000000 0.000000 0.000000 0.000000 2.249352 2.685749 0.000000 0.000000 0.000000 0.000000 0.000000 0.000000 0.000000 2.696942 0.000000 0.000000 0.000000 0.000000 2.035047 2.499644 2.627059 2.382115 2.032865 1.400157 1.422242 1.405652 1.024340 0.000000 0.000000 0.000000 0.000000 
0.000000 0.000000 0.000000 0.000000 2.303315 2.027149 0.000000 2.893583 2.594963 0.000000 0.000000 0.000000 0.000000 0.000000 0.000000 1.860293 0.000000 2.721822 2.066358 2.070915 1.953474 2.124134 1.931697 1.861827 1.448619 1.555744 1.281644 0.000000 0.000000 0.000000 0.000000 
0.000000 0.000000 0.000000 1.628718 1.995418 1.995671 2.398004 2.740873 2.388235 2.139580 2.447559 2.538880 2.784095 2.599002 2.089577 2.009133 0.000000 2.294780 2.173126 2.142024 2.118137 1.420119 1.997415 2.096274 1.433328 1.177063 0.000000 0.000000 0.000000 0.000000 0.000000 
0.000000 0.000000 0.000000 1.928560 3.645705 2.313741 2.727019 2.322770 2.388235 0.000000 2.676546 2.817088 2.586577 2.500347 1.979302 2.124693 0.000000 0.000000 1.732326 2.069018 1.911401 1.612737 1.871523 2.331734 1.424752 0.985093 0.000000 0.000000 0.000000 0.000000 0.000000 
0.000000 0.000000 0.000000 2.839416 3.135272 2.562178 2.211912 0.000000 2.438558 2.617251 2.716461 3.150340 2.647858 2.016459 1.852563 0.000000 0.000000 0.000000 0.000000 0.000000 1.875044 2.151850 2.359197 2.225942 1.764010 0.735344 0.136177 0.000000 0.000000 0.000000 0.000000 
0.000000 0.000000 0.000000 0.000000 2.153838 2.863777 0.000000 0.000000 2.599851 2.414253 2.551394 2.400260 1.402694 1.237566 0.000000 0.000000 0.000000 0.000000 1.284392 1.883772 2.536250 2.276637 2.739588 2.157857 2.037916 1.409989 0.698725 0.000000 0.000000 0.000000 0.000000 
0.000000 0.000000 0.000000 1.395487 2.585763 2.955209 1.710304 2.762789 2.238885 1.507647 1.753982 1.549021 1.331052 1.296815 0.000000 0.000000 0.000000 0.000000 1.740902 0.000000 1.716164 2.249980 2.454221 2.413957 2.398372 1.667213 1.565299 0.000000 0.000000 0.000000 0.000000 
0.000000 0.000000 0.468913 1.076250 3.036661 2.320575 1.670401 2.875063 1.765588 1.604084 1.410875 1.873136 2.913481 1.765222 0.000000 0.000000 0.000000 0.000000 0.000000 1.366348 1.993917 2.115198 2.108830 2.325894 2.571174 2.229833 1.398966 1.025574 0.000000 0.000000 0.000000 
0.000000 0.000000 0.000000 1.524481 2.622772 2.724544 3.268392 2.857518 1.894584 1.938535 1.773060 2.939244 2.456062 1.918349 1.907329 0.000000 0.000000 0.000000 0.000000 1.510477 2.347134 0.000000 0.000000 2.380449 2.012488 2.469621 1.380470 1.228995 0.623149 0.000000 0.000000 
0.000000 0.000000 0.000000 0.000000 1.374655 3.017371 3.566295 3.721853 2.737591 2.485650 2.484117 2.220661 1.974948 2.291913 2.149516 0.000000 0.000000 0.995882 0.000000 1.556824 1.992897 0.000000 0.000000 0.000000 1.620951 2.440098 1.338522 1.150884 0.630074 0.000000 0.000000 
0.000000 0.000000 0.000000 0.000000 1.909491 2.673519 2.481160 3.010487 2.395522 0.000000 1.339158 1.315687 0.000000 1.686616 0.000000 0.000000 0.000000 1.076805 0.000000 0.000000 1.238670 0.000000 0.000000 0.000000 0.000000 1.901897 1.709667 0.000000 0.000000 0.000000 0.000000 
0.000000 0.000000 0.000000 0.000000 0.000000 1.448343 2.808339 2.821677 1.701596 1.300867 0.000000 0.000000 0.000000 0.000000 0.000000 0.000000 0.000000 0.000000 0.000000 0.000000 0.000000 0.000000 0.000000 0.000000 0.000000 0.000000 0.000000 1.008360 0.000000 0.000000 0.000000 
0.000000 0.000000 0.000000 0.000000 0.000000 1.570135 2.586287 2.265100 1.201479 1.462027 2.288182 0.000000 0.000000 0.000000 0.000000 0.000000 0.000000 0.000000 0.940553 1.016473 1.201013 0.000000 0.000000 0.000000 0.000000 0.000000 0.000000 0.000000 0.536237 0.000000 0.000000 
0.000000 0.000000 0.000000 0.000000 0.000000 0.000000 0.000000 2.177654 1.845735 1.598378 0.000000 0.000000 0.000000 0.000000 0.000000 0.000000 0.000000 0.766062 1.335676 0.000000 1.310666 0.000000 0.000000 0.000000 0.000000 0.000000 0.000000 0.000000 0.000000 0.000000 0.000000 
0.000000 0.000000 0.000000 0.000000 0.000000 0.000000 1.427488 2.034570 0.000000 0.000000 0.000000 0.000000 0.000000 0.000000 0.000000 0.000000 0.000000 0.000000 0.000000 0.000000 1.527023 0.000000 1.055950 0.909707 0.000000 0.000000 0.000000 0.000000 0.000000 0.000000 0.000000 
0.000000 0.000000 0.000000 0.000000 0.000000 0.000000 1.043579 0.000000 0.000000 0.000000 0.000000 0.000000 0.000000 0.000000 0.000000 0.000000 0.000000 0.000000 0.000000 0.000000 0.000000 0.000000 1.034881 0.770174 0.000000 0.000000 0.000000 0.000000 0.000000 0.000000 0.000000 
0.000000 0.000000 0.000000 0.000000 0.000000 0.000000 0.000000 0.000000 0.000000 0.000000 0.000000 0.000000 0.000000 0.000000 0.000000 0.000000 0.000000 0.000000 0.000000 0.000000 0.000000 0.000000 0.000000 0.000000 0.000000 0.000000 0.000000 0.000000 0.000000 0.000000 0.000000 
0.000000 0.000000 0.000000 0.000000 0.000000 0.000000 0.000000 0.000000 0.000000 0.000000 0.000000 0.000000 0.000000 0.000000 0.000000 0.000000 0.000000 0.000000 0.000000 0.000000 0.000000 0.000000 0.000000 0.000000 0.000000 0.000000 0.000000 0.000000 0.000000 0.000000 0.000000 
0.000000 0.000000 0.000000 0.000000 0.000000 0.000000 0.000000 0.000000 0.000000 0.000000 0.000000 0.000000 0.000000 0.000000 0.000000 0.000000 0.000000 0.000000 0.000000 0.000000 0.000000 0.000000 0.000000 0.000000 0.000000 0.000000 0.000000 0.000000 0.000000 0.000000 0.000000 
0.000000 0.000000 0.000000 0.000000 0.000000 0.000000 0.000000 0.000000 0.000000 0.000000 0.000000 0.000000 0.000000 0.000000 0.000000 0.000000 0.000000 0.000000 0.000000 0.000000 0.000000 0.000000 0.000000 0.000000 0.000000 0.000000 0.000000 0.000000 0.000000 0.000000 0.000000 
0.000000 0.000000 0.000000 0.000000 0.000000 0.000000 0.000000 0.000000 0.000000 0.000000 0.000000 0.000000 0.000000 0.000000 0.000000 0.000000 0.000000 0.000000 0.000000 0.000000 0.000000 0.000000 0.000000 0.000000 0.000000 0.000000 0.000000 0.000000 0.000000 0.000000 0.000000 
0.000000 0.000000 0.000000 0.000000 0.000000 0.000000 0.000000 0.000000 0.000000 0.000000 0.000000 0.000000 0.000000 0.000000 0.000000 0.000000 0.000000 0.000000 0.000000 0.000000 0.000000 0.000000 0.000000 0.000000 0.000000 0.000000 0.000000 0.000000 0.000000 0.000000 0.000000 

X-17
0.000000 0.000000 0.000000 0.000000 0.000000 0.000000 0.000000 0.000000 0.000000 0.000000 0.000000 0.000000 0.000000 0.000000 0.000000 0.000000 0.000000 0.000000 0.000000 0.000000 0.000000 0.000000 0.000000 0.000000 0.000000 0.000000 0.000000 0.000000 0.000000 0.000000 0.000000 
0.000000 0.000000 0.000000 0.000000 0.000000 0.000000 0.000000 0.000000 0.000000 0.000000 0.000000 0.000000 0.000000 0.000000 0.000000 0.000000 0.000000 0.000000 0.000000 0.000000 0.000000 0.000000 0.000000 0.000000 0.000000 0.000000 0.000000 0.000000 0.000000 0.000000 0.000000 
0.000000 0.000000 0.000000 1.474536 2.396829 0.000000 2.704474 3.244480 3.116043 3.070633 0.000000 0.000000 0.000000 0.000000 0.000000 0.000000 0.000000 0.000000 0.000000 0.000000 0.000000 0.000000 0.000000 0.000000 0.000000 0.000000 0.000000 0.000000 0.000000 0.000000 0.000000 
0.000000 0.000000 0.000000 0.000000 2.802260 2.734963 4.223149 2.907322 2.787451 2.139138 0.000000 0.000000 0.000000 0.000000 0.000000 0.000000 0.000000 0.000000 1.603508 1.706619 1.515701 1.518205 1.269586 0.000000 0.000000 0.000000 0.000000 0.000000 0.000000 0.000000 0.000000 
0.000000 0.000000 1.393426 2.276152 1.543426 3.215009 3.819370 2.184625 2.142769 0.000000 0.000000 0.000000 0.000000 0.000000 0.000000 0.000000 0.000000 0.000000 1.866941 1.736619 1.704070 2.364936 1.539529 0.000000 0.000000 0.000000 0.000000 0.000000 0.000000 0.000000 0.000000 
0.000000 0.000000 1.962179 1.678523 1.774739 0.000000 1.389412 2.335373 2.078692 0.000000 0.000000 3.038351 2.258200 0.000000 0.000000 0.000000 0.000000 0.000000 0.000000 2.012675 2.323215 2.336620 2.202186 0.000000 0.000000 1.096934 0.000000 0.000000 0.000000 0.000000 0.000000 
0.000000 0.000000 0.000000 1.035854 1.974162 2.924103 3.166171 2.434060 2.406627 0.000000 2.817472 0.000000 2.598271 0.000000 0.000000 0.000000 0.000000 0.000000 2.340041 2.038424 1.996539 2.171649 2.157958 1.597169 1.687225 1.999801 0.000000 0.000000 0.000000 0.000000 0.000000 
0.000000 0.000000 0.000000 1.352264 0.000000 0.000000 3.071529 2.704818 2.678570 2.068719 0.000000 2.814603 2.730093 2.534910 2.018985 0.000000 0.000000 2.124596 2.356082 2.316397 2.301365 2.111287 2.136753 1.995546 1.230889 0.000000 0.000000 0.000000 0.000000 0.000000 0.000000 
0.000000 0.000000 0.000000 0.000000 2.232213 2.135739 2.472696 3.035806 0.000000 0.000000 3.447133 0.000000 2.757570 2.413624 2.014985 2.201269 0.000000 0.000000 0.000000 0.000000 1.984964 1.881953 2.003004 1.812867 1.340932 1.441811 1.364560 0.000000 0.000000 0.000000 0.000000 
0.000000 0.000000 0.887955 1.798860 2.139000 2.097099 2.501509 2.697171 2.139580 2.447559 2.447559 0.000000 2.590958 2.178207 1.794539 0.000000 0.000000 1.913269 1.789667 0.000000 0.000000 1.985215 1.889809 1.716742 1.401469 1.387728 0.000000 0.000000 0.000000 0.000000 0.000000 
0.000000 0.000000 0.992303 2.130602 2.613038 2.363255 2.342920 2.348570 2.139580 2.447559 2.817088 0.000000 2.417541 2.006676 1.890797 2.683765 0.000000 0.000000 0.000000 0.000000 0.000000 2.219137 1.883142 1.707478 2.043495 1.557976 0.720401 0.000000 0.000000 0.000000 0.000000 
0.000000 0.000000 1.927884 3.557754 2.709935 2.586426 2.483190 2.545883 2.453816 2.817088 2.716461 2.563652 1.952959 0.000000 0.000000 0.000000 0.000000 0.000000 0.000000 0.000000 1.897983 2.453194 2.431335 2.081821 2.026197 1.401260 0.821889 0.000000 0.000000 0.000000 0.000000 
0.000000 0.407666 1.692539 2.271791 2.774760 2.611814 0.000000 0.000000 2.768441 2.562716 2.214156 1.847850 1.398121 1.289921 0.000000 0.000000 0.000000 0.000000 0.000000 0.000000 2.043676 2.607024 2.297810 2.383455 2.118695 1.760211 1.333274 0.720596 0.000000 0.000000 0.000000 
0.000000 0.000000 0.000000 1.650223 3.036503 2.341387 1.817718 3.018639 2.158032 2.443657 1.669969 1.308158 1.304558 1.177361 0.000000 0.000000 0.000000 0.000000 0.000000 1.750451 2.050220 1.848467 2.297884 2.199880 2.358293 2.268839 1.728624 0.806627 0.272567 0.000000 0.000000 
0.000000 0.000000 0.000000 0.000000 3.239339 1.838943 2.900455 2.132418 1.559109 1.733348 1.939942 2.474087 1.923446 1.277474 0.654016 0.000000 0.000000 0.000000 0.000000 0.000000 0.000000 1.763775 2.041390 2.362376 2.377979 2.515823 1.962678 1.084436 1.083379 0.000000 0.000000 
0.000000 0.000000 0.000000 0.000000 2.163171 3.182419 3.992941 2.266650 1.963861 1.918270 2.436947 2.438911 2.031687 0.000000 0.000000 0.000000 0.000000 0.000000 0.000000 0.000000 0.000000 0.000000 1.884605 2.062244 1.708606 1.996204 2.061662 1.184419 1.058366 0.000000 0.000000 
0.000000 0.000000 0.000000 0.000000 0.000000 2.439235 3.185044 3.091927 2.169207 0.000000 1.898829 1.418768 0.000000 0.000000 0.000000 0.000000 0.000000 0.000000 0.000000 0.000000 0.000000 0.000000 0.000000 1.801120 1.325857 1.526232 2.298934 1.096784 0.000000 0.000000 0.000000 
0.000000 0.000000 0.000000 0.000000 0.000000 2.092791 2.418587 2.502753 1.731942 1.153820 0.000000 0.000000 0.000000 0.000000 0.000000 0.000000 0.000000 0.000000 0.000000 0.000000 0.000000 0.000000 0.000000 0.000000 1.032409 0.964418 1.463744 0.895898 0.927652 0.000000 0.000000 
0.000000 0.000000 0.000000 0.000000 0.000000 0.000000 0.000000 1.511058 1.085744 1.241816 0.000000 0.000000 0.000000 0.000000 0.000000 0.000000 0.000000 0.000000 0.000000 0.000000 0.000000 0.000000 0.000000 0.000000 0.000000 0.608932 0.000000 0.000000 1.026206 0.000000 0.000000 
0.000000 0.000000 0.000000 0.000000 0.000000 0.000000 0.000000 1.293018 1.187107 1.922895 0.000000 0.000000 0.000000 0.000000 0.000000 0.000000 0.000000 0.000000 0.000000 0.000000 0.000000 0.000000 0.000000 0.000000 0.000000 0.000000 0.000000 0.000000 0.000000 0.000000 0.000000 
0.000000 0.000000 0.000000 0.000000 0.000000 0.000000 1.544416 1.919601 0.000000 0.000000 0.000000 0.000000 0.000000 0.000000 0.000000 0.000000 0.000000 0.000000 0.000000 0.000000 0.000000 0.000000 0.000000 0.000000 0.000000 0.000000 0.000000 0.000000 0.000000 0.000000 0.000000 
0.000000 0.000000 0.000000 0.000000 0.000000 0.000000 0.000000 0.000000 0.000000 0.000000 0.000000 0.000000 0.000000 0.000000 0.000000 0.000000 0.000000 0.000000 0.000000 0.000000 0.000000 0.000000 0.000000 0.000000 0.000000 0.000000 0.000000 0.000000 0.000000 0.000000 0.000000 
0.000000 0.000000 0.000000 0.000000 0.000000 0.000000 0.000000 0.000000 0.000000 0.000000 0.000000 0.000000 0.000000 0.000000 0.000000 0.000000 0.000000 0.000000 0.000000 0.000000 0.000000 0.000000 0.000000 0.000000 0.000000 0.000000 0.000000 0.000000 0.000000 0.000000 0.000000 
0.000000 0.000000 0.000000 0.000000 0.000000 0.000000 0.000000 0.000000 0.000000 0.000000 0.000000 0.000000 0.000000 0.000000 0.000000 0.000000 0.000000 0.000000 0.000000 0.000000 0.000000 0.000000 0.000000 0.000000 0.000000 0.000000 0.000000 0.000000 0.000000 0.000000 0.000000 
0.000000 0.000000 0.000000 0.000000 0.000000 0.000000 0.000000 0.000000 0.000000 0.000000 0.000000 0.000000 0.000000 0.000000 0.000000 0.000000 0.000000 0.000000 0.000000 0.000000 0.000000 0.000000 0.000000 0.000000 0.000000 0.000000 0.000000 0.000000 0.000000 0.000000 0.000000 
0.000000 0.000000 0.000000 0.000000 0.000000 0.000000 0.000000 0.000000 0.000000 0.000000 0.000000 0.000000 0.000000 0.000000 0.000000 0.000000 0.000000 0.000000 0.000000 0.000000 0.000000 0.000000 0.000000 0.000000 0.000000 0.000000 0.000000 0.000000 0.000000 0.000000 0.000000 
0.000000 0.000000 0.000000 0.000000 0.000000 0.000000 0.000000 0.000000 0.000000 0.000000 0.000000 0.000000 0.000000 0.000000 0.000000 0.000000 0.000000 0.000000 0.000000 0.000000 0.000000 0.000000 0.000000 0.000000 0.000000 0.000000 0.000000 0.000000 0.000000 0.000000 0.000000 
0.000000 0.000000 0.000000 0.000000 0.000000 0.000000 0.000000 0.000000 0.000000 0.000000 0.000000 0.000000 0.000000 0.000000 0.000000 0.000000 0.000000 0.000000 0.000000 0.000000 0.000000 0.000000 0.000000 0.000000 0.000000 0.000000 0.000000 0.000000 0.000000 0.000000 0.000000 

X-18
0.000000 0.000000 0.000000 0.000000 0.000000 0.000000 0.000000 0.000000 0.000000 0.000000 0.000000 0.000000 0.000000 0.000000 0.000000 0.000000 0.000000 0.000000 0.000000 0.000000 0.000000 0.000000 0.000000 0.000000 0.000000 0.000000 0.000000 0.000000 0.000000 0.000000 0.000000 
0.000000 0.000000 0.000000 0.000000 0.000000 0.000000 0.000000 0.000000 0.000000 0.000000 0.000000 0.000000 0.000000 0.000000 0.000000 0.000000 0.000000 0.000000 0.000000 0.000000 0.000000 0.000000 0.000000 0.000000 0.000000 0.000000 0.000000 0.000000 0.000000 0.000000 0.000000 
0.000000 0.000000 0.000000 0.000000 0.000000 3.722099 3.399554 0.000000 0.000000 0.000000 0.000000 0.000000 0.000000 0.000000 0.000000 0.000000 0.000000 0.000000 0.000000 0.000000 0.000000 0.000000 0.000000 0.000000 0.000000 0.000000 0.000000 0.000000 0.000000 0.000000 0.000000 
0.000000 0.000000 0.691408 1.499836 2.391575 3.036331 2.975761 3.866312 0.000000 0.000000 0.000000 0.000000 0.000000 0.000000 2.447104 0.000000 0.000000 0.000000 0.000000 0.000000 1.322781 1.467028 2.067883 2.562550 1.557711 0.000000 0.000000 0.000000 0.000000 0.000000 0.000000 
0.000000 0.000000 0.887779 1.823564 2.805847 2.838942 3.257395 3.116043 2.281161 2.700701 2.143382 0.000000 0.000000 0.000000 0.000000 0.000000 2.512523 2.825643 1.400692 1.937205 1.706619 1.515701 1.518205 0.000000 1.669305 0.000000 0.000000 0.000000 0.000000 0.000000 0.000000 
0.000000 0.000000 0.000000 2.055962 2.390158 3.610323 0.000000 1.389412 1.922420 2.067722 0.000000 2.286813 0.000000 2.643895 0.000000 0.000000 2.795540 2.336986 2.168831 1.702563 2.053288 1.704070 2.305753 0.000000 0.000000 0.000000 0.000000 0.000000 0.000000 0.000000 0.000000 
0.000000 0.000000 0.000000 1.859878 1.983046 4.553169 2.582852 2.618322 1.733353 2.081654 2.510459 2.262551 0.000000 2.863230 2.365403 0.000000 1.939018 0.000000 0.000000 0.000000 2.102594 2.335653 2.495598 1.886383 1.853941 0.000000 0.000000 0.000000 0.000000 0.000000 0.000000 
0.000000 0.000000 0.000000 1.532669 2.748647 2.960906 2.903666 2.464164 3.010363 2.041388 2.401969 2.665012 2.674318 2.372841 2.342664 2.234905 0.000000 2.128648 2.156547 0.000000 2.157461 2.072309 2.001886 1.994512 1.968294 2.047828 0.730052 0.000000 0.000000 0.000000 0.000000 
0.000000 0.000000 0.000000 0.000000 0.000000 2.870041 2.864439 2.762308 0.000000 3.447133 2.890635 2.730093 2.613981 1.945795 0.000000 0.000000 2.265708 1.666775 2.098961 0.000000 1.989452 1.914942 1.914941 2.076071 1.884869 1.119604 1.226236 0.791528 0.000000 0.000000 0.000000 
0.000000 0.000000 0.911806 2.225004 2.446606 2.390104 2.758977 2.789692 0.000000 3.447133 3.541844 0.000000 2.477584 1.976654 0.000000 3.094649 1.869921 1.802528 1.752955 1.956505 2.174004 1.912534 1.614286 1.528258 1.649629 1.252719 1.281404 1.112125 0.000000 0.000000 0.000000 
0.000000 0.000000 0.000000 1.964523 1.946677 2.354990 0.000000 0.000000 2.454791 2.447559 3.541844 2.655220 2.238304 1.949126 0.000000 0.000000 0.000000 0.000000 0.000000 1.831213 1.923806 2.168681 1.609269 1.530230 1.982183 1.449063 0.754808 0.000000 0.000000 0.000000 0.000000 
0.000000 0.000000 1.602752 2.409873 2.184636 1.901446 0.000000 0.000000 2.660643 2.676546 2.416521 2.454398 1.788423 0.000000 0.000000 0.000000 0.000000 0.000000 0.000000 0.000000 2.042133 2.158028 2.015298 1.783785 2.003921 1.890877 1.067053 0.000000 0.000000 0.000000 0.000000 
0.000000 0.758706 2.782549 3.578009 2.562178 2.280306 2.544681 2.508002 2.512344 2.817088 2.464464 2.064608 1.645954 1.600598 2.329892 0.000000 0.000000 0.000000 0.000000 0.000000 0.000000 0.000000 2.311637 2.423855 2.761058 2.103889 1.217607 0.288538 0.000000 0.000000 0.000000 
0.000000 0.000000 2.236364 2.006919 2.819941 2.526860 2.611079 2.721368 2.678486 0.000000 0.000000 0.000000 0.000000 0.000000 0.000000 0.000000 0.000000 0.000000 0.000000 0.000000 2.055125 0.000000 2.028701 2.233800 2.487532 2.172680 1.672453 1.249488 0.000000 0.000000 0.000000 
0.000000 0.386903 1.246811 0.000000 0.000000 1.966804 0.000000 0.000000 2.588333 0.000000 0.000000 0.000000 0.000000 0.000000 0.000000 0.000000 0.000000 0.000000 0.000000 0.000000 0.000000 0.000000 0.000000 2.060189 2.079609 2.393204 2.334489 1.386304 0.877235 0.000000 0.000000 
0.000000 0.352914 1.018156 2.573650 2.382827 2.443125 0.000000 0.000000 1.639531 1.823754 0.000000 0.000000 0.000000 0.000000 0.000000 0.000000 0.000000 0.000000 0.000000 0.000000 0.000000 0.000000 1.591654 1.981221 2.177892 1.956896 2.465160 1.652113 1.138887 0.000000 0.000000 
0.000000 0.000000 1.000792 1.642082 2.417285 0.000000 0.000000 0.000000 1.583690 0.000000 0.000000 0.000000 0.000000 0.000000 0.000000 0.000000 0.000000 0.000000 0.000000 0.000000 0.000000 0.000000 1.518826 1.567362 2.355529 1.445132 2.748755 2.018380 0.000000 0.000000 0.000000 
0.000000 0.000000 0.000000 0.000000 0.000000 0.000000 0.000000 0.000000 0.000000 0.000000 0.000000 0.000000 0.000000 0.000000 0.000000 0.000000 0.000000 0.000000 0.000000 0.000000 0.000000 0.000000 0.000000 1.302446 1.129924 1.665144 0.000000 2.350038 0.000000 0.000000 0.000000 
0.000000 0.000000 0.000000 0.000000 0.000000 0.000000 0.000000 1.322177 1.090292 1.891348 0.000000 0.000000 0.000000 0.000000 0.000000 0.000000 0.000000 0.000000 0.000000 0.000000 0.000000 0.000000 0.000000 0.970823 0.664810 0.000000 0.000000 1.157968 0.000000 0.000000 0.000000 
0.000000 0.000000 0.000000 0.000000 0.000000 0.000000 0.000000 0.000000 0.997775 2.303507 1.700054 0.000000 0.000000 0.000000 0.000000 0.000000 0.000000 0.000000 0.000000 0.000000 0.000000 0.000000 0.000000 0.000000 0.000000 0.000000 0.000000 0.000000 0.000000 0.000000 0.000000 
0.000000 0.000000 0.000000 0.000000 0.000000 0.000000 0.000000 0.000000 1.425039 1.728244 0.712018 0.000000 0.000000 0.000000 0.000000 0.000000 0.000000 0.000000 0.000000 0.000000 0.000000 0.000000 0.000000 0.000000 0.000000 0.000000 0.000000 0.000000 0.000000 0.000000 0.000000 
0.000000 0.000000 0.000000 0.000000 0.000000 0.000000 0.000000 0.000000 0.000000 0.000000 0.000000 0.000000 0.000000 0.000000 0.000000 0.000000 0.000000 0.000000 0.000000 0.000000 0.000000 0.000000 0.000000 0.000000 0.000000 0.000000 0.000000 0.000000 0.000000 0.000000 0.000000 
0.000000 0.000000 0.000000 0.000000 0.000000 0.000000 0.000000 0.000000 0.000000 0.000000 0.000000 0.000000 0.000000 0.000000 0.000000 0.000000 0.000000 0.000000 0.000000 0.000000 0.000000 0.000000 0.000000 0.000000 0.000000 0.000000 0.000000 0.000000 0.000000 0.000000 0.000000 
0.000000 0.000000 0.000000 0.000000 0.000000 0.000000 0.000000 0.000000 0.000000 0.000000 0.000000 0.000000 0.000000 0.000000 0.000000 0.000000 0.000000 0.000000 0.000000 0.000000 0.000000 0.000000 0.000000 0.000000 0.000000 0.000000 0.000000 0.000000 0.000000 0.000000 0.000000 
0.000000 0.000000 0.000000 0.000000 0.000000 0.000000 0.000000 0.000000 0.000000 0.000000 0.000000 0.000000 0.000000 0.000000 0.000000 0.000000 0.000000 0.000000 0.000000 0.000000 0.000000 0.000000 0.000000 0.000000 0.000000 0.000000 0.000000 0.000000 0.000000 0.000000 0.000000 
0.000000 0.000000 0.000000 0.000000 0.000000 0.000000 0.000000 0.000000 0.000000 0.000000 0.000000 0.000000 0.000000 0.000000 0.000000 0.000000 0.000000 0.000000 0.000000 0.000000 0.000000 0.000000 0.000000 0.000000 0.000000 0.000000 0.000000 0.000000 0.000000 0.000000 0.000000 
0.000000 0.000000 0.000000 0.000000 0.000000 0.000000 0.000000 0.000000 0.000000 0.000000 0.000000 0.000000 0.000000 0.000000 0.000000 0.000000 0.000000 0.000000 0.000000 0.000000 0.000000 0.000000 0.000000 0.000000 0.000000 0.000000 0.000000 0.000000 0.000000 0.000000 0.000000 
0.000000 0.000000 0.000000 0.000000 0.000000 0.000000 0.000000 0.000000 0.000000 0.000000 0.000000 0.000000 0.000000 0.000000 0.000000 0.000000 0.000000 0.000000 0.000000 0.000000 0.000000 0.000000 0.000000 0.000000 0.000000 0.000000 0.000000 0.000000 0.000000 0.000000 0.000000 

X-19
0.000000 0.000000 0.000000 0.000000 0.000000 0.000000 0.000000 0.000000 0.000000 0.000000 0.000000 0.000000 0.000000 0.000000 0.000000 0.000000 0.000000 0.000000 0.000000 0.000000 0.000000 0.000000 0.000000 0.000000 0.000000 0.000000 0.000000 0.000000 0.000000 0.000000 0.000000 
0.000000 0.000000 0.000000 0.000000 0.000000 0.000000 3.049055 0.000000 0.000000 0.000000 0.000000 0.000000 0.000000 0.000000 0.000000 0.000000 0.000000 0.000000 0.000000 0.000000 0.000000 0.000000 0.000000 0.000000 0.000000 0.000000 0.000000 0.000000 0.000000 0.000000 0.000000 
0.000000 0.000000 0.000000 0.000000 0.000000 3.026308 3.942837 4.026541 0.000000 0.000000 0.000000 0.000000 0.000000 2.151172 2.820830 2.820830 2.807372 0.000000 0.000000 0.000000 0.000000 0.000000 0.000000 0.000000 0.000000 0.000000 0.000000 0.000000 0.000000 0.000000 0.000000 
0.000000 0.000000 0.384743 0.903359 2.383217 3.726920 4.079385 0.000000 2.596705 0.000000 0.000000 2.482133 1.765735 0.000000 0.000000 0.000000 0.000000 2.554357 2.332952 2.274306 0.000000 1.906152 2.088735 2.027806 1.212580 0.000000 0.000000 0.000000 0.000000 0.000000 0.000000 
0.000000 0.000000 0.998193 1.538668 3.142830 3.165700 3.866312 4.381783 0.000000 0.000000 0.000000 2.424615 2.561481 2.327514 2.358119 2.529234 0.000000 2.235207 1.971872 2.058697 2.269198 1.636441 2.012492 2.637019 0.000000 0.000000 0.000000 0.000000 0.000000 0.000000 0.000000 
0.000000 0.000000 1.362912 2.102156 3.150625 2.704474 3.866312 0.000000 0.000000 2.281161 2.993950 0.000000 0.000000 0.000000 2.687839 2.511813 0.000000 0.000000 2.814840 1.400692 1.889739 2.213807 2.525714 2.506025 1.718795 0.000000 0.000000 0.000000 0.000000 0.000000 0.000000 
0.000000 0.000000 0.000000 1.490660 3.104968 4.223149 0.000000 0.000000 1.389412 1.389412 2.482039 2.416456 0.000000 0.000000 2.660963 0.000000 0.000000 2.268766 1.900699 2.282203 1.897287 2.787067 2.679583 2.295907 1.402858 0.000000 0.000000 0.000000 0.000000 0.000000 0.000000 
0.000000 0.000000 0.000000 1.744445 3.215009 0.000000 2.618322 0.000000 0.000000 2.671252 2.379302 2.549837 2.583635 2.502957 2.659954 0.000000 1.971632 1.949726 2.650822 2.282153 2.567804 2.355173 2.025449 2.228426 1.856630 1.950263 0.000000 0.000000 0.000000 0.000000 0.000000 
0.000000 0.000000 0.000000 2.028302 2.936881 2.844890 2.549405 2.630676 2.184662 3.056335 2.343167 2.659278 2.466343 2.357998 2.279808 2.037842 2.029275 2.088325 2.163212 2.149175 2.443838 1.960695 2.327706 0.000000 2.294993 1.523075 1.494103 0.000000 0.000000 0.000000 0.000000 
0.000000 0.000000 0.000000 2.252851 2.965105 3.166171 2.589517 0.000000 2.153045 3.359009 2.730093 2.625969 2.266592 0.000000 0.000000 0.000000 2.012868 1.905351 1.424509 2.207344 2.101995 1.705230 2.781996 2.544204 1.889409 1.401577 1.264783 0.892157 0.000000 0.000000 0.000000 
0.000000 0.000000 1.443483 2.551813 2.408738 2.708610 2.862040 3.239427 3.140127 3.486176 3.026819 2.938697 2.003316 2.263975 0.000000 0.000000 1.963252 1.498846 1.629162 1.830193 0.000000 2.003260 1.606735 1.457361 1.759328 1.588148 0.000000 0.000000 0.000000 0.000000 0.000000 
0.000000 0.459153 1.755720 2.025634 2.146968 2.624959 0.000000 1.768220 2.596152 3.118150 2.632891 2.320341 0.000000 0.000000 0.000000 0.000000 0.000000 0.000000 1.929463 0.000000 0.000000 0.000000 2.250761 1.704309 1.708141 1.967673 0.000000 0.000000 0.000000 0.000000 0.000000 
0.000000 0.629927 1.828012 2.626901 2.282779 2.184156 2.512110 0.000000 2.630067 2.608436 2.454398 1.732837 0.000000 0.000000 0.000000 0.000000 0.000000 0.000000 0.000000 0.000000 1.713086 2.167703 2.636290 2.294246 1.804070 2.243263 0.000000 0.000000 0.000000 0.000000 0.000000 
0.000000 0.000000 2.931623 2.519261 2.523843 2.523241 0.000000 0.000000 2.282425 2.672270 2.153633 1.671554 0.000000 0.000000 0.000000 0.000000 0.000000 0.000000 0.000000 0.000000 2.256776 0.000000 2.513445 2.545491 2.931382 2.049689 1.609465 0.898752 0.000000 0.000000 0.000000 
0.000000 1.069710 2.076583 2.420051 2.483713 2.421483 0.000000 0.000000 0.000000 2.035817 1.247609 0.000000 0.000000 0.000000 0.000000 0.000000 0.000000 0.000000 0.000000 0.000000 0.000000 0.000000 1.651743 1.767356 0.000000 2.167982 2.352142 1.528877 0.882881 0.000000 0.000000 
0.000000 0.000000 1.317653 2.706906 1.975598 0.000000 0.000000 0.000000 0.000000 1.421075 0.000000 0.000000 0.000000 0.000000 0.000000 0.000000 0.000000 0.000000 0.000000 0.000000 0.000000 0.000000 1.705585 1.669732 1.736004 2.070651 2.403567 1.876653 1.114165 0.000000 0.000000 
0.000000 0.000000 1.513053 2.656356 0.000000 0.000000 0.000000 0.000000 0.000000 0.000000 0.000000 0.000000 0.000000 0.000000 0.000000 0.000000 0.000000 0.000000 0.000000 0.000000 0.000000 0.000000 0.000000 1.632748 2.081468 1.830477 1.730831 2.081037 0.000000 0.000000 0.000000 
0.000000 0.000000 0.000000 0.000000 0.000000 0.000000 0.000000 0.000000 1.369168 0.000000 0.000000 0.000000 0.000000 0.000000 0.000000 0.000000 0.000000 0.000000 0.000000 0.000000 0.000000 0.000000 0.000000 1.899776 1.643616 0.000000 1.500066 2.926017 0.000000 0.000000 0.000000 
0.000000 0.000000 0.000000 0.000000 0.000000 0.000000 0.000000 1.315458 1.052186 0.000000 0.000000 0.000000 0.000000 0.000000 0.000000 0.000000 0.000000 0.000000 0.000000 0.000000 0.000000 0.000000 0.753284 1.289702 1.711090 0.000000 1.123354 1.793066 0.000000 0.000000 0.000000 
0.000000 0.000000 0.000000 0.000000 0.000000 0.000000 1.258338 0.958460 0.000000 0.000000 0.000000 0.000000 0.000000 0.000000 0.000000 0.000000 0.000000 0.000000 0.000000 0.000000 0.000000 0.000000 0.000000 0.000000 0.000000 0.000000 0.000000 0.000000 0.000000 0.000000 0.000000 
0.000000 0.000000 0.000000 0.000000 0.000000 0.000000 0.000000 0.000000 0.000000 0.000000 0.000000 0.000000 0.000000 0.000000 0.000000 0.000000 0.000000 0.000000 0.000000 0.000000 0.000000 0.000000 0.000000 0.000000 0.000000 0.000000 0.000000 0.000000 0.000000 0.000000 0.000000 
0.000000 0.000000 0.000000 0.000000 0.000000 0.000000 0.000000 0.000000 0.000000 0.000000 0.000000 0.000000 0.000000 0.000000 0.000000 0.000000 0.000000 0.000000 0.000000 0.000000 0.000000 0.000000 0.000000 0.000000 0.000000 0.000000 0.000000 0.000000 0.000000 0.000000 0.000000 
0.000000 0.000000 0.000000 0.000000 0.000000 0.000000 0.000000 0.000000 0.000000 0.000000 0.000000 0.000000 0.000000 0.000000 0.000000 0.000000 0.000000 0.000000 0.000000 0.000000 0.000000 0.000000 0.000000 0.000000 0.000000 0.000000 0.000000 0.000000 0.000000 0.000000 0.000000 
0.000000 0.000000 0.000000 0.000000 0.000000 0.000000 0.000000 0.000000 0.000000 0.000000 0.000000 0.000000 0.000000 0.000000 0.000000 0.000000 0.000000 0.000000 0.000000 0.000000 0.000000 0.000000 0.000000 0.000000 0.000000 0.000000 0.000000 0.000000 0.000000 0.000000 0.000000 
0.000000 0.000000 0.000000 0.000000 0.000000 0.000000 0.000000 0.000000 0.000000 0.000000 0.000000 0.000000 0.000000 0.000000 0.000000 0.000000 0.000000 0.000000 0.000000 0.000000 0.000000 0.000000 0.000000 0.000000 0.000000 0.000000 0.000000 0.000000 0.000000 0.000000 0.000000 
0.000000 0.000000 0.000000 0.000000 0.000000 0.000000 0.000000 0.000000 0.000000 0.000000 0.000000 0.000000 0.000000 0.000000 0.000000 0.000000 0.000000 0.000000 0.000000 0.000000 0.000000 0.000000 0.000000 0.000000 0.000000 0.000000 0.000000 0.000000 0.000000 0.000000 0.000000 
0.000000 0.000000 0.000000 0.000000 0.000000 0.000000 0.000000 0.000000 0.000000 0.000000 0.000000 0.000000 0.000000 0.000000 0.000000 0.000000 0.000000 0.000000 0.000000 0.000000 0.000000 0.000000 0.000000 0.000000 0.000000 0.000000 0.000000 0.000000 0.000000 0.000000 0.000000 
0.000000 0.000000 0.000000 0.000000 0.000000 0.000000 0.000000 0.000000 0.000000 0.000000 0.000000 0.000000 0.000000 0.000000 0.000000 0.000000 0.000000 0.000000 0.000000 0.000000 0.000000 0.000000 0.000000 0.000000 0.000000 0.000000 0.000000 0.000000 0.000000 0.000000 0.000000 

X-20
0.000000 0.000000 0.000000 0.000000 0.000000 0.000000 0.000000 0.000000 0.000000 0.000000 0.000000 0.000000 0.000000 0.000000 0.000000 0.000000 0.000000 0.000000 0.000000 0.000000 0.000000 0.000000 0.000000 0.000000 0.000000 0.000000 0.000000 0.000000 0.000000 0.000000 0.000000 
0.000000 0.000000 0.000000 0.000000 0.000000 0.000000 1.920432 2.154139 2.657569 0.000000 0.000000 0.000000 0.000000 0.000000 0.000000 1.813474 0.000000 0.000000 0.000000 0.000000 0.000000 0.000000 0.000000 0.000000 0.000000 0.000000 0.000000 0.000000 0.000000 0.000000 0.000000 
0.000000 0.000000 0.000000 0.000000 0.000000 2.034810 2.851460 0.000000 0.000000 0.000000 0.000000 3.146426 2.231565 1.984216 2.803626 2.210464 0.000000 0.000000 0.000000 0.000000 0.000000 0.000000 0.000000 0.000000 0.000000 0.000000 0.000000 0.000000 0.000000 0.000000 0.000000 
0.000000 0.000000 0.000000 0.000000 1.358368 2.466869 3.818882 3.820387 0.000000 3.914906 3.679927 3.324765 1.957839 2.046090 2.746774 2.840836 0.000000 2.305602 3.209432 2.774882 1.962124 2.687120 0.000000 0.000000 0.000000 0.000000 0.000000 0.000000 0.000000 0.000000 0.000000 
0.000000 0.000000 0.176452 0.673292 2.159866 3.797938 4.224368 0.000000 3.108297 0.000000 3.146254 2.135316 1.968183 2.232958 2.339568 3.552412 3.809811 1.932188 2.554357 2.772230 2.614714 2.464449 1.751756 1.102807 0.000000 0.000000 0.000000 0.000000 0.000000 0.000000 0.000000 
0.000000 0.000000 1.038446 0.000000 2.801073 3.412830 4.074144 3.646196 0.000000 3.196911 3.061706 2.229271 2.495464 0.000000 2.264455 2.358119 0.000000 2.457279 2.235207 2.425009 2.405843 2.485470 2.277728 2.502742 0.000000 0.000000 0.000000 0.000000 0.000000 0.000000 0.000000 
0.000000 0.000000 0.000000 2.270709 2.622138 3.415040 0.000000 1.517877 0.000000 3.178909 2.420369 2.534533 2.428910 2.527338 2.699715 2.769877 2.518886 0.000000 2.457279 2.814840 2.187719 2.667437 2.730789 2.292228 1.499611 0.000000 0.000000 0.000000 0.000000 0.000000 0.000000 
0.000000 0.000000 0.000000 2.562228 2.791455 2.304889 3.303698 1.333493 0.000000 3.169913 1.965129 2.386327 2.475676 2.536858 2.607885 2.508687 2.202089 2.302158 2.745438 0.000000 3.158040 2.475245 2.615529 1.693525 1.663644 1.157158 0.980161 0.000000 0.000000 0.000000 0.000000 
0.000000 0.000000 0.000000 1.887851 0.000000 2.023133 2.638275 0.000000 0.000000 2.467743 2.350119 2.581882 2.662043 2.606798 2.168299 2.019745 1.833683 2.610117 2.194962 3.077916 2.682711 2.253543 1.810200 1.870351 2.431814 1.731707 1.541827 0.558441 0.000000 0.000000 0.000000 
0.000000 0.000000 0.000000 2.079462 0.000000 2.618322 2.638275 2.125498 2.641532 2.532976 2.770628 2.629739 2.331628 2.372508 2.194472 1.993166 2.050161 2.177013 1.404872 0.000000 2.086811 2.574306 2.724723 2.225128 2.434634 1.743986 1.417716 0.615968 0.000000 0.000000 0.000000 
0.000000 0.000000 1.631691 2.737438 3.151447 2.600886 2.716942 2.630059 2.951271 2.682222 2.807560 2.488348 2.333526 2.542628 2.463607 0.000000 1.886117 0.000000 1.399469 1.423989 2.164363 2.608430 0.000000 0.000000 1.829252 0.000000 0.000000 0.000000 0.000000 0.000000 0.000000 
0.000000 0.801985 2.015079 2.722131 2.561043 2.727138 3.187209 1.852666 3.447133 2.955675 2.738372 1.932112 0.000000 0.000000 0.000000 0.000000 0.000000 0.000000 1.837168 1.735193 0.000000 2.172404 0.000000 0.000000 1.513108 1.715628 0.000000 0.000000 0.000000 0.000000 0.000000 
0.000000 0.000000 2.032467 2.074708 2.329601 3.228962 2.807010 0.000000 2.115898 2.914983 2.390068 1.822624 0.000000 0.000000 0.000000 0.000000 0.000000 0.000000 0.000000 0.000000 0.000000 2.034526 0.000000 2.201491 1.869418 1.878555 1.180690 0.000000 0.000000 0.000000 0.000000 
0.000000 0.000000 2.433439 0.000000 1.692829 2.451111 2.427647 1.990420 2.203807 2.298530 1.988971 0.000000 0.000000 0.000000 0.000000 0.000000 0.000000 0.000000 0.000000 0.000000 0.000000 1.902060 2.291326 0.000000 2.243206 2.245360 0.000000 0.000000 0.000000 0.000000 0.000000 
0.000000 0.000000 3.295392 2.311615 2.051173 2.614481 2.531297 2.542127 0.000000 2.115758 0.000000 0.000000 0.000000 0.000000 0.000000 0.000000 0.000000 0.000000 1.933713 1.966331 0.000000 0.000000 1.985652 0.000000 1.958777 1.902548 2.166190 1.370521 1.003148 0.000000 0.000000 
0.000000 1.567447 2.074364 2.509596 2.264510 2.489918 2.424118 2.419771 0.000000 0.000000 0.000000 0.000000 0.000000 0.000000 0.000000 0.000000 0.000000 0.000000 0.000000 0.000000 0.000000 1.847007 1.843272 1.669326 1.677934 1.920407 2.257212 0.000000 1.399582 0.599722 0.000000 
0.000000 0.894363 2.131360 2.646486 1.468537 2.102031 1.712594 2.144724 0.000000 0.000000 0.000000 0.000000 0.000000 0.000000 0.000000 0.000000 0.000000 0.000000 0.000000 0.000000 1.807770 1.104863 1.453915 1.684560 1.653033 2.171565 1.558909 0.000000 0.000000 0.908890 0.000000 
0.000000 0.563609 1.989902 2.565943 1.704643 1.849222 1.350655 1.331036 0.000000 0.000000 0.000000 0.000000 0.000000 0.000000 0.000000 0.000000 0.000000 0.000000 0.000000 0.000000 0.000000 0.799264 1.099612 1.862465 1.864713 0.000000 1.287744 0.000000 0.000000 0.000000 0.000000 
0.000000 0.000000 1.084047 2.230271 0.000000 0.000000 0.000000 0.000000 0.000000 0.000000 0.000000 0.000000 0.000000 0.000000 0.000000 0.000000 0.000000 0.000000 0.000000 0.000000 0.000000 0.000000 0.000000 0.000000 0.000000 0.000000 0.000000 0.000000 0.000000 0.000000 0.000000 
0.000000 0.000000 0.000000 0.000000 0.000000 0.000000 1.343502 0.962791 0.000000 0.000000 0.000000 0.000000 0.000000 0.000000 0.000000 0.000000 0.000000 0.000000 0.000000 0.000000 0.000000 0.000000 0.000000 0.000000 0.000000 0.000000 0.000000 0.000000 0.000000 0.000000 0.000000 
0.000000 0.000000 0.000000 0.000000 0.000000 0.000000 0.000000 0.000000 0.000000 0.000000 0.000000 0.000000 0.000000 0.000000 0.000000 0.000000 0.000000 0.000000 0.000000 0.000000 0.000000 0.000000 0.000000 0.000000 0.000000 0.000000 0.000000 0.000000 0.000000 0.000000 0.000000 
0.000000 0.000000 0.000000 0.000000 0.000000 0.000000 0.000000 0.000000 0.000000 0.000000 0.000000 0.000000 0.000000 0.000000 0.000000 0.000000 0.000000 0.000000 0.000000 0.000000 0.000000 0.000000 0.000000 0.000000 0.000000 0.000000 0.000000 0.000000 0.000000 0.000000 0.000000 
0.000000 0.000000 0.000000 0.000000 0.000000 0.000000 0.000000 0.000000 0.000000 0.000000 0.000000 0.000000 0.000000 0.000000 0.000000 0.000000 0.000000 0.000000 0.000000 0.000000 0.000000 0.000000 0.000000 0.000000 0.000000 0.000000 0.000000 0.000000 0.000000 0.000000 0.000000 
0.000000 0.000000 0.000000 0.000000 0.000000 0.000000 0.000000 0.000000 0.000000 0.000000 0.000000 0.000000 0.000000 0.000000 0.000000 0.000000 0.000000 0.000000 0.000000 0.000000 0.000000 0.000000 0.000000 0.000000 0.000000 0.000000 0.000000 0.000000 0.000000 0.000000 0.000000 
0.000000 0.000000 0.000000 0.000000 0.000000 0.000000 0.000000 0.000000 0.000000 0.000000 0.000000 0.000000 0.000000 0.000000 0.000000 0.000000 0.000000 0.000000 0.000000 0.000000 0.000000 0.000000 0.000000 0.000000 0.000000 0.000000 0.000000 0.000000 0.000000 0.000000 0.000000 
0.000000 0.000000 0.000000 0.000000 0.000000 0.000000 0.000000 0.000000 0.000000 0.000000 0.000000 0.000000 0.000000 0.000000 0.000000 0.000000 0.000000 0.000000 0.000000 0.000000 0.000000 0.000000 0.000000 0.000000 0.000000 0.000000 0.000000 0.000000 0.000000 0.000000 0.000000 
0.000000 0.000000 0.000000 0.000000 0.000000 0.000000 0.000000 0.000000 0.000000 0.000000 0.000000 0.000000 0.000000 0.000000 0.000000 0.000000 0.000000 0.000000 0.000000 0.000000 0.000000 0.000000 0.000000 0.000000 0.000000 0.000000 0.000000 0.000000 0.000000 0.000000 0.000000 
0.000000 0.000000 0.000000 0.000000 0.000000 0.000000 0.000000 0.000000 0.000000 0.000000 0.000000 0.000000 0.000000 0.000000 0.000000 0.000000 0.000000 0.000000 0.000000 0.000000 0.000000 0.000000 0.000000 0.000000 0.000000 0.000000 0.000000 0.000000 0.000000 0.000000 0.000000 

X-21
0.000000 0.000000 0.000000 0.000000 0.000000 0.000000 0.000000 0.000000 0.000000 0.000000 0.000000 0.000000 0.000000 0.000000 0.000000 0.000000 0.000000 0.000000 0.000000 0.000000 0.000000 0.000000 0.000000 0.000000 0.000000 0.000000 0.000000 0.000000 0.000000 0.000000 0.000000 
0.000000 0.000000 0.000000 0.000000 0.000000 0.000000 0.000000 2.709012 2.342518 0.000000 0.000000 0.000000 0.000000 0.000000 0.000000 2.160350 2.390580 0.000000 0.000000 0.000000 0.000000 0.000000 0.000000 0.000000 0.000000 0.000000 0.000000 0.000000 0.000000 0.000000 0.000000 
0.000000 0.000000 0.000000 2.048154 3.453804 0.000000 2.303365 2.170365 2.482944 0.000000 3.332540 2.191352 1.809970 2.758815 2.469444 1.663815 2.572991 0.000000 2.602705 0.000000 0.000000 0.000000 0.000000 0.000000 0.000000 0.000000 0.000000 0.000000 0.000000 0.000000 0.000000 
0.000000 0.000000 0.950201 1.004531 1.325418 1.880415 2.466232 3.249799 2.950771 0.000000 3.365755 2.322327 2.251827 2.237724 1.984216 2.397164 2.240434 0.000000 3.572351 2.478928 1.929796 1.499973 0.000000 0.000000 0.000000 0.000000 0.000000 0.000000 0.000000 0.000000 0.000000 
0.000000 0.000000 0.000000 0.634707 1.449150 2.726237 3.541025 3.534159 3.739000 4.553618 3.255489 2.805218 2.655715 2.537839 2.046090 3.251179 2.365283 3.120385 3.472973 2.816984 2.902343 0.000000 0.000000 0.000000 0.000000 0.000000 0.000000 0.000000 0.000000 0.000000 0.000000 
0.000000 0.000000 0.000000 0.000000 0.000000 3.253996 3.595275 3.316114 3.885556 3.903659 3.469239 2.698790 2.606308 2.351737 2.181074 2.683002 0.000000 4.020179 2.588368 3.032876 3.398823 2.713144 1.567233 0.000000 0.000000 0.000000 0.000000 0.000000 0.000000 0.000000 0.000000 
0.000000 0.000000 0.000000 0.000000 0.000000 0.000000 3.373003 3.439988 0.000000 2.822170 0.000000 0.000000 2.871977 0.000000 2.813760 2.069167 2.358119 0.000000 3.036045 2.725269 2.602377 2.420157 2.160381 1.983415 1.804332 0.000000 0.000000 0.000000 0.000000 0.000000 0.000000 
0.000000 0.000000 0.000000 0.000000 2.589293 3.228656 3.462707 1.669178 2.868750 2.781497 0.000000 2.812884 2.906398 2.405156 2.431914 2.694112 0.000000 0.000000 2.824005 2.728062 3.342079 2.724714 2.320312 1.668392 1.874448 1.369055 0.697566 0.000000 0.000000 0.000000 0.000000 
0.000000 0.000000 0.000000 2.884437 0.000000 2.852588 2.942198 1.772383 3.123959 1.918540 2.487668 2.308248 2.662809 2.582416 2.444161 2.286714 0.000000 0.000000 2.957003 3.390978 3.608803 2.535556 1.755549 1.403753 1.891327 1.768369 1.066064 0.000000 0.000000 0.000000 0.000000 
0.000000 0.000000 0.000000 0.000000 0.000000 2.877819 1.698135 1.555601 3.038351 2.386867 2.600986 2.533208 0.000000 2.463790 2.186405 2.186432 2.461388 2.531627 3.539276 2.662777 2.505587 2.031283 2.054792 1.843980 2.301994 2.098989 0.000000 0.000000 0.000000 0.000000 0.000000 
0.000000 1.302193 1.362173 2.166722 3.052936 2.452630 2.375912 1.859207 2.414785 2.536342 2.714453 2.368416 0.000000 1.990003 1.966459 0.000000 2.330240 1.070700 1.621048 1.905921 2.472437 2.243539 2.165447 0.000000 2.108771 0.000000 0.000000 0.000000 0.000000 0.000000 0.000000 
0.000000 0.765574 2.011508 3.141384 3.492408 2.554576 2.614274 1.823028 2.814603 2.744234 2.389083 2.308042 0.000000 0.000000 1.813384 1.765613 1.277792 0.000000 0.000000 2.321479 0.000000 0.000000 0.000000 1.542235 1.900104 2.079306 1.353150 0.000000 0.000000 0.000000 0.000000 
0.000000 0.984367 2.433633 2.651565 2.813331 3.274791 2.559688 0.000000 2.334800 2.823871 1.985321 2.358581 0.000000 0.000000 0.000000 0.000000 0.000000 0.000000 0.000000 0.000000 0.000000 0.000000 2.126415 2.207578 1.827761 1.698969 1.301035 0.811627 0.000000 0.000000 0.000000 
0.000000 0.000000 2.319200 1.993612 2.493630 3.174517 1.762227 2.445789 2.053688 2.208786 1.772249 0.000000 0.000000 0.000000 0.000000 0.000000 0.000000 0.000000 1.377431 2.022345 0.000000 0.000000 2.143284 3.110100 2.321429 1.737991 1.604369 0.841040 0.000000 0.000000 0.000000 
0.000000 0.000000 2.403261 1.985772 2.175211 2.456887 1.817653 2.367941 3.219661 2.089328 1.722077 0.000000 0.000000 0.000000 0.000000 0.000000 0.000000 1.287657 1.779081 2.261595 2.169459 0.000000 0.000000 2.467524 2.681599 2.199547 1.616994 1.081272 0.000000 0.000000 0.000000 
0.000000 2.165203 2.346642 2.308990 2.447780 2.473362 2.284950 0.000000 2.671158 1.668360 1.604480 0.000000 0.000000 0.000000 0.000000 0.000000 0.000000 0.000000 0.000000 0.000000 2.403995 2.366190 0.000000 1.918779 1.896274 1.954629 2.022763 0.000000 1.189362 0.000000 0.000000 
0.516471 1.738955 2.223990 2.414913 2.559167 0.000000 2.246575 2.363629 1.313855 1.390644 1.245704 0.000000 0.000000 0.000000 0.000000 0.000000 0.000000 0.000000 0.000000 2.555733 3.078703 1.738917 1.613515 1.613095 1.641712 1.846587 1.600817 0.000000 0.000000 0.936596 0.000000 
0.369520 1.000044 0.000000 0.000000 0.000000 0.000000 1.806790 0.000000 0.000000 0.000000 0.000000 0.000000 0.000000 0.000000 0.000000 0.000000 0.000000 0.000000 0.000000 1.695446 2.441756 1.457717 1.004100 0.000000 0.000000 0.000000 0.000000 0.000000 0.000000 0.000000 0.000000 
0.000000 0.000000 0.000000 0.000000 0.000000 1.104267 0.000000 0.000000 0.000000 0.000000 0.000000 0.000000 0.000000 0.000000 0.000000 0.000000 0.000000 0.000000 0.000000 0.000000 0.000000 0.000000 1.015327 0.000000 0.000000 0.000000 0.000000 0.000000 0.000000 0.000000 0.000000 
0.000000 0.000000 0.000000 0.000000 0.000000 0.000000 0.000000 0.000000 0.000000 0.000000 0.000000 0.000000 0.000000 0.000000 0.000000 0.000000 0.000000 0.000000 0.000000 0.000000 0.000000 0.000000 0.000000 0.000000 0.000000 0.000000 0.000000 0.000000 0.000000 0.000000 0.000000 
0.000000 0.000000 0.000000 0.000000 0.000000 0.000000 0.000000 0.000000 0.000000 0.000000 0.000000 0.000000 0.000000 0.000000 0.000000 0.000000 0.000000 0.000000 0.000000 0.000000 0.000000 0.000000 0.000000 0.000000 0.000000 0.000000 0.000000 0.000000 0.000000 0.000000 0.000000 
0.000000 0.000000 0.000000 0.000000 0.000000 0.000000 0.000000 0.000000 0.000000 0.000000 0.000000 0.000000 0.000000 0.000000 0.000000 0.000000 0.000000 0.000000 0.000000 0.000000 0.000000 0.000000 0.000000 0.000000 0.000000 0.000000 0.000000 0.000000 0.000000 0.000000 0.000000 
0.000000 0.000000 0.000000 0.000000 0.000000 0.000000 0.000000 0.000000 0.000000 0.000000 0.000000 0.000000 0.000000 0.000000 0.000000 0.000000 0.000000 0.000000 0.000000 0.000000 0.000000 0.000000 0.000000 0.000000 0.000000 0.000000 0.000000 0.000000 0.000000 0.000000 0.000000 
0.000000 0.000000 0.000000 0.000000 0.000000 0.000000 0.000000 0.000000 0.000000 0.000000 0.000000 0.000000 0.000000 0.000000 0.000000 0.000000 0.000000 0.000000 0.000000 0.000000 0.000000 0.000000 0.000000 0.000000 0.000000 0.000000 0.000000 0.000000 0.000000 0.000000 0.000000 
0.000000 0.000000 0.000000 0.000000 0.000000 0.000000 0.000000 0.000000 0.000000 0.000000 0.000000 0.000000 0.000000 0.000000 0.000000 0.000000 0.000000 0.000000 0.000000 0.000000 0.000000 0.000000 0.000000 0.000000 0.000000 0.000000 0.000000 0.000000 0.000000 0.000000 0.000000 
0.000000 0.000000 0.000000 0.000000 0.000000 0.000000 0.000000 0.000000 0.000000 0.000000 0.000000 0.000000 0.000000 0.000000 0.000000 0.000000 0.000000 0.000000 0.000000 0.000000 0.000000 0.000000 0.000000 0.000000 0.000000 0.000000 0.000000 0.000000 0.000000 0.000000 0.000000 
0.000000 0.000000 0.000000 0.000000 0.000000 0.000000 0.000000 0.000000 0.000000 0.000000 0.000000 0.000000 0.000000 0.000000 0.000000 0.000000 0.000000 0.000000 0.000000 0.000000 0.000000 0.000000 0.000000 0.000000 0.000000 0.000000 0.000000 0.000000 0.000000 0.000000 0.000000 
0.000000 0.000000 0.000000 0.000000 0.000000 0.000000 0.000000 0.000000 0.000000 0.000000 0.000000 0.000000 0.000000 0.000000 0.000000 0.000000 0.000000 0.000000 0.000000 0.000000 0.000000 0.000000 0.000000 0.000000 0.000000 0.000000 0.000000 0.000000 0.000000 0.000000 0.000000 

X-22
0.000000 0.000000 0.000000 0.000000 0.000000 0.000000 0.000000 0.000000 0.000000 0.000000 0.000000 0.000000 0.000000 0.000000 0.000000 0.000000 0.000000 0.000000 0.000000 0.000000 0.000000 0.000000 0.000000 0.000000 0.000000 0.000000 0.000000 0.000000 0.000000 0.000000 0.000000 
0.000000 0.000000 0.000000 0.000000 0.000000 0.000000 0.000000 3.238053 1.937412 0.000000 0.000000 0.000000 2.345105 0.000000 0.000000 0.000000 0.000000 2.594516 2.797050 0.000000 0.000000 0.000000 0.000000 0.000000 0.000000 0.000000 0.000000 0.000000 0.000000 0.000000 0.000000 
0.000000 0.000000 0.000000 1.255527 2.176632 0.000000 0.000000 0.000000 0.000000 0.000000 0.000000 2.431816 2.412057 2.599496 0.000000 2.004305 2.458882 2.380157 3.082782 3.172730 2.013834 0.000000 0.000000 0.000000 0.000000 0.000000 0.000000 0.000000 0.000000 0.000000 0.000000 
0.000000 0.000000 1.288468 3.020675 3.551694 2.459164 3.536139 2.041501 2.359874 3.774962 3.799581 1.836294 1.439082 2.654444 2.405925 2.001381 1.891277 1.813474 0.000000 3.429063 2.451942 1.081501 0.000000 0.000000 0.000000 0.000000 0.000000 0.000000 0.000000 0.000000 0.000000 
0.000000 0.000000 0.000000 2.482698 1.901465 2.110391 2.456770 2.652385 2.284062 3.608403 2.552606 2.522279 2.816014 2.888735 2.237724 2.615595 2.397164 2.240434 3.749078 2.989146 2.037718 1.273666 0.000000 0.000000 0.000000 0.000000 0.000000 0.000000 0.000000 0.000000 0.000000 
0.000000 0.000000 0.000000 0.000000 0.000000 0.000000 2.813904 2.909080 3.555482 3.803788 0.000000 2.958369 3.233031 0.000000 2.106301 2.083586 2.082151 3.120385 2.992553 3.479656 3.418644 1.651103 1.357941 0.000000 0.000000 0.000000 0.000000 0.000000 0.000000 0.000000 0.000000 
0.000000 0.000000 0.000000 0.000000 0.000000 0.000000 2.682392 3.380098 4.372773 3.271022 0.000000 0.000000 3.110833 2.330709 2.539856 2.028739 2.584744 3.749172 3.538915 3.400352 3.307452 2.549434 2.339852 1.718048 1.615607 0.933877 0.000000 0.000000 0.000000 0.000000 0.000000 
0.000000 0.000000 0.000000 0.000000 3.003994 3.705510 2.622867 2.430928 2.979010 3.469239 0.000000 3.106343 2.778140 2.774879 2.527810 2.389391 2.150638 3.038272 3.436696 3.558927 2.614685 2.643868 0.000000 0.000000 1.776225 1.392043 0.000000 0.000000 0.000000 0.000000 0.000000 
0.000000 0.000000 0.000000 0.000000 0.000000 0.000000 2.658077 1.657770 2.821461 1.445208 2.713288 3.185921 2.494928 0.000000 2.237729 2.344696 2.692971 3.215839 2.842444 3.212439 3.475892 2.623597 2.372198 2.344879 2.015826 1.706700 0.000000 0.000000 0.000000 0.000000 0.000000 
0.000000 0.000000 0.000000 0.000000 0.000000 0.000000 0.000000 2.079597 2.591320 2.529223 2.360624 2.923680 2.456168 2.327820 0.000000 2.383511 2.232798 3.104780 3.487695 3.485734 2.862054 1.638646 1.918914 2.037800 1.997701 1.872021 0.000000 0.000000 0.000000 0.000000 0.000000 
0.000000 0.000000 0.000000 2.292054 2.503516 2.850944 0.000000 2.413589 2.272985 2.493070 2.359689 0.000000 0.000000 2.073879 2.058267 0.000000 3.058405 2.802851 2.684618 2.296553 2.127739 2.001466 2.403316 2.038446 1.937923 2.507021 1.419609 0.000000 0.000000 0.000000 0.000000 
0.000000 1.099847 1.441326 2.494410 2.417293 1.863063 2.544312 2.787216 2.426624 2.657771 2.162187 0.000000 0.000000 1.787183 1.680315 0.000000 0.000000 1.809601 1.705824 2.260632 1.831051 1.923227 2.037491 2.056602 1.936228 2.433812 2.023576 0.000000 0.000000 0.000000 0.000000 
0.000000 1.235653 2.358708 3.275675 2.594799 2.628977 2.160380 3.081511 2.229578 0.000000 0.000000 0.000000 0.000000 0.000000 0.000000 0.000000 0.000000 0.000000 0.000000 0.000000 1.927242 1.694011 2.013429 2.370231 1.852009 2.174029 1.904243 0.969800 0.000000 0.000000 0.000000 
0.487201 1.273922 2.768749 2.913527 2.778221 2.926041 3.067162 3.350659 2.322144 2.064585 0.000000 2.923066 0.000000 0.000000 0.000000 0.000000 0.000000 0.000000 0.000000 2.001018 2.176431 2.274716 2.231727 2.517809 2.327437 0.000000 0.000000 1.104414 0.000000 0.000000 0.000000 
0.000000 0.000000 2.218459 2.312815 3.288514 2.685431 2.224022 2.344848 2.520039 1.786742 2.301589 0.000000 0.000000 0.000000 0.000000 0.000000 0.000000 1.012240 1.792527 2.108677 2.288785 2.564109 2.426153 2.172060 3.167683 2.379816 0.000000 0.000000 0.000000 0.000000 0.000000 
0.000000 1.658075 2.070049 1.899932 2.283625 2.259873 2.053541 2.614669 2.229883 1.676469 0.000000 0.000000 0.000000 0.000000 0.000000 0.000000 1.127677 2.029796 1.965892 1.932862 2.528897 2.502080 2.631371 2.137774 2.258593 2.679328 2.039889 0.000000 0.000000 0.000000 0.000000 
0.000000 0.000000 2.385980 2.389859 2.477929 0.000000 2.497667 2.628109 1.599004 1.593957 2.140588 1.678620 0.000000 0.000000 0.000000 0.000000 0.000000 0.000000 1.965822 2.307856 2.811418 2.818615 2.035291 2.356417 1.845306 1.543831 1.991254 0.000000 0.000000 0.000000 0.000000 
0.000000 0.000000 0.000000 0.000000 0.000000 0.000000 2.170493 1.160569 1.159305 1.219654 1.275443 1.048158 0.000000 0.000000 0.000000 0.000000 0.000000 1.365949 1.562923 1.598600 2.894126 3.376520 1.647930 1.252148 1.431635 1.202623 0.000000 0.000000 0.000000 0.000000 0.000000 
0.000000 0.000000 0.000000 0.000000 1.397358 1.256079 1.285984 1.128540 0.000000 0.000000 0.000000 0.000000 0.000000 0.000000 0.000000 0.000000 0.000000 0.000000 0.000000 0.000000 1.779976 1.959329 1.330020 0.832713 1.422405 1.362450 0.000000 0.000000 0.000000 0.000000 0.000000 
0.000000 0.000000 0.000000 0.000000 0.000000 1.174829 0.000000 0.000000 0.000000 0.000000 0.000000 0.000000 0.000000 0.000000 0.000000 0.000000 0.000000 0.000000 0.000000 0.000000 1.802883 2.019588 1.269234 0.000000 0.879960 0.000000 0.000000 0.000000 0.000000 0.000000 0.000000 
0.000000 0.000000 0.000000 0.000000 0.000000 0.000000 0.000000 0.000000 0.000000 0.000000 0.000000 0.000000 0.000000 0.000000 0.000000 0.000000 0.000000 0.000000 0.000000 0.000000 0.000000 1.317351 0.000000 0.000000 0.000000 0.000000 0.000000 0.000000 0.000000 0.000000 0.000000 
0.000000 0.000000 0.000000 0.000000 0.000000 0.000000 0.000000 0.000000 0.000000 0.000000 0.000000 0.000000 0.000000 0.000000 0.000000 0.000000 0.000000 0.000000 0.000000 0.000000 0.000000 0.000000 0.000000 0.000000 0.000000 0.000000 0.000000 0.000000 0.000000 0.000000 0.000000 
0.000000 0.000000 0.000000 0.000000 0.000000 0.000000 0.000000 0.000000 0.000000 0.000000 0.000000 0.000000 0.000000 0.000000 0.000000 0.000000 0.000000 0.000000 0.000000 0.000000 0.000000 0.000000 0.000000 0.000000 0.000000 0.000000 0.000000 0.000000 0.000000 0.000000 0.000000 
0.000000 0.000000 0.000000 0.000000 0.000000 0.000000 0.000000 0.000000 0.000000 0.000000 0.000000 0.000000 0.000000 0.000000 0.000000 0.000000 0.000000 0.000000 0.000000 0.000000 0.000000 0.000000 0.000000 0.000000 0.000000 0.000000 0.000000 0.000000 0.000000 0.000000 0.000000 
0.000000 0.000000 0.000000 0.000000 0.000000 0.000000 0.000000 0.000000 0.000000 0.000000 0.000000 0.000000 0.000000 0.000000 0.000000 0.000000 0.000000 0.000000 0.000000 0.000000 0.000000 0.000000 0.000000 0.000000 0.000000 0.000000 0.000000 0.000000 0.000000 0.000000 0.000000 
0.000000 0.000000 0.000000 0.000000 0.000000 0.000000 0.000000 0.000000 0.000000 0.000000 0.000000 0.000000 0.000000 0.000000 0.000000 0.000000 0.000000 0.000000 0.000000 0.000000 0.000000 0.000000 0.000000 0.000000 0.000000 0.000000 0.000000 0.000000 0.000000 0.000000 0.000000 
0.000000 0.000000 0.000000 0.000000 0.000000 0.000000 0.000000 0.000000 0.000000 0.000000 0.000000 0.000000 0.000000 0.000000 0.000000 0.000000 0.000000 0.000000 0.000000 0.000000 0.000000 0.000000 0.000000 0.000000 0.000000 0.000000 0.000000 0.000000 0.000000 0.000000 0.000000 
0.000000 0.000000 0.000000 0.000000 0.000000 0.000000 0.000000 0.000000 0.000000 0.000000 0.000000 0.000000 0.000000 0.000000 0.000000 0.000000 0.000000 0.000000 0.000000 0.000000 0.000000 0.000000 0.000000 0.000000 0.000000 0.000000 0.000000 0.000000 0.000000 0.000000 0.000000 

X-23
0.000000 0.000000 0.000000 0.000000 0.000000 0.000000 0.000000 0.000000 0.000000 0.000000 0.000000 0.000000 0.000000 0.000000 0.000000 0.000000 2.371202 2.080462 2.126833 1.677226 0.000000 0.000000 0.000000 0.000000 0.000000 0.000000 0.000000 0.000000 0.000000 0.000000 0.000000 
0.000000 0.000000 0.000000 0.000000 0.000000 0.000000 0.000000 0.000000 0.000000 0.000000 0.000000 0.000000 0.000000 0.000000 0.000000 0.000000 0.000000 0.000000 1.975212 1.789862 1.193758 0.000000 0.000000 0.000000 0.000000 0.000000 0.000000 0.000000 0.000000 0.000000 0.000000 
0.000000 0.000000 0.000000 0.000000 0.000000 0.000000 0.000000 0.000000 0.000000 2.382678 2.896161 2.190708 2.612303 2.992108 0.000000 0.000000 0.000000 2.406521 2.270545 2.630812 2.022417 0.000000 0.000000 0.000000 0.000000 0.000000 0.000000 0.000000 0.000000 0.000000 0.000000 
0.000000 0.000000 0.000000 0.397330 0.531380 0.000000 0.000000 1.892610 2.333340 4.044204 3.443432 2.345801 2.082691 2.520386 2.028918 2.222268 2.200125 2.229046 2.458407 2.854354 2.834770 0.770556 0.000000 0.000000 0.000000 0.000000 0.000000 0.000000 0.000000 0.000000 0.000000 
0.000000 0.000000 0.000000 1.796069 1.848687 3.378596 2.800127 1.930455 4.171536 4.367750 2.500313 2.437337 2.466082 2.119541 2.104814 2.619316 1.681726 1.409489 2.672397 2.786803 2.809751 1.983836 0.000000 0.000000 0.000000 0.000000 0.000000 0.000000 0.000000 0.000000 0.000000 
0.000000 0.000000 0.000000 0.000000 2.054264 0.000000 2.027839 2.375146 4.107251 4.046745 0.000000 2.885542 2.924631 0.000000 2.114331 2.227457 3.052201 0.000000 2.521867 1.905106 2.144854 1.953584 0.000000 0.000000 0.000000 0.000000 0.000000 0.000000 0.000000 0.000000 0.000000 
0.000000 0.000000 0.000000 0.000000 0.000000 1.797443 2.251509 1.979669 3.385639 2.697955 1.939826 3.303148 3.669908 3.128983 1.686982 2.106301 2.735499 2.750501 2.312984 2.064323 2.295154 2.207936 1.374071 1.481520 2.300249 1.398321 0.000000 0.000000 0.000000 0.000000 0.000000 
0.000000 0.000000 0.000000 0.000000 2.339713 3.247120 2.591139 2.672510 2.746595 2.178923 0.000000 3.791175 0.000000 3.408128 2.029558 2.400890 2.792830 2.885995 3.639038 3.040183 2.170453 2.406049 1.728976 0.000000 0.000000 0.000000 0.000000 0.000000 0.000000 0.000000 0.000000 
0.000000 0.000000 0.000000 0.000000 0.000000 3.623179 3.425082 3.060824 2.383134 2.427174 3.017226 2.896864 0.000000 0.000000 3.180610 2.483188 2.425347 0.000000 2.922651 3.174206 2.797133 2.671658 2.205669 1.862153 1.352601 1.117014 0.000000 0.000000 0.000000 0.000000 0.000000 
0.000000 0.000000 0.000000 0.000000 3.612598 0.000000 2.562567 2.444254 2.292184 1.998496 2.875557 2.604829 0.000000 2.354882 2.305028 0.000000 0.000000 0.000000 3.308593 3.219864 2.853038 3.174635 2.732713 1.878891 1.798100 1.396362 1.056844 0.000000 0.000000 0.000000 0.000000 
0.000000 1.071389 2.733290 2.992530 3.465806 2.686312 2.204581 2.284800 0.000000 2.042102 2.822160 0.000000 0.000000 2.160753 2.012644 0.000000 0.000000 0.000000 3.371730 2.343009 2.573178 2.811985 2.247872 1.881642 1.854964 2.000027 0.000000 0.000000 0.000000 0.000000 0.000000 
0.000000 1.388849 2.435776 2.492091 2.666706 2.693276 2.813164 2.782716 0.000000 2.364096 2.355443 0.000000 0.000000 1.792561 2.203367 0.000000 0.000000 0.000000 2.423349 1.636403 2.023700 2.396194 2.243449 2.379520 2.033758 1.814287 2.729947 1.129001 0.000000 0.000000 0.000000 
0.000000 1.359987 1.912271 1.945920 2.445554 2.526374 2.693981 0.000000 0.000000 2.182650 2.236721 1.978160 1.672405 0.000000 0.000000 0.000000 0.000000 0.000000 0.000000 0.000000 1.970271 1.807359 2.028716 2.264021 2.057284 2.071283 2.608801 1.430398 0.000000 0.000000 0.000000 
0.000000 1.313297 2.517812 3.111101 2.644155 3.489500 0.000000 0.000000 2.258673 2.146458 2.276555 1.968772 1.640937 0.000000 0.000000 0.000000 0.000000 0.000000 2.560888 2.093774 1.808467 2.289502 2.039563 2.284882 2.391799 1.777013 0.000000 0.000000 0.000000 0.000000 0.000000 
0.000000 1.513917 2.796741 2.666087 3.106975 3.344931 3.465983 2.094172 2.304039 2.308905 2.696186 2.266065 0.000000 0.000000 0.000000 0.000000 0.000000 0.000000 1.604293 1.928421 2.343171 2.844436 0.000000 2.213793 2.583199 2.116436 1.674351 1.267076 0.000000 0.000000 0.000000 
0.000000 1.757070 2.068329 0.000000 2.944806 2.439297 3.162369 2.330787 1.761186 2.267300 3.198550 1.560616 0.000000 0.000000 0.000000 0.000000 0.000000 0.000000 1.843514 2.061995 2.643490 2.502069 2.707325 2.328182 2.177782 3.547048 1.912714 1.298975 0.000000 0.000000 0.000000 
0.000000 0.000000 0.000000 2.275522 2.544212 1.910685 2.819357 2.246558 1.713236 2.226290 2.375038 1.128786 0.000000 0.000000 0.000000 0.000000 0.000000 0.000000 1.960802 2.290969 2.563253 3.132484 2.395548 2.753360 2.241421 2.053533 2.234950 0.000000 0.000000 0.000000 0.000000 
0.000000 0.000000 0.000000 2.680270 2.645443 2.217802 2.588549 1.601478 1.505628 1.810849 1.457222 0.000000 0.000000 0.000000 0.000000 0.000000 0.000000 0.000000 0.000000 2.085647 2.241594 4.411299 2.666264 1.703032 1.948572 1.737171 1.585826 1.149487 0.000000 0.000000 0.000000 
0.000000 0.000000 2.215475 2.629151 2.427975 2.143810 0.000000 1.029312 1.008250 0.867562 0.909365 0.000000 0.000000 0.000000 0.000000 0.000000 0.000000 0.000000 0.000000 0.000000 1.354116 2.165038 0.000000 1.330621 1.098251 0.000000 0.000000 1.116112 0.000000 0.000000 0.000000 
0.000000 0.000000 0.000000 1.722647 1.094155 1.087159 0.000000 0.000000 0.000000 0.000000 0.000000 0.000000 0.000000 0.000000 0.000000 0.000000 0.000000 0.000000 0.000000 0.000000 1.631430 1.426358 0.000000 0.000000 0.000000 0.000000 0.000000 0.000000 0.000000 0.000000 0.000000 
0.000000 0.000000 0.000000 0.000000 1.210496 0.000000 0.000000 0.000000 0.000000 0.000000 0.000000 0.000000 0.000000 0.000000 0.000000 0.000000 0.000000 0.000000 0.000000 0.000000 0.000000 0.000000 0.000000 0.000000 0.000000 0.000000 0.000000 0.000000 0.000000 0.000000 0.000000 
0.000000 0.000000 0.000000 0.000000 0.000000 0.000000 0.000000 0.000000 0.000000 0.000000 0.000000 0.000000 0.000000 0.000000 0.000000 0.000000 0.000000 0.000000 0.000000 0.000000 0.000000 0.000000 0.000000 0.000000 0.000000 0.000000 0.000000 0.000000 0.000000 0.000000 0.000000 
0.000000 0.000000 0.000000 0.000000 0.000000 0.000000 0.000000 0.000000 0.000000 0.000000 0.000000 0.000000 0.000000 0.000000 0.000000 0.000000 0.000000 0.000000 0.000000 0.000000 0.000000 0.000000 0.000000 0.000000 0.000000 0.000000 0.000000 0.000000 0.000000 0.000000 0.000000 
0.000000 0.000000 0.000000 0.000000 0.000000 0.000000 0.000000 0.000000 0.000000 0.000000 0.000000 0.000000 0.000000 0.000000 0.000000 0.000000 0.000000 0.000000 0.000000 0.000000 0.000000 0.000000 0.000000 0.000000 0.000000 0.000000 0.000000 0.000000 0.000000 0.000000 0.000000 
0.000000 0.000000 0.000000 0.000000 0.000000 0.000000 0.000000 0.000000 0.000000 0.000000 0.000000 0.000000 0.000000 0.000000 0.000000 0.000000 0.000000 0.000000 0.000000 0.000000 0.000000 0.000000 0.000000 0.000000 0.000000 0.000000 0.000000 0.000000 0.000000 0.000000 0.000000 
0.000000 0.000000 0.000000 0.000000 0.000000 0.000000 0.000000 0.000000 0.000000 0.000000 0.000000 0.000000 0.000000 0.000000 0.000000 0.000000 0.000000 0.000000 0.000000 0.000000 0.000000 0.000000 0.000000 0.000000 0.000000 0.000000 0.000000 0.000000 0.000000 0.000000 0.000000 
0.000000 0.000000 0.000000 0.000000 0.000000 0.000000 0.000000 0.000000 0.000000 0.000000 0.000000 0.000000 0.000000 0.000000 0.000000 0.000000 0.000000 0.000000 0.000000 0.000000 0.000000 0.000000 0.000000 0.000000 0.000000 0.000000 0.000000 0.000000 0.000000 0.000000 0.000000 
0.000000 0.000000 0.000000 0.000000 0.000000 0.000000 0.000000 0.000000 0.000000 0.000000 0.000000 0.000000 0.000000 0.000000 0.000000 0.000000 0.000000 0.000000 0.000000 0.000000 0.000000 0.000000 0.000000 0.000000 0.000000 0.000000 0.000000 0.000000 0.000000 0.000000 0.000000 

X-24
0.000000 0.000000 0.000000 0.000000 0.000000 0.000000 0.000000 0.000000 0.000000 0.000000 0.000000 0.000000 0.000000 0.000000 0.000000 0.000000 1.701402 1.469426 0.000000 0.000000 0.000000 0.000000 0.000000 0.000000 0.000000 0.000000 0.000000 0.000000 0.000000 0.000000 0.000000 
0.000000 0.000000 0.000000 0.000000 0.000000 0.000000 0.000000 0.000000 0.000000 0.000000 0.000000 0.000000 0.000000 0.000000 2.253409 2.055352 1.779672 2.015637 2.156587 2.265492 1.708218 0.000000 0.000000 0.000000 0.000000 0.000000 0.000000 0.000000 0.000000 0.000000 0.000000 
0.000000 0.000000 0.000000 0.000000 0.000000 0.000000 0.000000 0.000000 5.615792 3.030372 2.126166 0.000000 3.018064 3.009717 2.356928 2.060261 0.000000 2.230677 2.051877 1.862989 1.648915 0.000000 0.000000 0.000000 0.000000 0.000000 0.000000 0.000000 0.000000 0.000000 0.000000 
0.000000 0.000000 0.000000 0.000000 0.000000 0.000000 0.000000 0.000000 3.494142 2.535868 2.486920 2.803903 0.000000 0.000000 2.638924 2.129068 2.277196 2.098518 1.982984 2.226894 2.110247 1.414959 0.000000 0.000000 0.000000 0.000000 0.000000 0.000000 0.000000 0.000000 0.000000 
0.000000 0.000000 0.000000 0.000000 0.000000 0.000000 0.000000 2.153776 1.869867 3.090700 2.522979 2.758553 3.011689 2.385573 2.250372 2.398172 2.189032 2.093247 2.246028 2.410176 2.344588 2.300693 0.000000 0.000000 0.000000 0.000000 0.000000 0.000000 0.000000 0.000000 0.000000 
0.000000 0.000000 0.000000 0.000000 1.783332 2.994097 1.988133 1.869886 4.434751 3.469234 2.332882 2.151821 2.432173 2.217923 2.132514 2.214377 2.282906 1.876597 0.000000 2.005395 1.775650 0.000000 0.000000 0.000000 0.000000 0.000000 0.000000 0.000000 0.000000 0.000000 0.000000 
0.000000 0.000000 0.000000 0.000000 0.000000 0.000000 1.575098 3.516590 4.560557 2.773702 2.332873 2.877027 2.857886 2.533714 1.599401 2.224265 3.169534 2.558680 1.389668 0.000000 2.018477 2.199125 0.000000 1.065968 1.696442 0.000000 0.000000 0.000000 0.000000 0.000000 0.000000 
0.000000 0.000000 0.000000 0.000000 0.000000 0.000000 0.000000 2.899321 2.814565 1.679309 2.766740 3.004020 3.134146 2.350136 2.014339 2.457894 3.051369 2.295569 1.677283 0.000000 2.052931 1.336089 1.179044 0.000000 0.000000 0.000000 0.000000 0.000000 0.000000 0.000000 0.000000 
0.000000 0.000000 0.000000 0.000000 0.000000 0.000000 0.000000 2.951041 1.524609 1.256819 3.165105 3.517116 0.000000 0.000000 0.000000 2.670483 2.570051 0.000000 1.767847 2.047110 1.969034 1.609318 2.240329 0.000000 0.000000 0.000000 0.000000 0.000000 0.000000 0.000000 0.000000 
0.000000 0.000000 0.000000 2.080204 3.497758 0.000000 2.393878 0.000000 1.473028 1.404612 2.805715 2.538866 0.000000 0.000000 0.000000 0.000000 0.000000 0.000000 1.887491 2.377658 2.124493 2.362104 2.842902 1.724538 0.000000 0.000000 0.000000 0.000000 0.000000 0.000000 0.000000 
0.000000 0.326993 1.919481 3.297168 3.516950 2.537184 0.000000 0.000000 0.000000 2.374210 2.476768 2.750972 0.000000 0.000000 0.000000 0.000000 2.274017 0.000000 2.719900 3.047861 3.159090 2.847744 2.368611 1.643145 1.559016 1.548984 1.090632 0.000000 0.000000 0.000000 0.000000 
0.000000 1.447008 2.843524 3.434234 3.362716 2.097978 2.334732 2.123233 2.712708 2.424956 2.192262 2.640248 0.000000 0.000000 0.000000 0.000000 0.000000 0.000000 0.000000 2.918795 2.820284 2.167248 2.051392 2.057030 1.949257 1.847266 1.792451 0.000000 0.000000 0.000000 0.000000 
0.000000 2.036582 0.000000 3.362835 2.952532 2.133467 2.620312 0.000000 2.353960 2.364308 2.424896 2.419232 2.302935 0.000000 0.000000 0.000000 0.000000 0.000000 0.000000 2.136603 2.445343 1.981804 2.483408 2.427555 2.477055 1.946864 1.993598 0.000000 0.000000 0.000000 0.000000 
0.000000 0.000000 1.741094 2.434913 2.758997 2.824581 0.000000 2.441328 2.157236 2.244932 2.238599 1.748245 1.724636 1.948807 0.000000 0.000000 0.000000 0.000000 0.000000 3.063666 2.154297 2.369765 1.844052 2.021559 2.244749 2.026200 0.000000 0.000000 0.000000 0.000000 0.000000 
0.000000 0.000000 2.852801 2.055526 2.483668 3.941157 2.769401 2.102649 2.182843 2.229128 2.015853 1.553673 0.000000 1.118007 0.000000 0.000000 0.000000 0.000000 2.147461 2.307975 2.661452 2.616869 2.831046 2.379566 2.289112 2.388119 1.823376 1.652332 0.000000 0.000000 0.000000 
0.000000 1.823835 2.945513 2.149465 2.805252 3.784135 2.282945 2.270557 2.244617 2.666563 2.271723 1.410311 1.023105 0.000000 0.000000 0.000000 2.077534 0.000000 1.473478 2.058026 2.521556 2.667910 2.942815 3.007959 2.275787 2.698029 2.451426 1.723525 0.000000 0.000000 0.000000 
0.000000 1.857924 1.606066 2.488460 2.603727 2.511674 0.000000 1.999990 2.302557 3.099032 1.436690 1.050462 0.000000 0.000000 0.000000 0.000000 0.000000 1.673458 2.084464 2.671180 2.226969 2.561219 2.624172 2.744134 2.300878 2.201072 3.279477 1.876102 0.000000 0.000000 0.000000 
0.000000 0.000000 1.278087 2.818003 2.200472 3.085711 2.873075 1.689602 2.245881 0.000000 0.000000 0.000000 0.000000 0.000000 0.000000 0.000000 1.724035 0.000000 1.763139 1.879509 2.490945 2.724988 3.527459 2.638906 2.604931 2.301999 1.930633 1.722992 0.000000 0.000000 0.000000 
0.000000 0.000000 2.288663 2.762540 2.200010 2.794872 1.600231 1.409622 1.896909 0.000000 0.000000 0.000000 0.000000 0.000000 0.000000 0.000000 0.000000 0.000000 0.000000 0.000000 1.388607 1.527575 2.737910 2.453260 1.501860 1.484738 1.270465 1.099270 0.000000 0.000000 0.000000 
0.000000 0.000000 0.000000 2.586184 2.302914 1.635110 0.920669 0.828548 0.593086 0.000000 0.000000 0.000000 0.000000 0.000000 0.000000 0.000000 0.000000 0.000000 0.000000 0.000000 0.000000 0.000000 1.264426 0.000000 0.000000 0.000000 0.000000 0.000000 0.000000 0.000000 0.000000 
0.000000 0.000000 0.000000 0.000000 1.206884 0.994339 0.000000 0.000000 0.000000 0.000000 0.000000 0.000000 0.000000 0.000000 0.000000 0.000000 0.000000 0.000000 0.000000 0.000000 0.000000 0.000000 0.000000 0.000000 0.000000 0.000000 0.000000 0.000000 0.000000 0.000000 0.000000 
0.000000 0.000000 0.000000 0.000000 0.000000 0.000000 0.000000 0.000000 0.000000 0.000000 0.000000 0.000000 0.000000 0.000000 0.000000 0.000000 0.000000 0.000000 0.000000 0.000000 0.000000 0.000000 0.000000 0.000000 0.000000 0.000000 0.000000 0.000000 0.000000 0.000000 0.000000 
0.000000 0.000000 0.000000 0.000000 0.000000 0.000000 0.000000 0.000000 0.000000 0.000000 0.000000 0.000000 0.000000 0.000000 0.000000 0.000000 0.000000 0.000000 0.000000 0.000000 0.000000 0.000000 0.000000 0.000000 0.000000 0.000000 0.000000 0.000000 0.000000 0.000000 0.000000 
0.000000 0.000000 0.000000 0.000000 0.000000 0.000000 0.000000 0.000000 0.000000 0.000000 0.000000 0.000000 0.000000 0.000000 0.000000 0.000000 0.000000 0.000000 0.000000 0.000000 0.000000 0.000000 0.000000 0.000000 0.000000 0.000000 0.000000 0.000000 0.000000 0.000000 0.000000 
0.000000 0.000000 0.000000 0.000000 0.000000 0.000000 0.000000 0.000000 0.000000 0.000000 0.000000 0.000000 0.000000 0.000000 0.000000 0.000000 0.000000 0.000000 0.000000 0.000000 0.000000 0.000000 0.000000 0.000000 0.000000 0.000000 0.000000 0.000000 0.000000 0.000000 0.000000 
0.000000 0.000000 0.000000 0.000000 0.000000 0.000000 0.000000 0.000000 0.000000 0.000000 0.000000 0.000000 0.000000 0.000000 0.000000 0.000000 0.000000 0.000000 0.000000 0.000000 0.000000 0.000000 0.000000 0.000000 0.000000 0.000000 0.000000 0.000000 0.000000 0.000000 0.000000 
0.000000 0.000000 0.000000 0.000000 0.000000 0.000000 0.000000 0.000000 0.000000 0.000000 0.000000 0.000000 0.000000 0.000000 0.000000 0.000000 0.000000 0.000000 0.000000 0.000000 0.000000 0.000000 0.000000 0.000000 0.000000 0.000000 0.000000 0.000000 0.000000 0.000000 0.000000 
0.000000 0.000000 0.000000 0.000000 0.000000 0.000000 0.000000 0.000000 0.000000 0.000000 0.000000 0.000000 0.000000 0.000000 0.000000 0.000000 0.000000 0.000000 0.000000 0.000000 0.000000 0.000000 0.000000 0.000000 0.000000 0.000000 0.000000 0.000000 0.000000 0.000000 0.000000 

X-25
0.000000 0.000000 0.000000 0.000000 0.000000 0.000000 0.000000 0.000000 0.000000 0.000000 0.000000 0.000000 0.000000 0.000000 0.000000 0.000000 0.000000 0.000000 0.000000 0.000000 0.000000 0.000000 0.000000 0.000000 0.000000 0.000000 0.000000 0.000000 0.000000 0.000000 0.000000 
0.000000 0.000000 0.000000 0.000000 0.000000 0.000000 0.000000 0.000000 0.000000 0.000000 0.000000 0.000000 0.000000 0.000000 1.606370 1.650648 1.514414 1.356486 0.000000 2.071872 1.626445 0.000000 0.000000 0.000000 0.000000 0.000000 0.000000 0.000000 0.000000 0.000000 0.000000 
0.000000 0.000000 0.000000 0.000000 0.000000 0.000000 0.000000 0.000000 0.000000 1.982102 1.920853 0.000000 1.728888 2.233885 1.798207 1.542063 1.274987 2.090088 2.444862 2.104664 2.155273 0.000000 0.000000 0.000000 0.000000 0.000000 0.000000 0.000000 0.000000 0.000000 0.000000 
0.000000 0.000000 0.000000 0.000000 0.000000 0.000000 0.000000 0.000000 4.248505 2.058002 2.184162 2.874314 2.406440 2.716028 2.139135 1.609764 1.677274 2.073808 2.204553 1.921812 2.166723 0.000000 0.000000 0.000000 0.000000 0.000000 0.000000 0.000000 0.000000 0.000000 0.000000 
0.000000 0.000000 0.000000 0.000000 0.000000 0.000000 0.000000 0.000000 0.000000 2.274963 2.820957 3.302404 2.752478 2.367609 1.792636 2.289446 1.886138 1.993170 1.937942 2.083579 0.000000 0.000000 0.000000 0.000000 0.000000 0.000000 0.000000 0.000000 0.000000 0.000000 0.000000 
0.000000 0.000000 0.000000 0.000000 0.000000 0.000000 0.000000 0.000000 2.048810 2.141999 2.882946 2.997745 2.846531 2.208490 2.065823 2.310408 1.929785 1.678439 1.922534 2.322987 0.000000 0.000000 0.000000 0.000000 0.000000 0.000000 0.000000 0.000000 0.000000 0.000000 0.000000 
0.000000 0.000000 0.000000 0.000000 0.000000 0.000000 0.000000 0.000000 0.000000 0.000000 2.723058 3.026642 0.000000 2.231711 0.000000 1.413931 2.105550 2.158723 1.689026 0.000000 1.895561 0.000000 0.000000 0.000000 0.000000 0.000000 0.000000 0.000000 0.000000 0.000000 0.000000 
0.000000 0.000000 0.000000 0.000000 0.000000 0.000000 0.000000 0.000000 2.027644 1.546914 2.143096 0.000000 0.000000 2.169263 2.088889 1.715166 2.123258 2.007392 1.728864 1.397660 1.587847 1.480437 0.000000 1.520350 1.182690 0.000000 0.000000 0.000000 0.000000 0.000000 0.000000 
0.000000 0.000000 0.000000 0.000000 0.000000 0.000000 0.000000 0.000000 1.357769 1.386985 2.610244 0.000000 0.000000 2.727380 0.000000 2.553904 1.893268 1.603719 0.000000 1.973151 0.000000 1.020640 1.411105 1.742803 1.302264 0.000000 0.000000 0.000000 0.000000 0.000000 0.000000 
0.000000 0.000000 2.333589 1.958477 2.532398 0.000000 0.000000 0.000000 1.684950 2.267101 0.000000 0.000000 3.327206 0.000000 0.000000 0.000000 1.933406 1.858743 0.000000 1.281272 1.191122 1.836452 2.336749 0.000000 0.000000 0.000000 0.000000 0.000000 0.000000 0.000000 0.000000 
0.000000 0.925542 1.545786 2.492733 3.063272 2.207143 0.000000 1.849783 2.200333 4.071167 2.931170 1.980195 3.376211 0.000000 0.000000 0.000000 2.365586 1.895818 0.000000 0.000000 1.886840 2.650428 1.913793 0.000000 1.188137 1.379776 0.854364 0.000000 0.000000 0.000000 0.000000 
0.000000 0.605649 2.215699 3.408536 3.226480 2.076201 1.927178 2.181738 2.598841 2.683875 2.505386 2.890238 0.000000 0.000000 0.000000 0.000000 0.000000 0.000000 0.000000 0.000000 2.912652 1.800045 1.635185 1.609381 1.729276 1.722669 0.000000 0.000000 0.000000 0.000000 0.000000 
0.000000 0.000000 2.301037 3.390543 2.431335 1.948745 2.380317 3.228775 2.558990 2.576997 2.723248 2.643148 1.831238 0.000000 0.000000 0.000000 0.000000 0.000000 0.000000 0.000000 0.000000 1.598795 2.114179 2.612420 2.247850 1.912148 1.135784 0.000000 0.000000 0.000000 0.000000 
0.000000 0.000000 0.000000 2.967605 2.026474 2.153190 2.623120 2.822117 2.553140 2.373360 2.542777 2.291537 2.223529 2.045525 0.000000 0.000000 0.000000 0.000000 0.000000 0.000000 0.000000 2.522538 2.086440 2.760724 2.332596 2.237686 1.710036 0.000000 0.000000 0.000000 0.000000 
0.000000 0.000000 1.484529 2.706953 2.306196 2.940994 2.600762 2.355252 2.220737 2.327010 1.988918 2.102254 2.350047 2.247251 0.000000 0.000000 0.000000 0.000000 1.818874 2.621121 3.279200 3.008420 2.812230 1.716946 2.010041 2.213530 1.908796 2.266832 2.039173 0.803405 0.000000 
0.000000 0.000000 2.784899 2.081707 2.988816 2.930266 2.190836 2.208169 2.281938 2.026596 1.462069 0.000000 0.000000 0.000000 0.000000 2.361944 1.766723 1.713847 2.139997 2.889056 3.011836 3.334088 3.309258 3.209968 2.508496 2.329007 2.309534 1.897747 0.000000 0.000000 0.000000 
0.000000 0.000000 0.000000 2.359464 3.677831 2.739415 1.986477 2.125122 2.618176 2.174392 1.268900 0.780455 0.000000 0.000000 0.000000 0.000000 1.559285 1.524572 2.220212 2.277994 2.257647 2.742991 2.796873 2.957309 2.946971 2.295067 2.778562 2.543086 1.271286 0.000000 0.000000 
0.000000 0.000000 1.857971 2.719371 2.983665 2.240724 2.156793 2.255176 2.854294 1.510472 0.000000 0.745638 0.000000 0.000000 0.000000 0.000000 1.801355 2.279702 2.064595 2.219264 2.429226 2.576635 2.571255 2.781464 2.668983 2.321827 2.226672 2.744909 1.201369 0.000000 0.000000 
0.000000 0.000000 0.000000 2.269451 2.278228 3.148813 1.805597 2.439846 0.000000 0.836776 0.000000 0.000000 0.000000 0.000000 0.000000 0.000000 0.000000 0.000000 0.000000 1.419583 1.270231 2.160063 2.571760 3.353861 2.463320 2.354318 2.371732 2.005335 0.000000 0.000000 0.000000 
0.000000 0.000000 0.000000 2.360691 2.736344 2.086702 1.497031 2.128475 1.021356 0.000000 0.000000 0.000000 0.000000 0.000000 0.000000 0.000000 0.000000 2.101128 1.846170 0.000000 1.203963 1.338375 0.000000 0.000000 1.807488 1.082463 0.000000 0.000000 0.000000 0.000000 0.000000 
0.000000 0.000000 0.000000 0.000000 1.718035 0.000000 0.000000 0.586406 0.568828 0.000000 0.000000 0.000000 0.000000 0.000000 0.000000 0.000000 0.000000 0.000000 1.490453 0.000000 0.000000 0.000000 0.000000 0.000000 0.000000 0.000000 0.000000 0.000000 0.000000 0.000000 0.000000 
0.000000 0.000000 0.000000 0.000000 0.000000 0.000000 0.000000 0.000000 0.000000 0.000000 0.000000 0.000000 0.000000 0.000000 0.000000 0.000000 0.000000 0.000000 0.000000 0.000000 0.000000 0.000000 0.000000 0.000000 0.000000 0.000000 0.000000 0.000000 0.000000 0.000000 0.000000 
0.000000 0.000000 0.000000 0.000000 0.000000 0.000000 0.000000 0.000000 0.000000 1.459114 1.914448 1.916375 0.000000 1.349778 1.097477 1.790599 0.000000 0.000000 0.000000 0.000000 0.000000 0.000000 0.000000 0.000000 0.000000 0.000000 0.000000 0.000000 0.000000 0.000000 0.000000 
0.000000 0.000000 0.000000 0.000000 0.000000 0.000000 0.000000 1.064385 1.165493 0.000000 1.368320 2.692758 0.000000 1.255014 0.784408 0.846539 0.000000 0.000000 0.000000 0.000000 0.000000 0.000000 0.000000 0.000000 0.000000 0.000000 0.000000 0.000000 0.000000 0.000000 0.000000 
0.000000 0.000000 0.000000 0.000000 0.000000 0.000000 0.000000 0.000000 0.000000 0.000000 0.000000 0.000000 0.000000 0.000000 0.000000 0.000000 0.000000 0.000000 0.000000 0.000000 0.000000 0.000000 0.000000 0.000000 0.000000 0.000000 0.000000 0.000000 0.000000 0.000000 0.000000 
0.000000 0.000000 0.000000 0.000000 0.000000 0.000000 0.000000 0.000000 0.000000 0.000000 0.000000 0.000000 0.000000 0.000000 0.000000 0.000000 0.000000 0.000000 0.000000 0.000000 0.000000 0.000000 0.000000 0.000000 0.000000 0.000000 0.000000 0.000000 0.000000 0.000000 0.000000 
0.000000 0.000000 0.000000 0.000000 0.000000 0.000000 0.000000 0.000000 0.000000 0.000000 0.000000 0.000000 0.000000 0.000000 0.000000 0.000000 0.000000 0.000000 0.000000 0.000000 0.000000 0.000000 0.000000 0.000000 0.000000 0.000000 0.000000 0.000000 0.000000 0.000000 0.000000 
0.000000 0.000000 0.000000 0.000000 0.000000 0.000000 0.000000 0.000000 0.000000 0.000000 0.000000 0.000000 0.000000 0.000000 0.000000 0.000000 0.000000 0.000000 0.000000 0.000000 0.000000 0.000000 0.000000 0.000000 0.000000 0.000000 0.000000 0.000000 0.000000 0.000000 0.000000 

X-26
0.000000 0.000000 0.000000 0.000000 0.000000 0.000000 0.000000 0.000000 0.000000 0.000000 0.000000 0.000000 0.000000 0.000000 0.000000 0.000000 0.000000 0.000000 0.000000 0.000000 0.000000 0.000000 0.000000 0.000000 0.000000 0.000000 0.000000 0.000000 0.000000 0.000000 0.000000 
0.000000 0.000000 0.000000 0.000000 0.000000 0.000000 0.000000 0.000000 0.000000 0.000000 0.000000 0.000000 0.000000 0.000000 0.000000 1.622894 2.004241 0.000000 2.009757 1.545618 1.300548 0.000000 0.000000 0.000000 0.000000 0.000000 0.000000 0.000000 0.000000 0.000000 0.000000 
0.000000 0.000000 0.000000 0.000000 0.000000 0.000000 0.000000 0.000000 0.000000 1.510829 2.182863 0.000000 0.000000 0.000000 0.000000 1.791912 2.058700 2.623241 0.000000 0.000000 0.000000 0.000000 0.000000 0.000000 0.000000 0.000000 0.000000 0.000000 0.000000 0.000000 0.000000 
0.000000 0.000000 0.000000 0.000000 0.000000 0.000000 0.000000 0.000000 0.000000 1.936013 2.410784 0.000000 1.681819 1.556574 1.558768 1.552978 1.791780 1.938975 0.000000 0.000000 0.000000 0.000000 0.000000 0.000000 0.000000 0.000000 0.000000 0.000000 0.000000 0.000000 0.000000 
0.000000 0.000000 0.000000 0.000000 0.000000 0.000000 0.000000 0.000000 0.000000 1.933859 1.921034 1.730028 2.084609 1.795672 1.558367 1.615782 2.151369 2.171937 2.209087 0.000000 0.000000 0.000000 0.000000 0.000000 0.000000 0.000000 0.000000 0.000000 0.000000 0.000000 0.000000 
0.000000 0.000000 0.000000 0.000000 0.000000 0.000000 0.000000 0.000000 0.000000 1.829221 0.000000 2.705821 2.820447 1.912633 1.513395 0.000000 0.000000 1.808750 0.000000 0.000000 0.000000 0.000000 0.000000 0.000000 0.000000 0.000000 0.000000 0.000000 0.000000 0.000000 0.000000 
0.000000 0.000000 0.000000 0.000000 0.000000 0.000000 0.000000 0.000000 0.000000 0.000000 2.598349 2.646279 2.307333 2.227371 1.838832 1.469234 0.000000 0.000000 0.000000 0.000000 0.000000 0.000000 0.000000 0.000000 0.000000 0.000000 0.000000 0.000000 0.000000 0.000000 0.000000 
0.000000 0.000000 0.000000 0.000000 0.000000 0.000000 0.000000 0.000000 0.000000 2.281293 2.362994 2.485673 2.078034 2.204307 1.762870 1.369347 1.502929 0.000000 0.000000 0.000000 1.484052 2.252471 2.463381 2.088418 0.709110 0.000000 0.000000 0.000000 0.000000 0.000000 0.000000 
0.000000 0.000000 0.000000 1.890120 2.561724 0.000000 0.000000 0.000000 1.505502 1.977596 2.234969 2.065821 0.000000 2.016483 2.289528 2.042944 1.773104 0.000000 0.000000 0.000000 0.000000 1.577365 2.293556 2.100344 1.646771 0.000000 0.000000 0.000000 0.000000 0.000000 0.000000 
0.000000 0.000000 1.418591 2.798506 2.606246 1.840295 0.000000 0.000000 1.620824 1.982697 2.249161 2.290800 2.135324 0.000000 2.302333 1.656103 0.000000 0.000000 0.000000 0.000000 1.259625 1.428798 1.593022 1.723280 1.567833 0.000000 0.000000 0.000000 0.000000 0.000000 0.000000 
0.000000 1.818972 2.274768 2.638898 1.980324 2.761059 2.706767 0.000000 2.165687 3.404087 2.788243 2.522332 2.685081 0.000000 1.656234 1.293293 1.643448 2.026155 0.000000 0.000000 1.305881 2.145960 1.914137 1.772174 1.601208 0.834723 0.000000 0.000000 0.000000 0.000000 0.000000 
0.000000 0.000000 2.081814 2.805014 2.354552 2.519492 1.999204 1.915509 2.955617 3.547324 3.202951 3.478706 2.687987 0.000000 1.493814 0.000000 0.000000 0.000000 0.000000 0.000000 0.000000 0.000000 1.673935 1.314208 1.469161 1.213233 0.000000 0.000000 0.000000 0.000000 0.000000 
0.000000 0.000000 2.339935 3.132091 2.298224 2.233782 1.971630 2.325512 3.544897 2.735586 2.969858 3.139941 2.209981 0.000000 0.000000 1.208064 1.711002 0.000000 0.000000 0.000000 0.000000 2.206050 1.801790 2.179375 1.953420 1.472911 0.000000 0.000000 0.000000 0.000000 0.000000 
0.000000 0.000000 0.000000 0.000000 1.933723 1.821787 2.607080 3.245478 2.839689 2.914902 3.170545 2.403123 1.984059 2.070295 0.000000 1.800940 1.982701 0.000000 0.000000 0.000000 2.173807 2.853315 2.666109 2.612420 2.767850 2.221962 1.495019 0.000000 0.000000 0.000000 0.000000 
0.000000 0.000000 0.000000 0.000000 0.000000 2.476981 2.866086 2.607949 2.408056 2.828655 2.380543 2.058032 2.243578 1.946435 2.018282 0.000000 0.000000 0.000000 0.000000 1.954133 3.121297 2.862065 2.454583 2.086440 2.446732 2.350028 2.285681 1.806541 2.331151 1.467893 0.000000 
0.000000 0.000000 2.332967 2.267615 2.567994 2.844686 2.406232 2.329365 2.369714 2.023420 0.000000 0.000000 0.000000 0.000000 0.000000 1.992785 1.590040 1.539837 0.000000 1.822111 3.146051 3.913676 3.222518 2.981376 2.141455 2.053442 2.376646 1.939775 0.000000 1.636440 0.000000 
0.000000 0.000000 0.000000 2.112323 3.079129 2.368392 2.105226 2.204732 2.081886 1.355230 0.000000 0.000000 0.000000 0.000000 0.000000 0.000000 0.000000 1.956097 1.887811 2.296122 2.473172 3.690263 3.184795 3.358437 3.172841 2.544884 2.454518 2.365334 1.629668 0.000000 0.000000 
0.000000 0.000000 1.243930 2.886698 2.772521 2.024928 2.155129 2.294585 1.947169 1.161854 0.000000 0.000000 0.000000 0.000000 0.000000 0.000000 1.811066 2.096627 2.015451 2.302516 2.777566 2.538865 2.579065 2.908531 3.056225 2.787949 2.347415 2.750108 2.607771 0.000000 0.000000 
0.000000 0.000000 2.291780 2.831063 2.647762 2.160598 2.279713 2.845664 1.680435 0.736302 0.000000 0.000000 0.000000 0.000000 0.000000 0.000000 2.102174 2.028387 2.409396 2.447449 1.821083 2.436641 2.696912 2.731424 0.000000 2.367881 2.454512 2.249699 0.000000 0.000000 0.000000 
0.000000 0.000000 2.532802 1.993858 2.734251 1.872537 2.458638 2.547225 0.838613 0.000000 0.000000 0.000000 0.000000 0.000000 0.000000 0.000000 2.202483 2.271774 2.010806 2.503629 1.673828 1.337905 1.938452 1.828564 0.000000 0.000000 0.000000 0.000000 0.000000 0.000000 0.000000 
0.000000 0.000000 2.257838 0.000000 0.000000 1.280046 0.000000 1.184207 0.511767 0.000000 0.984918 1.177176 1.285089 0.000000 0.000000 0.000000 0.000000 0.000000 1.798396 0.000000 1.493949 1.055272 0.000000 1.178618 0.000000 0.000000 0.000000 0.000000 0.000000 0.000000 0.000000 
0.000000 0.000000 0.000000 0.000000 0.000000 0.000000 0.000000 0.000000 0.000000 1.282344 1.180758 1.091288 0.000000 0.000000 1.649309 1.569015 0.000000 0.000000 1.202011 0.000000 1.267125 1.107688 0.000000 0.000000 0.000000 0.000000 0.000000 0.000000 0.000000 0.000000 0.000000 
0.000000 0.000000 0.000000 0.000000 0.000000 0.000000 0.000000 0.000000 1.152354 1.791276 1.789634 1.564499 0.000000 1.519116 2.115658 1.755156 0.000000 0.000000 1.002402 0.000000 0.000000 0.000000 0.000000 0.000000 0.000000 0.000000 0.000000 0.000000 0.000000 0.000000 0.000000 
0.000000 0.000000 0.000000 0.000000 0.000000 0.000000 0.000000 0.000000 1.439657 1.740167 1.799583 1.934800 1.122645 1.570596 1.945389 1.444186 0.000000 0.000000 0.000000 0.000000 0.000000 0.000000 0.000000 0.000000 0.000000 0.000000 0.000000 0.000000 0.000000 0.000000 0.000000 
0.000000 0.000000 0.000000 0.000000 0.000000 0.000000 0.000000 0.000000 1.098998 1.346373 2.305339 1.616379 0.834554 0.571961 0.942780 1.156944 0.000000 0.000000 0.000000 0.000000 0.000000 0.751928 0.000000 0.000000 0.000000 0.000000 0.000000 0.000000 0.000000 0.000000 0.000000 
0.000000 0.000000 0.000000 0.000000 0.000000 0.000000 0.000000 0.000000 0.946398 1.579616 0.000000 0.000000 0.103985 0.000000 0.000000 0.000000 0.000000 0.000000 0.000000 0.000000 0.000000 0.000000 0.000000 0.000000 0.000000 0.000000 0.000000 0.000000 0.000000 0.000000 0.000000 
0.000000 0.000000 0.000000 0.000000 0.000000 0.000000 0.000000 0.000000 1.298944 0.000000 0.000000 0.000000 0.000000 0.000000 0.000000 0.000000 0.000000 0.000000 0.000000 0.000000 0.000000 0.000000 0.000000 0.000000 0.000000 0.000000 0.000000 0.000000 0.000000 0.000000 0.000000 
0.000000 0.000000 0.000000 0.000000 0.000000 0.000000 0.000000 0.000000 0.960136 0.000000 0.000000 0.000000 0.000000 0.000000 0.000000 0.000000 0.000000 0.000000 0.000000 0.000000 0.000000 0.000000 0.000000 0.000000 0.000000 0.000000 0.000000 0.000000 0.000000 0.000000 0.000000 

X-27
0.000000 0.000000 0.000000 0.000000 0.000000 0.000000 0.000000 0.000000 0.000000 0.000000 0.000000 0.000000 0.000000 0.000000 0.000000 0.000000 0.000000 0.000000 0.000000 0.000000 0.000000 0.000000 0.000000 0.000000 0.000000 0.000000 0.000000 0.000000 0.000000 0.000000 0.000000 
0.000000 0.000000 0.000000 0.000000 0.000000 0.000000 0.000000 0.000000 0.000000 0.000000 0.000000 0.000000 0.000000 0.000000 1.083683 1.437547 2.059589 2.174261 0.000000 1.001491 0.000000 0.000000 0.000000 0.000000 0.000000 0.000000 0.000000 0.000000 0.000000 0.000000 0.000000 
0.000000 0.000000 0.000000 0.000000 0.000000 0.000000 0.000000 0.000000 0.000000 0.000000 0.000000 0.000000 0.000000 0.000000 0.000000 0.000000 1.665069 2.273472 1.529735 0.000000 0.000000 0.000000 0.000000 0.000000 0.000000 0.000000 0.000000 0.000000 0.000000 0.000000 0.000000 
0.000000 0.000000 0.000000 0.000000 0.000000 0.000000 0.000000 0.000000 0.000000 2.442625 2.586031 0.000000 0.000000 1.636190 0.000000 1.989194 0.000000 1.359959 0.000000 0.000000 0.000000 0.000000 0.000000 0.000000 0.000000 0.000000 0.000000 0.000000 0.000000 0.000000 0.000000 
0.000000 0.000000 0.000000 0.000000 0.000000 0.000000 0.000000 0.000000 0.000000 2.643175 2.659712 1.959538 1.667213 1.761505 1.962656 2.293515 2.552808 1.902749 1.800467 0.000000 0.000000 0.000000 0.000000 0.000000 0.000000 0.000000 0.000000 0.000000 0.000000 0.000000 0.000000 
0.000000 0.000000 0.000000 0.000000 0.000000 0.000000 0.000000 0.000000 0.000000 0.000000 1.797566 1.772795 1.682619 1.786609 2.066910 2.013330 0.000000 2.213074 1.850290 1.907148 0.000000 0.000000 0.000000 0.000000 0.000000 0.000000 0.000000 0.000000 0.000000 0.000000 0.000000 
0.000000 0.000000 0.000000 0.000000 0.000000 0.000000 0.000000 0.000000 0.000000 0.000000 1.916713 1.814259 1.607057 1.425353 1.800899 2.147150 1.789409 0.000000 0.000000 1.558642 0.000000 0.000000 0.000000 0.000000 0.000000 0.000000 0.000000 0.000000 0.000000 0.000000 0.000000 
0.000000 0.000000 0.000000 0.000000 0.000000 0.000000 0.000000 0.000000 0.000000 2.060977 2.286826 1.518512 0.000000 1.658061 1.984983 1.773439 1.914561 2.196842 2.355675 1.505285 0.000000 2.350857 2.411951 1.998633 1.058430 0.971295 0.598843 0.000000 0.000000 0.000000 0.000000 
0.000000 0.000000 0.254421 1.381399 2.525517 0.000000 0.000000 0.000000 0.000000 2.514513 2.413490 1.462755 0.000000 1.576516 1.774529 1.805479 2.112453 1.970219 1.616191 1.931583 1.497424 1.504244 2.144698 2.426257 1.846406 0.000000 0.000000 0.000000 0.000000 0.000000 0.000000 
0.000000 0.000000 0.000000 2.034645 2.702831 3.506775 1.680249 0.000000 2.738001 2.254911 1.879715 0.000000 0.000000 0.000000 1.544060 2.028158 2.017213 1.273795 0.000000 0.000000 1.759020 1.332205 1.680586 2.048241 2.006678 1.318875 0.000000 0.000000 0.000000 0.000000 0.000000 
0.000000 0.273289 0.926544 2.842412 2.133954 1.723734 1.838904 1.928564 2.504062 2.535773 1.949994 0.000000 0.000000 0.000000 1.675970 1.779514 1.716954 1.039961 0.000000 0.000000 1.307206 1.570881 1.443694 1.758549 1.837180 1.428094 0.000000 0.000000 0.000000 0.000000 0.000000 
0.000000 1.151055 2.633255 2.556361 0.000000 2.969961 2.153814 1.388449 2.647084 2.560108 2.574089 2.866895 0.000000 0.000000 1.554944 1.526408 1.551502 1.136742 1.483563 0.000000 0.000000 1.313528 2.170723 1.921686 1.434521 0.000000 0.000000 0.000000 0.000000 0.000000 0.000000 
0.000000 0.000000 0.000000 1.996776 2.862426 2.822211 1.901039 3.568944 3.474671 2.739071 2.827014 3.080469 2.262829 0.000000 1.226222 0.000000 0.775611 1.072636 2.028386 0.000000 0.000000 1.819203 1.608437 1.439557 1.432186 1.570429 0.000000 0.000000 0.000000 0.000000 0.000000 
0.000000 0.000000 0.000000 0.000000 0.000000 1.840974 2.300942 3.768588 3.710912 3.249048 3.620114 2.230204 1.900976 0.000000 1.524565 0.000000 0.000000 0.000000 0.000000 0.000000 2.015718 2.687938 2.652297 1.827815 3.128966 2.499463 0.000000 0.000000 0.000000 0.000000 0.000000 
0.000000 0.000000 0.000000 0.000000 0.000000 1.634149 0.000000 2.929246 2.928331 3.661387 2.587153 2.300294 1.885430 0.000000 0.000000 0.000000 0.000000 0.000000 1.517945 1.594195 2.315189 2.389177 2.898699 2.632478 2.767850 2.618500 2.260390 1.204690 0.000000 0.000000 0.000000 
0.000000 0.000000 2.654930 1.660103 1.755458 2.144714 0.000000 2.468440 2.875171 2.626386 1.629678 1.918496 1.746244 0.000000 0.000000 0.000000 1.496253 1.321643 1.347631 1.887787 2.169250 3.198320 3.078963 2.436859 2.086440 2.332601 2.315838 2.299854 0.000000 0.000000 0.000000 
0.000000 0.000000 2.125409 2.099382 2.633415 2.562863 2.053200 2.462305 2.019719 1.912751 1.510007 0.000000 1.994776 0.000000 0.000000 0.000000 2.016786 0.000000 1.229051 1.347077 1.791252 2.834210 3.827476 3.242928 2.881994 2.305051 2.275430 0.000000 0.000000 0.000000 0.000000 
0.000000 0.000000 0.000000 2.836016 2.497083 2.162377 2.196597 2.045909 1.387827 1.359224 0.000000 0.000000 1.698010 1.458809 0.000000 0.000000 1.843084 2.098435 2.186330 2.106546 2.417474 2.637362 3.386212 3.073564 3.049775 3.060140 2.534632 0.000000 0.000000 0.000000 0.000000 
0.000000 0.000000 1.965341 0.000000 2.087730 2.042529 2.241829 1.803223 1.108195 0.868464 0.000000 1.701038 2.123485 1.426981 0.000000 0.000000 2.006998 1.866264 2.114645 0.000000 1.899525 2.727949 3.111685 2.341432 0.000000 2.448898 2.780799 2.234649 0.000000 0.000000 0.000000 
0.000000 0.000000 2.771165 2.183752 1.975172 0.000000 2.652694 1.586309 0.000000 0.707178 0.000000 0.000000 0.000000 0.000000 0.000000 0.000000 2.323927 2.327282 2.149743 2.260731 2.473372 1.905390 1.941172 2.428800 2.202055 0.000000 0.000000 0.000000 0.000000 0.000000 0.000000 
0.000000 0.000000 0.000000 0.000000 1.450976 0.000000 2.263688 0.702127 0.000000 0.000000 1.072179 1.490667 1.422486 1.479475 1.683844 0.000000 1.887709 2.416308 2.571543 2.715587 2.635878 2.016863 1.515355 1.735360 1.986923 0.000000 0.000000 0.000000 0.000000 0.000000 0.000000 
0.000000 0.000000 0.000000 0.000000 0.000000 0.000000 0.000000 0.000000 0.000000 1.110237 0.000000 1.321278 1.512452 1.471051 1.160345 1.302523 1.629591 1.952434 1.769456 1.702241 2.092679 2.309202 0.000000 0.000000 0.000000 0.000000 0.000000 0.000000 0.000000 0.000000 0.000000 
0.000000 0.000000 0.000000 0.000000 0.000000 0.000000 0.000000 0.832978 1.136661 1.339213 1.477047 1.597334 1.688054 1.076600 0.949364 0.000000 0.000000 1.129782 1.004050 1.185590 0.000000 1.670449 0.989421 0.000000 0.000000 0.000000 0.000000 0.000000 0.000000 0.000000 0.000000 
0.000000 0.000000 0.000000 0.000000 0.000000 0.000000 0.000000 0.000000 1.915812 1.719668 1.540306 1.484806 1.838994 1.866566 1.267271 0.000000 0.000000 0.000000 0.000000 0.318598 1.359569 2.055996 0.000000 0.000000 0.000000 0.000000 0.000000 0.000000 0.000000 0.000000 0.000000 
0.000000 0.000000 0.000000 0.000000 0.000000 0.000000 0.000000 1.325626 1.670296 2.115250 1.788392 1.027361 1.510515 1.589300 1.405131 1.134429 0.000000 0.000000 0.000000 0.000000 0.744473 1.200565 0.914552 0.000000 0.000000 0.000000 0.000000 0.000000 0.000000 0.000000 0.000000 
0.000000 0.000000 0.000000 0.000000 0.000000 0.000000 0.000000 0.819957 1.668071 1.887644 0.926568 0.000000 0.589303 1.210629 0.000000 0.535517 0.000000 0.000000 0.000000 0.000000 0.000000 0.000000 0.000000 0.000000 0.000000 0.000000 0.000000 0.000000 0.000000 0.000000 0.000000 
0.000000 0.000000 0.000000 0.000000 0.000000 0.000000 0.000000 0.000000 1.797641 0.000000 0.000000 0.000000 0.239171 1.007844 0.000000 0.000000 0.000000 0.000000 0.000000 0.000000 0.000000 0.000000 0.000000 0.000000 0.000000 0.000000 0.000000 0.000000 0.000000 0.000000 0.000000 
0.000000 0.000000 0.000000 0.000000 0.000000 0.000000 0.000000 0.000000 0.709484 0.000000 0.000000 0.000000 0.000000 0.000000 0.000000 0.000000 0.000000 0.000000 0.000000 0.000000 0.000000 0.000000 0.000000 0.000000 0.000000 0.000000 0.000000 0.000000 0.000000 0.000000 0.000000 

X-28
0.000000 0.000000 0.000000 0.000000 0.000000 0.000000 0.000000 0.000000 0.000000 0.000000 0.000000 0.000000 0.000000 0.000000 0.000000 0.000000 0.000000 0.000000 0.000000 0.000000 0.000000 0.000000 0.000000 0.000000 0.000000 0.000000 0.000000 0.000000 0.000000 0.000000 0.000000 
0.000000 0.000000 0.000000 0.000000 0.000000 0.000000 0.000000 0.000000 0.000000 0.000000 0.000000 0.000000 0.000000 0.000000 0.000000 0.406019 0.000000 1.584845 0.000000 0.000000 0.000000 0.000000 0.000000 0.000000 0.000000 0.000000 0.000000 0.000000 0.000000 0.000000 0.000000 
0.000000 0.000000 0.000000 0.000000 0.000000 0.000000 0.000000 0.000000 0.000000 0.000000 0.000000 0.000000 0.000000 0.000000 0.000000 0.000000 0.000000 1.270377 1.947840 0.000000 0.000000 0.000000 0.000000 0.000000 0.000000 0.000000 0.000000 0.000000 0.000000 0.000000 0.000000 
0.000000 0.000000 0.000000 0.000000 0.000000 0.000000 0.000000 0.000000 0.000000 0.000000 0.000000 0.000000 0.000000 0.000000 0.000000 0.000000 0.000000 1.184284 0.000000 0.000000 0.000000 0.000000 0.000000 0.000000 0.000000 0.000000 0.000000 0.000000 0.000000 0.000000 0.000000 
0.000000 0.000000 0.000000 0.000000 0.000000 0.000000 0.000000 0.000000 2.384235 2.600227 2.214481 1.765052 1.557482 0.000000 0.000000 0.000000 0.000000 0.000000 0.000000 0.000000 0.000000 0.000000 0.000000 0.000000 0.000000 0.000000 0.000000 0.000000 0.000000 0.000000 0.000000 
0.000000 0.000000 0.000000 0.000000 0.000000 0.000000 0.000000 0.000000 0.000000 2.496138 2.387825 1.734062 1.671135 2.240414 0.000000 1.851359 1.597529 1.846401 1.469345 1.453099 0.000000 0.000000 0.000000 0.000000 0.000000 0.000000 0.000000 0.000000 0.000000 0.000000 0.000000 
0.000000 0.000000 0.000000 0.000000 0.000000 0.000000 0.000000 0.000000 0.000000 0.000000 2.010907 1.789247 2.108045 2.495662 2.388553 1.845241 1.735332 1.773521 1.972177 1.611036 1.989087 2.174382 2.079146 1.866175 0.000000 0.000000 0.000000 0.000000 0.000000 0.000000 0.000000 
0.000000 0.000000 0.000000 0.000000 0.000000 0.000000 1.057568 1.742365 0.000000 0.000000 1.779450 1.861782 1.728155 2.351911 2.364851 2.117805 2.131838 1.925743 2.189437 1.377277 1.380121 2.073418 2.890441 1.813511 1.462910 1.844848 2.020551 0.000000 0.000000 0.000000 0.000000 
0.000000 0.000000 0.000000 0.000000 0.000000 0.000000 1.618454 1.639203 1.543059 0.000000 1.554477 1.386706 1.251165 1.820628 1.967911 2.553608 2.602319 2.093443 0.000000 0.000000 0.000000 1.341946 2.546769 2.206484 1.527523 1.054111 0.000000 0.000000 0.000000 0.000000 0.000000 
0.000000 0.000000 0.000000 1.557369 3.594146 3.398936 1.648021 1.706555 2.036126 2.150855 1.221142 1.251216 1.358505 0.000000 0.000000 2.423376 2.463909 1.948833 1.450969 0.000000 0.000000 1.358564 1.583237 2.031906 2.044807 1.325330 0.711815 0.000000 0.000000 0.000000 0.000000 
0.000000 0.000000 0.000000 0.000000 3.928570 3.026694 1.541664 2.274367 2.223249 2.078597 1.453162 1.160602 0.000000 1.430418 1.889600 1.987985 1.707184 0.000000 0.000000 1.215267 1.533259 1.521470 1.237936 1.532235 2.560784 2.095349 0.000000 0.000000 0.000000 0.000000 0.000000 
0.000000 0.000000 1.113542 2.042482 0.000000 1.774320 1.961791 2.805842 2.652309 1.937361 1.842491 1.042337 0.000000 1.545122 1.837774 1.370889 1.459245 1.687558 1.471982 0.000000 0.000000 1.121738 0.000000 1.312126 1.776142 1.796887 0.000000 0.000000 0.000000 0.000000 0.000000 
0.000000 0.000000 0.000000 2.027725 2.427101 2.013964 2.153223 2.673210 2.405427 2.188383 2.329748 2.129579 0.000000 0.000000 1.501962 1.246748 1.209181 1.240897 1.515510 0.000000 0.000000 1.471874 0.000000 1.587467 0.000000 0.000000 0.000000 0.000000 0.000000 0.000000 0.000000 
0.000000 0.000000 0.000000 0.000000 0.000000 2.073333 1.902417 3.114136 2.932066 2.843579 3.096665 1.958640 1.645788 0.000000 1.807227 0.956124 0.000000 0.000000 0.000000 0.000000 2.607055 2.042282 1.558898 1.644364 0.000000 0.000000 0.000000 0.000000 0.000000 0.000000 0.000000 
0.000000 0.000000 0.000000 0.000000 0.000000 0.000000 2.622558 3.163532 3.520227 3.973225 2.663897 1.775051 1.174099 0.000000 0.000000 0.000000 0.000000 0.000000 1.184852 1.479253 2.167548 2.180269 2.613131 2.904477 2.163382 1.989171 1.510464 1.279474 0.000000 0.000000 0.000000 
0.000000 0.000000 0.000000 0.000000 0.000000 0.000000 0.000000 2.434497 0.000000 0.000000 1.992038 1.791484 1.384873 0.000000 1.469912 2.094639 0.000000 1.220845 1.073765 1.603416 1.700150 2.332064 2.571414 2.860908 3.261935 2.848589 0.000000 0.000000 0.000000 0.000000 0.000000 
0.000000 0.000000 0.000000 0.000000 1.821437 1.378700 0.000000 0.000000 0.000000 0.000000 1.786176 0.000000 1.581998 0.000000 1.980519 1.733052 1.725500 2.100501 1.393937 0.000000 0.000000 2.011919 2.817613 3.085418 2.659910 3.030867 2.000526 0.000000 0.000000 0.000000 0.000000 
0.000000 0.000000 0.000000 0.000000 2.200768 0.000000 2.044132 1.929431 0.000000 0.000000 0.000000 0.000000 1.667785 1.840320 1.606655 0.000000 2.353269 2.694295 2.276284 1.640397 1.442677 1.653551 2.187791 3.627394 3.422659 3.219275 2.158371 0.000000 0.000000 0.000000 0.000000 
0.000000 0.000000 0.000000 0.000000 2.106824 1.763953 2.035065 1.391327 1.105989 1.068268 0.000000 1.318127 1.572989 1.618160 1.730081 0.000000 1.855808 1.641061 1.954604 2.259649 2.045124 2.520507 3.065465 2.989492 2.802962 2.501161 2.991569 0.000000 0.000000 0.000000 0.000000 
0.000000 0.000000 0.000000 0.000000 2.091957 1.921884 1.724535 1.177834 0.000000 0.998372 0.000000 0.000000 1.413049 0.000000 1.678641 0.000000 1.585586 1.980411 1.984319 2.172125 2.315059 2.076826 2.163778 2.522036 0.000000 2.013886 0.000000 0.000000 0.000000 0.000000 0.000000 
0.000000 0.000000 0.000000 0.000000 0.000000 0.000000 0.000000 0.571909 0.000000 1.408688 1.939497 1.568220 1.549465 1.429715 1.432442 0.000000 1.773770 2.194548 2.644632 2.597693 2.143720 2.355602 2.335947 1.917412 2.163194 0.000000 0.000000 0.000000 0.000000 0.000000 0.000000 
0.000000 0.000000 0.000000 0.000000 0.000000 0.000000 0.000000 0.000000 0.000000 1.199329 1.517921 1.587225 1.793586 1.477657 1.256794 1.030293 0.000000 2.110824 2.365794 2.672058 2.770652 3.365887 2.456587 0.000000 0.877377 0.000000 0.000000 0.000000 0.000000 0.000000 0.000000 
0.000000 0.000000 0.000000 0.000000 0.000000 0.000000 0.000000 0.823297 1.018686 1.436075 1.445231 1.799677 1.638904 1.056905 0.000000 0.000000 0.000000 1.265679 0.000000 2.665033 2.629234 2.506956 2.208471 1.269069 0.000000 0.000000 0.000000 0.000000 0.000000 0.000000 0.000000 
0.000000 0.000000 0.000000 0.000000 0.000000 0.000000 0.000000 1.180504 1.279548 1.451002 1.879146 1.792377 1.397374 1.112203 0.912743 0.000000 0.000000 0.000000 0.864717 0.727712 0.950115 1.452576 1.723851 0.000000 0.000000 0.000000 0.000000 0.000000 0.000000 0.000000 0.000000 
0.000000 0.000000 0.000000 0.000000 0.000000 0.000000 0.000000 1.725071 1.856101 1.404911 1.554409 1.989800 1.555749 1.179870 1.084240 0.000000 0.000000 0.000000 0.000000 0.000000 0.000000 0.697516 1.618432 0.000000 0.000000 0.000000 0.000000 0.000000 0.000000 0.000000 0.000000 
0.000000 0.000000 0.000000 0.000000 0.000000 0.000000 0.000000 0.000000 0.000000 1.187071 1.145871 1.367387 1.341995 1.109248 0.000000 0.000000 0.000000 0.000000 0.000000 0.000000 0.000000 0.000000 0.000000 0.000000 0.000000 0.000000 0.000000 0.000000 0.000000 0.000000 0.000000 
0.000000 0.000000 0.000000 0.000000 0.000000 0.000000 0.000000 0.000000 1.113575 0.000000 0.000000 0.000000 1.451464 0.681783 0.000000 0.000000 0.000000 0.000000 0.000000 0.000000 0.000000 0.000000 0.000000 0.000000 0.000000 0.000000 0.000000 0.000000 0.000000 0.000000 0.000000 
0.000000 0.000000 0.000000 0.000000 0.000000 0.000000 0.000000 0.000000 0.000000 0.000000 0.000000 0.000000 0.000000 0.000000 0.000000 0.000000 0.000000 0.000000 0.000000 0.000000 0.000000 0.000000 0.000000 0.000000 0.000000 0.000000 0.000000 0.000000 0.000000 0.000000 0.000000 

X-29
0.000000 0.000000 0.000000 0.000000 0.000000 0.000000 0.000000 0.000000 0.000000 0.000000 0.000000 0.000000 0.000000 0.000000 0.000000 0.000000 0.000000 0.000000 0.000000 0.000000 0.000000 0.000000 0.000000 0.000000 0.000000 0.000000 0.000000 0.000000 0.000000 0.000000 0.000000 
0.000000 0.000000 0.000000 0.000000 0.000000 0.000000 0.000000 0.000000 0.000000 0.000000 0.000000 0.000000 0.000000 0.000000 0.000000 0.000000 0.000000 0.000000 0.000000 0.000000 0.000000 0.000000 0.000000 0.000000 0.000000 0.000000 0.000000 0.000000 0.000000 0.000000 0.000000 
0.000000 0.000000 0.000000 0.000000 0.000000 0.000000 0.000000 0.000000 0.000000 0.000000 0.000000 0.000000 0.000000 0.000000 0.000000 0.000000 0.000000 0.978019 1.089876 0.000000 0.000000 0.000000 0.000000 0.000000 0.000000 0.000000 0.000000 0.000000 0.000000 0.000000 0.000000 
0.000000 0.000000 0.000000 0.000000 0.000000 0.000000 0.000000 0.000000 0.000000 0.000000 0.000000 0.000000 0.000000 0.000000 0.000000 0.000000 0.000000 0.000000 0.000000 0.000000 0.000000 0.000000 0.000000 0.000000 0.000000 0.000000 0.000000 0.000000 0.000000 0.000000 0.000000 
0.000000 0.000000 0.000000 0.000000 0.000000 0.000000 0.000000 0.000000 0.000000 0.838377 0.920729 1.051365 0.000000 0.000000 0.000000 0.000000 0.000000 0.000000 0.000000 0.000000 0.000000 0.000000 0.000000 0.000000 0.000000 0.000000 0.000000 0.000000 0.000000 0.000000 0.000000 
0.000000 0.000000 0.000000 0.000000 0.000000 0.000000 0.000000 0.000000 0.000000 0.000000 1.760131 1.216799 1.277288 0.000000 0.000000 1.322731 1.851472 1.790830 1.070383 1.067916 0.000000 0.000000 0.000000 0.000000 0.000000 0.000000 0.000000 0.000000 0.000000 0.000000 0.000000 
0.000000 0.000000 0.000000 0.000000 0.000000 0.000000 0.000000 0.000000 0.000000 0.000000 1.521583 1.384060 2.228795 2.257251 0.000000 1.637648 1.818156 1.466244 1.955497 1.631924 1.212800 1.073449 0.951860 0.922403 0.000000 0.000000 0.000000 0.000000 0.000000 0.000000 0.000000 
0.000000 0.000000 0.000000 0.000000 0.000000 0.000000 0.000000 2.627902 0.000000 0.000000 1.476354 2.044299 2.464254 2.258299 1.673085 1.844597 1.459955 1.713434 1.827665 2.160778 1.624651 1.840888 1.953824 1.694757 0.973676 0.890360 0.000000 0.000000 0.000000 0.000000 0.000000 
0.000000 0.000000 0.000000 0.000000 0.000000 0.000000 2.434770 2.474324 1.852488 0.000000 0.000000 2.208629 2.722797 2.082227 1.775001 1.908982 1.910171 2.082709 1.965535 2.060712 1.798634 0.000000 1.889818 1.854865 1.577334 1.403248 0.000000 0.000000 0.000000 0.000000 0.000000 
0.000000 0.000000 0.000000 0.000000 0.000000 1.134564 2.027459 2.099086 1.234120 1.102453 0.000000 0.000000 0.000000 1.944590 0.000000 1.705492 2.206029 2.451617 2.179479 1.836465 2.072353 0.982223 1.010940 0.000000 2.017349 1.538939 0.000000 0.000000 0.000000 0.000000 0.000000 
0.000000 0.000000 0.000000 0.000000 1.485727 1.377430 1.800491 0.000000 0.000000 0.887653 0.989198 1.267961 1.357164 1.877661 1.965343 1.559031 0.000000 0.000000 1.689137 1.277270 1.327572 0.000000 1.239939 1.560285 2.008146 0.000000 0.000000 0.000000 0.000000 0.000000 0.000000 
0.000000 0.000000 0.000000 0.000000 0.000000 1.636926 1.552307 1.926851 0.000000 1.053158 0.953780 0.000000 0.000000 0.000000 1.745585 1.409498 1.575768 1.566880 1.857600 0.000000 0.000000 0.000000 0.000000 0.000000 1.814788 0.000000 0.000000 0.000000 0.000000 0.000000 0.000000 
0.000000 0.000000 0.000000 0.000000 2.789140 1.621851 2.059102 2.322146 1.747348 1.371579 0.000000 1.080559 0.000000 0.000000 0.000000 0.000000 1.502746 1.621550 1.534412 0.000000 0.000000 0.000000 0.000000 0.000000 0.000000 0.000000 0.000000 0.000000 0.000000 0.000000 0.000000 
0.000000 0.000000 0.000000 0.000000 0.000000 2.070075 2.787918 2.153828 1.913365 1.455664 0.800449 1.472025 1.924428 0.000000 0.000000 0.000000 0.000000 0.000000 0.000000 0.000000 0.000000 0.000000 1.503055 1.308515 1.689834 1.417154 0.000000 0.000000 0.000000 0.000000 0.000000 
0.000000 0.000000 0.000000 0.000000 0.000000 0.000000 0.000000 2.294138 2.233629 2.500717 1.977889 0.000000 1.775973 1.227380 0.000000 0.000000 0.000000 0.000000 0.000000 0.000000 1.637402 2.308413 2.273915 1.816568 1.413092 1.924958 1.094222 0.000000 0.000000 0.000000 0.000000 
0.000000 0.000000 0.000000 0.000000 0.000000 0.000000 2.674948 2.433456 2.550183 2.383150 1.504104 0.000000 0.000000 0.000000 1.339272 1.820395 0.000000 0.000000 0.000000 0.711392 1.172062 2.287153 2.600257 2.475642 0.000000 2.134720 0.000000 0.000000 0.000000 0.000000 0.000000 
0.000000 0.000000 0.000000 0.000000 0.000000 0.000000 0.000000 0.000000 0.000000 0.000000 0.000000 0.000000 0.000000 0.000000 2.128877 1.708447 1.720609 1.551128 1.178736 1.420753 1.745101 1.992044 2.137108 2.455323 2.553287 2.558834 1.713311 0.000000 0.000000 0.000000 0.000000 
0.000000 0.000000 0.000000 0.000000 0.000000 0.000000 0.000000 0.000000 0.000000 0.000000 0.000000 0.000000 1.439831 2.019274 1.680975 1.584353 1.912532 2.540621 2.794775 1.652718 1.156590 1.740523 2.157823 0.000000 2.951552 2.627104 2.471354 1.340107 0.000000 0.000000 0.000000 
0.000000 0.000000 0.000000 0.000000 0.000000 0.000000 1.863341 1.312275 0.000000 0.000000 0.000000 1.562755 1.712736 1.654825 1.815159 2.222707 1.885828 2.158003 2.667450 2.710339 1.978080 1.977090 2.317971 2.236457 2.799008 0.000000 1.871219 2.060759 0.000000 0.000000 0.000000 
0.000000 0.000000 0.000000 0.000000 0.000000 0.000000 0.000000 0.000000 0.000000 0.000000 0.000000 1.448163 1.681572 1.905429 1.809584 0.000000 1.544576 1.571761 1.989730 1.901686 2.473545 2.468089 2.384159 2.499007 2.102496 0.000000 0.000000 0.000000 0.000000 0.000000 0.000000 
0.000000 0.000000 0.000000 0.000000 0.000000 0.000000 0.000000 0.000000 0.777701 1.535245 1.482792 1.493862 1.874686 1.664520 1.222864 0.000000 1.495737 1.723363 1.987422 2.134894 2.208723 2.367348 2.710301 2.473455 2.553054 0.000000 0.000000 0.000000 0.000000 0.000000 0.000000 
0.000000 0.000000 0.000000 0.000000 0.000000 0.000000 0.000000 0.000000 0.000000 1.695363 1.412092 1.660323 1.573466 1.666029 1.350715 1.287153 1.270819 1.810908 1.918564 2.299208 2.716814 2.752310 2.983745 2.116769 1.059238 0.000000 0.000000 0.000000 0.000000 0.000000 0.000000 
0.000000 0.000000 0.000000 0.000000 0.000000 0.000000 0.000000 0.000000 1.277556 1.472244 1.428097 1.537942 1.535788 1.304906 1.081799 0.000000 0.000000 1.670205 2.081379 2.886640 2.880709 2.456335 2.536053 1.915622 0.000000 0.000000 0.000000 0.000000 0.000000 0.000000 0.000000 
0.000000 0.000000 0.000000 0.000000 0.000000 0.000000 0.000000 1.095879 1.401993 1.732723 1.920759 1.275769 1.250240 1.307168 0.000000 0.000000 0.000000 0.000000 1.847840 1.766313 1.753146 1.414594 1.989769 2.124533 0.000000 0.000000 0.000000 0.000000 0.000000 0.000000 0.000000 
0.000000 0.000000 0.000000 0.000000 0.000000 0.000000 0.000000 1.562344 1.634712 1.781018 1.457806 0.000000 0.942702 1.011264 0.822414 0.000000 0.000000 0.000000 0.000000 0.964223 0.000000 0.000000 0.000000 1.326883 1.109902 0.000000 0.000000 0.000000 0.000000 0.000000 0.000000 
0.000000 0.000000 0.000000 0.000000 0.000000 0.000000 0.000000 1.433143 1.193289 1.700778 1.590263 1.192448 1.091524 0.977640 0.502883 0.000000 0.000000 0.000000 0.000000 0.000000 0.000000 0.000000 0.000000 0.000000 0.000000 0.000000 0.000000 0.000000 0.000000 0.000000 0.000000 
0.000000 0.000000 0.000000 0.000000 0.000000 0.000000 0.000000 0.000000 0.000000 0.000000 0.000000 1.005030 0.643017 0.000000 0.000000 0.000000 0.000000 0.000000 0.000000 0.000000 0.000000 0.000000 0.000000 0.000000 0.000000 0.000000 0.000000 0.000000 0.000000 0.000000 0.000000 
0.000000 0.000000 0.000000 0.000000 0.000000 0.000000 0.000000 0.000000 0.000000 0.000000 0.000000 0.000000 0.000000 0.000000 0.000000 0.000000 0.000000 0.000000 0.000000 0.000000 0.000000 0.000000 0.000000 0.000000 0.000000 0.000000 0.000000 0.000000 0.000000 0.000000 0.000000 

X-30
0.000000 0.000000 0.000000 0.000000 0.000000 0.000000 0.000000 0.000000 0.000000 0.000000 0.000000 0.000000 0.000000 0.000000 0.000000 0.000000 0.000000 0.000000 0.000000 0.000000 0.000000 0.000000 0.000000 0.000000 0.000000 0.000000 0.000000 0.000000 0.000000 0.000000 0.000000 
0.000000 0.000000 0.000000 0.000000 0.000000 0.000000 0.000000 0.000000 0.000000 0.000000 0.000000 0.000000 0.000000 0.000000 0.000000 0.000000 0.000000 0.000000 0.000000 0.000000 0.000000 0.000000 0.000000 0.000000 0.000000 0.000000 0.000000 0.000000 0.000000 0.000000 0.000000 
0.000000 0.000000 0.000000 0.000000 0.000000 0.000000 0.000000 0.000000 0.000000 0.000000 0.000000 0.000000 0.000000 0.000000 0.000000 0.000000 0.000000 0.000000 0.000000 0.000000 0.000000 0.000000 0.000000 0.000000 0.000000 0.000000 0.000000 0.000000 0.000000 0.000000 0.000000 
0.000000 0.000000 0.000000 0.000000 0.000000 0.000000 0.000000 0.000000 0.000000 0.000000 0.000000 0.000000 0.000000 0.000000 0.000000 0.000000 0.000000 0.000000 0.000000 0.000000 0.000000 0.000000 0.000000 0.000000 0.000000 0.000000 0.000000 0.000000 0.000000 0.000000 0.000000 
0.000000 0.000000 0.000000 0.000000 0.000000 0.000000 0.000000 0.000000 0.000000 0.000000 0.000000 0.000000 0.000000 0.000000 0.000000 0.000000 0.000000 0.000000 0.000000 0.000000 0.000000 0.000000 0.000000 0.000000 0.000000 0.000000 0.000000 0.000000 0.000000 0.000000 0.000000 
0.000000 0.000000 0.000000 0.000000 0.000000 0.000000 0.000000 0.000000 0.000000 0.000000 0.656547 1.218959 0.000000 0.000000 0.000000 2.249702 2.287983 0.000000 0.000000 0.000000 0.000000 0.000000 0.000000 0.000000 0.000000 0.000000 0.000000 0.000000 0.000000 0.000000 0.000000 
0.000000 0.000000 0.000000 0.000000 0.000000 0.000000 0.000000 0.000000 0.000000 0.000000 1.086423 1.151797 0.000000 0.000000 0.000000 2.373679 2.069596 1.717606 1.835316 1.012172 0.000000 0.000000 0.000000 0.000000 0.000000 0.000000 0.000000 0.000000 0.000000 0.000000 0.000000 
0.000000 0.000000 0.000000 0.000000 0.000000 0.000000 0.000000 1.158488 0.000000 0.000000 0.000000 1.474129 1.966200 0.000000 2.026785 2.467976 1.747675 1.752663 1.985724 1.685552 1.090146 0.856550 0.909704 0.000000 0.000000 0.000000 0.000000 0.000000 0.000000 0.000000 0.000000 
0.000000 0.000000 0.000000 0.000000 0.000000 0.000000 2.592747 0.000000 0.000000 0.000000 0.907497 2.075438 1.652571 1.361153 2.002653 2.004975 1.957345 1.696238 1.417454 1.426844 1.458492 1.324714 1.439987 1.306829 1.107486 0.548375 0.000000 0.000000 0.000000 0.000000 0.000000 
0.000000 0.000000 0.000000 0.000000 0.000000 2.666256 2.449444 1.573918 0.879448 0.000000 0.000000 2.016524 1.320599 1.647490 0.000000 1.628117 0.000000 1.914036 1.467090 0.000000 1.536402 1.499622 1.110019 1.625609 1.750994 1.414182 0.000000 0.000000 0.000000 0.000000 0.000000 
0.000000 0.000000 0.000000 0.000000 0.000000 0.000000 2.377277 1.518024 0.000000 0.000000 0.000000 0.000000 1.220250 1.401153 0.000000 0.000000 1.708408 1.560114 0.000000 0.000000 1.261824 1.506165 0.973684 0.000000 0.000000 1.687446 0.000000 0.000000 0.000000 0.000000 0.000000 
0.000000 0.000000 0.000000 0.000000 0.000000 0.000000 0.000000 1.025908 0.922849 0.000000 0.000000 0.000000 0.000000 1.121439 0.000000 0.000000 1.528507 1.610614 1.692522 0.000000 0.000000 0.000000 0.000000 0.000000 0.000000 0.000000 0.000000 0.000000 0.000000 0.000000 0.000000 
0.000000 0.000000 0.000000 0.000000 0.000000 0.000000 1.178732 0.000000 0.000000 0.000000 0.000000 0.000000 0.000000 0.000000 0.000000 0.000000 1.723137 1.596484 0.000000 0.000000 0.000000 0.000000 1.566534 1.839322 1.078578 0.000000 0.000000 0.000000 0.000000 0.000000 0.000000 
0.000000 0.000000 0.000000 0.000000 0.000000 1.257643 1.551662 1.277951 0.728586 0.812486 0.000000 0.000000 0.000000 0.000000 0.000000 0.000000 1.479106 1.181570 0.908406 0.000000 0.000000 0.000000 1.275493 1.084490 1.104115 0.000000 0.000000 0.000000 0.000000 0.000000 0.000000 
0.000000 0.000000 0.000000 0.000000 0.000000 0.000000 0.000000 1.328538 1.001146 0.695514 0.000000 1.960681 1.763939 0.000000 0.000000 0.000000 1.324116 0.903449 1.082916 1.554828 1.715437 1.730098 1.796041 1.339053 1.089904 1.444886 1.054431 0.000000 0.000000 0.000000 0.000000 
0.000000 0.000000 0.000000 0.000000 0.000000 0.000000 0.000000 1.795965 1.074943 0.000000 0.000000 0.000000 0.000000 0.000000 1.749819 1.558946 0.000000 0.000000 1.231831 1.302903 1.066550 1.692482 2.409110 1.998711 0.000000 0.000000 1.490570 1.031103 0.000000 0.000000 0.000000 
0.000000 0.000000 0.000000 0.000000 0.000000 0.000000 0.000000 2.259940 0.000000 0.000000 0.000000 0.000000 0.000000 0.000000 1.797408 1.989384 1.909854 1.846547 1.589438 1.369841 0.999871 0.901730 1.619656 2.226918 0.000000 0.000000 0.000000 0.000000 0.000000 0.000000 0.000000 
0.000000 0.000000 0.000000 0.000000 0.000000 0.000000 0.000000 0.000000 0.000000 0.000000 0.000000 0.860153 1.443431 1.805286 1.926736 1.867668 1.570002 1.716173 1.961812 1.656186 1.036292 1.274613 1.919547 1.995126 0.000000 0.000000 1.961305 0.000000 0.000000 0.000000 0.000000 
0.000000 0.000000 0.000000 0.000000 0.000000 0.000000 0.000000 0.000000 0.000000 0.000000 0.832857 1.591505 1.841797 1.566142 1.420907 1.673803 2.393144 2.438016 2.182597 2.484652 2.487502 1.891024 0.000000 1.833537 1.983406 0.000000 1.925744 0.000000 0.000000 0.000000 0.000000 
0.000000 0.000000 0.000000 0.000000 0.000000 0.000000 0.000000 0.000000 0.000000 0.000000 0.000000 1.556426 1.520259 1.748336 1.701855 2.216815 2.145773 1.984005 2.022167 2.713707 2.826449 2.268722 1.759356 1.546541 1.777903 0.000000 0.000000 0.000000 0.000000 0.000000 0.000000 
0.000000 0.000000 0.000000 0.000000 0.000000 0.000000 0.000000 0.000000 0.000000 1.125422 0.000000 1.578629 1.845524 1.559478 1.206671 0.000000 1.354832 1.765635 1.853044 2.346443 2.193701 1.854595 2.037437 1.708807 2.109749 0.000000 0.000000 0.000000 0.000000 0.000000 0.000000 
0.000000 0.000000 0.000000 0.000000 0.000000 0.000000 0.000000 0.000000 0.000000 1.176416 0.000000 0.000000 0.000000 1.008845 0.000000 0.000000 1.473821 1.848635 2.110400 2.034012 2.639710 2.456687 2.313125 2.477971 2.250178 0.000000 0.000000 0.000000 0.000000 0.000000 0.000000 
0.000000 0.000000 0.000000 0.000000 0.000000 0.000000 0.000000 0.000000 0.000000 0.000000 0.000000 0.955695 1.004946 0.000000 0.000000 0.000000 1.158128 0.000000 1.744681 2.166296 2.459725 2.594059 2.413127 2.233005 1.897373 0.000000 0.000000 0.000000 0.000000 0.000000 0.000000 
0.000000 0.000000 0.000000 0.000000 0.000000 0.000000 0.000000 0.000000 0.000000 2.015430 1.566049 1.079365 1.079066 1.285011 0.000000 0.000000 0.000000 0.000000 1.030192 1.255227 1.678157 2.174713 2.224984 2.122959 0.000000 0.000000 0.000000 0.000000 0.000000 0.000000 0.000000 
0.000000 0.000000 0.000000 0.000000 0.000000 0.000000 0.000000 0.000000 0.000000 1.425834 1.155612 0.000000 1.083738 1.067680 0.000000 0.000000 0.000000 0.000000 0.000000 0.000000 0.000000 1.350857 1.015505 1.020352 0.000000 0.000000 0.000000 0.000000 0.000000 0.000000 0.000000 
0.000000 0.000000 0.000000 0.000000 0.000000 0.000000 0.000000 0.000000 1.538990 1.308482 0.000000 0.000000 0.000000 0.347979 0.000000 0.000000 0.000000 0.000000 0.000000 0.000000 0.000000 0.000000 0.000000 0.000000 0.000000 0.000000 0.000000 0.000000 0.000000 0.000000 0.000000 
0.000000 0.000000 0.000000 0.000000 0.000000 0.000000 0.000000 0.000000 1.308397 1.086260 0.000000 0.000000 0.241868 0.000000 0.000000 0.000000 0.000000 0.000000 0.000000 0.000000 0.000000 0.000000 0.000000 0.000000 0.000000 0.000000 0.000000 0.000000 0.000000 0.000000 0.000000 
0.000000 0.000000 0.000000 0.000000 0.000000 0.000000 0.000000 0.000000 0.000000 0.000000 0.000000 0.000000 0.000000 0.000000 0.000000 0.000000 0.000000 0.000000 0.000000 0.000000 0.000000 0.000000 0.000000 0.000000 0.000000 0.000000 0.000000 0.000000 0.000000 0.000000 0.000000 

X-31
0.000000 0.000000 0.000000 0.000000 0.000000 0.000000 0.000000 0.000000 0.000000 0.000000 0.000000 0.000000 0.000000 0.000000 0.000000 0.000000 0.000000 0.000000 0.000000 0.000000 0.000000 0.000000 0.000000 0.000000 0.000000 0.000000 0.000000 0.000000 0.000000 0.000000 0.000000 
0.000000 0.000000 0.000000 0.000000 0.000000 0.000000 0.000000 0.000000 0.000000 0.000000 0.000000 0.000000 0.000000 0.000000 0.000000 0.000000 0.000000 0.000000 0.000000 0.000000 0.000000 0.000000 0.000000 0.000000 0.000000 0.000000 0.000000 0.000000 0.000000 0.000000 0.000000 
0.000000 0.000000 0.000000 0.000000 0.000000 0.000000 0.000000 0.000000 0.000000 0.000000 0.000000 0.000000 0.000000 0.000000 0.000000 0.000000 0.000000 0.000000 0.000000 0.000000 0.000000 0.000000 0.000000 0.000000 0.000000 0.000000 0.000000 0.000000 0.000000 0.000000 0.000000 
0.000000 0.000000 0.000000 0.000000 0.000000 0.000000 0.000000 0.000000 0.000000 0.000000 0.000000 0.000000 0.000000 0.000000 0.000000 0.000000 0.000000 0.000000 0.000000 0.000000 0.000000 0.000000 0.000000 0.000000 0.000000 0.000000 0.000000 0.000000 0.000000 0.000000 0.000000 
0.000000 0.000000 0.000000 0.000000 0.000000 0.000000 0.000000 0.000000 0.000000 0.000000 0.000000 0.000000 0.000000 0.000000 0.000000 0.000000 0.000000 0.000000 0.000000 0.000000 0.000000 0.000000 0.000000 0.000000 0.000000 0.000000 0.000000 0.000000 0.000000 0.000000 0.000000 
0.000000 0.000000 0.000000 0.000000 0.000000 0.000000 0.000000 0.000000 0.000000 0.000000 0.000000 0.000000 0.000000 0.000000 0.000000 0.000000 1.331137 0.000000 0.000000 0.000000 0.000000 0.000000 0.000000 0.000000 0.000000 0.000000 0.000000 0.000000 0.000000 0.000000 0.000000 
0.000000 0.000000 0.000000 0.000000 0.000000 0.000000 0.000000 0.000000 0.000000 0.000000 0.516848 1.187858 0.902909 0.952553 0.000000 1.757826 0.700614 0.823765 0.000000 0.000000 0.000000 0.000000 0.000000 0.000000 0.000000 0.000000 0.000000 0.000000 0.000000 0.000000 0.000000 
0.000000 0.000000 0.000000 0.000000 0.000000 0.000000 0.000000 0.000000 0.000000 0.000000 1.119769 1.476437 1.256398 1.812024 0.000000 1.636703 1.415003 1.278355 1.544643 1.671691 0.000000 0.000000 0.000000 0.000000 0.000000 0.000000 0.000000 0.000000 0.000000 0.000000 0.000000 
0.000000 0.000000 0.000000 0.000000 0.000000 0.000000 0.000000 0.000000 0.000000 1.279186 1.058965 1.425654 2.154189 2.212142 2.403265 1.993673 2.017789 1.811365 1.974456 1.706511 1.288097 0.000000 0.000000 0.000000 0.000000 0.000000 0.000000 0.000000 0.000000 0.000000 0.000000 
0.000000 0.000000 0.000000 0.000000 0.092486 1.960511 1.062544 0.000000 0.000000 1.094073 0.000000 1.477419 1.599115 0.000000 0.000000 2.094702 2.278799 2.103485 1.750669 1.288940 1.377887 0.000000 0.789515 0.990309 0.904947 0.724756 0.000000 0.000000 0.000000 0.000000 0.000000 
0.000000 0.000000 0.000000 0.000000 0.000000 1.731848 0.991072 0.569119 0.000000 0.955966 0.000000 0.000000 0.000000 0.000000 0.000000 1.610903 1.757275 1.479817 0.000000 0.000000 1.105260 1.323542 1.358118 1.268902 1.416989 1.649642 0.000000 0.000000 0.000000 0.000000 0.000000 
0.000000 0.000000 0.000000 0.000000 0.000000 0.000000 0.000000 0.000000 0.000000 0.000000 0.000000 0.000000 0.000000 0.000000 0.000000 1.101928 1.221100 1.130015 1.206973 0.000000 0.000000 0.000000 0.000000 0.000000 0.000000 0.000000 0.000000 0.000000 0.000000 0.000000 0.000000 
0.000000 0.000000 0.000000 0.000000 0.000000 0.000000 0.000000 0.000000 0.000000 0.000000 0.000000 0.000000 0.000000 0.000000 0.000000 0.000000 1.558658 1.279654 1.144179 1.058191 0.000000 0.000000 1.512049 1.760205 1.070124 0.000000 0.000000 0.000000 0.000000 0.000000 0.000000 
0.000000 0.000000 0.000000 0.000000 0.000000 0.000000 0.000000 0.000000 0.000000 0.000000 0.000000 0.000000 0.000000 0.000000 0.000000 1.184744 1.451348 0.000000 1.135906 1.142910 0.000000 0.000000 0.000000 0.000000 0.000000 0.000000 0.000000 0.000000 0.000000 0.000000 0.000000 
0.000000 0.000000 0.000000 0.000000 0.000000 0.000000 0.000000 0.000000 0.000000 0.000000 0.000000 0.000000 0.000000 0.000000 0.000000 0.000000 0.000000 0.000000 0.000000 1.278591 1.596875 0.000000 1.026597 0.882270 1.014012 0.000000 0.000000 0.000000 0.000000 0.000000 0.000000 
0.000000 0.000000 0.000000 0.000000 0.000000 0.000000 0.000000 0.000000 0.000000 0.000000 1.536200 1.746650 1.737375 1.591504 1.492046 0.986083 0.000000 0.000000 0.000000 0.000000 0.000000 0.868764 1.141610 0.000000 1.156076 0.000000 1.171361 0.868237 0.000000 0.000000 0.000000 
0.000000 0.000000 0.000000 0.000000 0.000000 0.000000 0.000000 0.000000 0.000000 0.000000 0.000000 1.646695 1.973951 0.000000 1.241562 1.093548 1.680531 1.939807 1.951059 1.247878 0.000000 0.000000 0.000000 0.000000 0.000000 0.000000 0.000000 0.000000 0.000000 0.000000 0.000000 
0.000000 0.000000 0.000000 0.000000 0.000000 0.000000 0.000000 0.000000 0.000000 0.000000 0.000000 1.589685 1.673557 1.628129 1.826949 1.751432 2.091264 1.854863 1.666661 1.836993 1.096204 0.754346 0.622123 1.290509 0.000000 0.000000 0.000000 0.000000 0.000000 0.000000 0.000000 
0.000000 0.000000 0.000000 0.000000 0.000000 0.000000 0.000000 0.000000 0.000000 0.000000 0.000000 1.495191 1.841318 1.848669 1.686841 1.528048 2.038159 2.281825 1.726528 1.654695 1.642205 1.430043 0.000000 1.419273 1.563815 0.000000 0.000000 0.000000 0.000000 0.000000 0.000000 
0.000000 0.000000 0.000000 0.000000 0.000000 0.000000 0.000000 0.000000 0.000000 0.000000 1.403685 1.696985 1.605572 1.456190 1.633674 1.947966 1.774799 1.942944 2.128688 2.115889 2.556168 2.421039 1.609048 1.084343 1.423162 1.483230 0.000000 0.000000 0.000000 0.000000 0.000000 
0.000000 0.000000 0.000000 0.000000 0.000000 0.000000 0.000000 0.000000 0.000000 0.000000 1.561671 1.527582 1.371053 1.557030 2.080358 1.713670 1.839082 2.479212 2.424785 1.991480 1.874857 1.989211 2.009035 1.634860 1.480818 0.000000 0.000000 0.000000 0.000000 0.000000 0.000000 
0.000000 0.000000 0.000000 0.000000 0.000000 0.000000 0.000000 0.000000 0.000000 0.000000 1.226338 0.000000 0.000000 0.000000 0.903164 0.000000 2.164615 1.851790 1.491240 1.494551 1.229577 1.393530 0.000000 1.686108 2.066021 1.740975 0.000000 0.000000 0.000000 0.000000 0.000000 
0.000000 0.000000 0.000000 0.000000 0.000000 0.000000 0.000000 0.000000 0.000000 0.000000 0.000000 0.000000 0.000000 0.000000 0.000000 0.000000 1.772069 0.000000 0.000000 1.183930 0.000000 1.697795 2.206217 2.082822 2.318560 0.000000 0.000000 0.000000 0.000000 0.000000 0.000000 
0.000000 0.000000 0.000000 0.000000 0.000000 0.000000 0.000000 0.000000 0.000000 1.267249 1.139677 0.000000 0.900271 0.815011 0.000000 0.000000 0.000000 0.000000 0.000000 0.000000 0.000000 0.000000 1.986925 0.000000 0.000000 0.000000 0.000000 0.000000 0.000000 0.000000 0.000000 
0.000000 0.000000 0.000000 0.000000 0.000000 0.000000 0.000000 0.000000 0.000000 0.000000 0.969774 0.000000 0.000000 1.503752 0.000000 0.000000 0.000000 0.000000 0.000000 0.000000 0.000000 0.000000 1.346960 0.000000 0.000000 0.000000 0.000000 0.000000 0.000000 0.000000 0.000000 
0.000000 0.000000 0.000000 0.000000 0.000000 0.000000 0.000000 0.000000 0.000000 0.000000 0.000000 0.000000 0.000000 0.000000 0.000000 0.000000 0.000000 0.000000 0.000000 0.000000 0.000000 0.000000 0.000000 0.000000 0.000000 0.000000 0.000000 0.000000 0.000000 0.000000 0.000000 
0.000000 0.000000 0.000000 0.000000 0.000000 0.000000 0.000000 0.000000 0.000000 0.000000 0.000000 0.000000 0.000000 0.000000 0.000000 0.000000 0.000000 0.000000 0.000000 0.000000 0.000000 0.000000 0.000000 0.000000 0.000000 0.000000 0.000000 0.000000 0.000000 0.000000 0.000000 
0.000000 0.000000 0.000000 0.000000 0.000000 0.000000 0.000000 0.000000 0.000000 0.000000 0.000000 0.000000 0.000000 0.000000 0.000000 0.000000 0.000000 0.000000 0.000000 0.000000 0.000000 0.000000 0.000000 0.000000 0.000000 0.000000 0.000000 0.000000 0.000000 0.000000 0.000000 

X-32
0.000000 0.000000 0.000000 0.000000 0.000000 0.000000 0.000000 0.000000 0.000000 0.000000 0.000000 0.000000 0.000000 0.000000 0.000000 0.000000 0.000000 0.000000 0.000000 0.000000 0.000000 0.000000 0.000000 0.000000 0.000000 0.000000 0.000000 0.000000 0.000000 0.000000 0.000000 
0.000000 0.000000 0.000000 0.000000 0.000000 0.000000 0.000000 0.000000 0.000000 0.000000 0.000000 0.000000 0.000000 0.000000 0.000000 0.000000 0.000000 0.000000 0.000000 0.000000 0.000000 0.000000 0.000000 0.000000 0.000000 0.000000 0.000000 0.000000 0.000000 0.000000 0.000000 
0.000000 0.000000 0.000000 0.000000 0.000000 0.000000 0.000000 0.000000 0.000000 0.000000 0.000000 0.000000 0.000000 0.000000 0.000000 0.000000 0.000000 0.000000 0.000000 0.000000 0.000000 0.000000 0.000000 0.000000 0.000000 0.000000 0.000000 0.000000 0.000000 0.000000 0.000000 
0.000000 0.000000 0.000000 0.000000 0.000000 0.000000 0.000000 0.000000 0.000000 0.000000 0.000000 0.000000 0.000000 0.000000 0.000000 0.000000 0.000000 0.000000 0.000000 0.000000 0.000000 0.000000 0.000000 0.000000 0.000000 0.000000 0.000000 0.000000 0.000000 0.000000 0.000000 
0.000000 0.000000 0.000000 0.000000 0.000000 0.000000 0.000000 0.000000 0.000000 0.000000 0.000000 0.000000 0.000000 0.000000 0.000000 0.000000 0.000000 0.000000 0.000000 0.000000 0.000000 0.000000 0.000000 0.000000 0.000000 0.000000 0.000000 0.000000 0.000000 0.000000 0.000000 
0.000000 0.000000 0.000000 0.000000 0.000000 0.000000 0.000000 0.000000 0.000000 0.000000 0.000000 0.000000 0.000000 0.000000 0.000000 0.000000 0.000000 0.000000 0.000000 0.000000 0.000000 0.000000 0.000000 0.000000 0.000000 0.000000 0.000000 0.000000 0.000000 0.000000 0.000000 
0.000000 0.000000 0.000000 0.000000 0.000000 0.000000 0.000000 0.000000 0.000000 0.000000 0.000000 0.000000 1.695221 2.612147 1.993878 0.000000 0.000000 1.458398 0.000000 0.000000 0.000000 0.000000 0.000000 0.000000 0.000000 0.000000 0.000000 0.000000 0.000000 0.000000 0.000000 
0.000000 0.000000 0.000000 0.000000 0.000000 0.000000 0.000000 0.000000 0.000000 0.000000 0.372989 0.734639 2.128465 0.000000 1.632967 0.000000 0.470152 2.110675 1.387960 0.883487 0.000000 0.000000 0.000000 0.000000 0.000000 0.000000 0.000000 0.000000 0.000000 0.000000 0.000000 
0.000000 0.000000 0.000000 0.000000 0.000000 0.000000 0.000000 0.000000 0.000000 0.165533 0.837692 1.782981 3.083879 2.480100 0.959845 0.000000 0.000000 1.409728 1.040898 1.351815 0.942912 0.000000 0.000000 0.000000 0.000000 0.000000 0.000000 0.000000 0.000000 0.000000 0.000000 
0.000000 0.000000 0.000000 0.000000 0.000000 0.000000 0.000000 0.000000 0.000000 0.761582 0.000000 0.000000 2.632640 0.000000 0.000000 0.890230 1.223776 1.764353 1.885978 0.000000 0.905519 0.000000 0.000000 0.000000 0.000000 0.000000 0.000000 0.000000 0.000000 0.000000 0.000000 
0.000000 0.000000 0.000000 0.000000 0.000000 0.000000 0.000000 0.000000 0.000000 0.000000 0.000000 0.000000 0.000000 0.000000 0.000000 0.000000 2.150366 2.034193 1.780790 1.184724 0.000000 0.000000 0.000000 0.000000 0.000000 0.000000 0.000000 0.000000 0.000000 0.000000 0.000000 
0.000000 0.000000 0.000000 0.000000 0.000000 0.000000 0.000000 0.000000 0.000000 0.000000 0.000000 0.000000 0.000000 0.000000 0.000000 1.483515 1.583641 1.465397 1.516006 0.000000 0.000000 0.000000 0.000000 0.000000 0.000000 0.000000 0.000000 0.000000 0.000000 0.000000 0.000000 
0.000000 0.000000 0.000000 0.000000 0.000000 0.000000 0.000000 0.000000 0.000000 0.000000 0.000000 0.000000 0.000000 0.000000 0.000000 0.000000 0.000000 1.247486 1.366575 1.399354 0.000000 0.000000 0.000000 1.144035 0.000000 0.000000 0.000000 0.000000 0.000000 0.000000 0.000000 
0.000000 0.000000 0.000000 0.000000 0.000000 0.000000 0.000000 0.000000 0.000000 0.000000 0.000000 0.000000 0.000000 0.000000 0.000000 0.000000 0.000000 1.100897 1.440167 1.442337 0.000000 0.000000 0.000000 0.000000 0.000000 0.000000 0.000000 0.000000 0.000000 0.000000 0.000000 
0.000000 0.000000 0.000000 0.000000 0.000000 0.000000 0.000000 0.000000 0.000000 0.000000 0.000000 0.000000 0.000000 0.000000 0.910412 0.815551 0.834230 0.863921 0.000000 0.000000 0.000000 0.000000 0.000000 0.884475 0.000000 0.000000 0.000000 0.000000 0.000000 0.000000 0.000000 
0.000000 0.000000 0.000000 0.000000 0.000000 0.000000 0.000000 0.000000 0.000000 0.000000 0.843104 1.188768 0.980033 1.085658 1.056269 0.791854 1.039036 1.029097 0.000000 0.000000 0.000000 0.000000 0.000000 0.000000 0.899420 0.908288 0.000000 0.000000 0.000000 0.000000 0.000000 
0.000000 0.000000 0.000000 0.000000 0.000000 0.000000 0.000000 0.000000 0.000000 0.000000 0.000000 0.000000 1.378151 0.000000 0.906216 1.059030 1.205953 1.496231 1.598795 1.116024 0.000000 0.000000 0.000000 0.000000 0.000000 0.000000 0.000000 0.000000 0.000000 0.000000 0.000000 
0.000000 0.000000 0.000000 0.000000 0.000000 0.000000 0.000000 0.000000 0.000000 0.000000 1.893692 1.990727 1.340878 0.955172 1.198965 1.788027 2.093375 1.674239 1.237372 1.585797 1.408373 0.859822 0.000000 0.000000 0.000000 0.000000 0.000000 0.000000 0.000000 0.000000 0.000000 
0.000000 0.000000 0.000000 0.000000 0.000000 0.000000 0.000000 0.000000 0.000000 0.000000 0.000000 1.780013 1.197969 1.578117 1.826641 2.149905 1.617354 1.481250 1.528999 1.472481 1.569717 1.359199 0.000000 0.000000 0.000000 0.000000 0.000000 0.000000 0.000000 0.000000 0.000000 
0.000000 0.000000 0.000000 0.000000 0.000000 0.000000 0.000000 0.000000 0.000000 0.000000 0.000000 1.655175 1.624922 1.926228 1.910631 1.377679 0.000000 1.305768 1.291221 0.000000 1.802428 0.000000 0.000000 0.000000 1.034053 1.447569 0.000000 0.000000 0.000000 0.000000 0.000000 
0.000000 0.000000 0.000000 0.000000 0.000000 0.000000 0.000000 0.000000 0.000000 0.000000 1.735924 1.694137 0.000000 0.000000 1.106015 1.213816 1.526140 1.894913 1.991453 2.056442 1.529375 1.468037 0.000000 0.000000 0.000000 0.000000 0.000000 0.000000 0.000000 0.000000 0.000000 
0.000000 0.000000 0.000000 0.000000 0.000000 0.000000 0.000000 0.000000 0.000000 0.000000 1.445238 0.000000 0.000000 0.000000 1.108032 1.787367 1.846414 0.000000 0.000000 1.196169 0.000000 0.941270 0.000000 0.000000 0.000000 0.000000 0.000000 0.000000 0.000000 0.000000 0.000000 
0.000000 0.000000 0.000000 0.000000 0.000000 0.000000 0.000000 0.000000 0.000000 0.000000 0.000000 0.000000 0.000000 0.000000 0.000000 0.000000 1.092307 0.000000 0.000000 0.000000 0.000000 0.000000 1.135889 0.000000 0.000000 0.000000 0.000000 0.000000 0.000000 0.000000 0.000000 
0.000000 0.000000 0.000000 0.000000 0.000000 0.000000 0.000000 0.000000 0.000000 0.924107 0.559578 0.000000 0.000000 0.000000 0.000000 0.000000 0.000000 0.000000 0.000000 0.000000 0.000000 0.000000 1.149308 0.000000 0.000000 0.000000 0.000000 0.000000 0.000000 0.000000 0.000000 
0.000000 0.000000 0.000000 0.000000 0.000000 0.000000 0.000000 0.000000 0.000000 0.869350 0.692823 0.000000 0.000000 0.000000 0.000000 0.000000 0.000000 0.000000 0.000000 0.000000 0.000000 0.000000 0.000000 0.000000 0.000000 0.000000 0.000000 0.000000 0.000000 0.000000 0.000000 
0.000000 0.000000 0.000000 0.000000 0.000000 0.000000 0.000000 0.000000 0.000000 0.000000 0.000000 0.000000 0.000000 0.000000 0.000000 0.000000 0.000000 0.000000 0.000000 0.000000 0.000000 0.000000 0.000000 0.000000 0.000000 0.000000 0.000000 0.000000 0.000000 0.000000 0.000000 
0.000000 0.000000 0.000000 0.000000 0.000000 0.000000 0.000000 0.000000 0.000000 0.000000 0.000000 0.000000 0.000000 0.000000 0.000000 0.000000 0.000000 0.000000 0.000000 0.000000 0.000000 0.000000 0.000000 0.000000 0.000000 0.000000 0.000000 0.000000 0.000000 0.000000 0.000000 
0.000000 0.000000 0.000000 0.000000 0.000000 0.000000 0.000000 0.000000 0.000000 0.000000 0.000000 0.000000 0.000000 0.000000 0.000000 0.000000 0.000000 0.000000 0.000000 0.000000 0.000000 0.000000 0.000000 0.000000 0.000000 0.000000 0.000000 0.000000 0.000000 0.000000 0.000000 

X-33
0.000000 0.000000 0.000000 0.000000 0.000000 0.000000 0.000000 0.000000 0.000000 0.000000 0.000000 0.000000 0.000000 0.000000 0.000000 0.000000 0.000000 0.000000 0.000000 0.000000 0.000000 0.000000 0.000000 0.000000 0.000000 0.000000 0.000000 0.000000 0.000000 0.000000 0.000000 
0.000000 0.000000 0.000000 0.000000 0.000000 0.000000 0.000000 0.000000 0.000000 0.000000 0.000000 0.000000 0.000000 0.000000 0.000000 0.000000 0.000000 0.000000 0.000000 0.000000 0.000000 0.000000 0.000000 0.000000 0.000000 0.000000 0.000000 0.000000 0.000000 0.000000 0.000000 
0.000000 0.000000 0.000000 0.000000 0.000000 0.000000 0.000000 0.000000 0.000000 0.000000 0.000000 0.000000 0.000000 0.000000 0.000000 0.000000 0.000000 0.000000 0.000000 0.000000 0.000000 0.000000 0.000000 0.000000 0.000000 0.000000 0.000000 0.000000 0.000000 0.000000 0.000000 
0.000000 0.000000 0.000000 0.000000 0.000000 0.000000 0.000000 0.000000 0.000000 0.000000 0.000000 0.000000 0.000000 0.000000 0.000000 0.000000 0.000000 0.000000 0.000000 0.000000 0.000000 0.000000 0.000000 0.000000 0.000000 0.000000 0.000000 0.000000 0.000000 0.000000 0.000000 
0.000000 0.000000 0.000000 0.000000 0.000000 0.000000 0.000000 0.000000 0.000000 0.000000 0.000000 0.000000 0.000000 0.000000 0.000000 0.000000 0.000000 0.000000 0.000000 0.000000 0.000000 0.000000 0.000000 0.000000 0.000000 0.000000 0.000000 0.000000 0.000000 0.000000 0.000000 
0.000000 0.000000 0.000000 0.000000 0.000000 0.000000 0.000000 0.000000 0.000000 0.000000 0.000000 0.000000 0.000000 0.000000 0.000000 0.000000 0.000000 0.000000 0.000000 0.000000 0.000000 0.000000 0.000000 0.000000 0.000000 0.000000 0.000000 0.000000 0.000000 0.000000 0.000000 
0.000000 0.000000 0.000000 0.000000 0.000000 0.000000 0.000000 0.000000 0.000000 0.000000 0.976168 1.454081 1.490599 1.714228 1.294608 0.000000 0.000000 0.000000 0.000000 0.000000 0.000000 0.000000 0.000000 0.000000 0.000000 0.000000 0.000000 0.000000 0.000000 0.000000 0.000000 
0.000000 0.000000 0.000000 0.000000 0.000000 0.000000 0.000000 0.000000 0.000000 0.000000 1.134774 1.656462 0.000000 0.000000 1.052622 0.000000 0.000000 1.616390 0.893057 0.000000 0.000000 0.000000 0.000000 0.000000 0.000000 0.000000 0.000000 0.000000 0.000000 0.000000 0.000000 
0.000000 0.000000 0.000000 0.000000 0.000000 0.000000 0.000000 0.000000 0.000000 0.000000 0.000000 1.513081 1.647589 1.208165 0.679371 0.000000 0.000000 0.000000 0.000000 0.000000 0.000000 0.000000 0.000000 0.000000 0.000000 0.000000 0.000000 0.000000 0.000000 0.000000 0.000000 
0.000000 0.000000 0.000000 0.000000 0.000000 0.000000 0.000000 0.000000 0.000000 0.000000 0.000000 0.000000 2.037890 0.652476 0.575480 0.000000 0.000000 0.000000 0.000000 0.000000 0.000000 0.000000 0.000000 0.000000 0.000000 0.000000 0.000000 0.000000 0.000000 0.000000 0.000000 
0.000000 0.000000 0.000000 0.000000 0.000000 0.000000 0.000000 0.000000 0.000000 0.000000 0.000000 0.000000 0.000000 0.000000 0.000000 0.000000 0.000000 0.728611 0.532638 0.000000 0.000000 0.000000 0.000000 0.000000 0.000000 0.000000 0.000000 0.000000 0.000000 0.000000 0.000000 
0.000000 0.000000 0.000000 0.000000 0.000000 0.000000 0.000000 0.000000 0.000000 0.000000 0.000000 0.000000 0.000000 0.000000 0.000000 0.977491 1.389848 0.000000 0.000000 0.000000 0.000000 0.000000 0.000000 0.000000 0.000000 0.000000 0.000000 0.000000 0.000000 0.000000 0.000000 
0.000000 0.000000 0.000000 0.000000 0.000000 0.000000 0.000000 0.000000 0.000000 0.000000 0.000000 0.000000 0.000000 0.000000 0.000000 1.220815 0.863981 1.116906 1.638159 1.657116 0.000000 0.000000 0.000000 0.000000 0.000000 0.000000 0.000000 0.000000 0.000000 0.000000 0.000000 
0.000000 0.000000 0.000000 0.000000 0.000000 0.000000 0.000000 0.000000 0.000000 0.000000 0.000000 0.000000 0.000000 0.000000 0.000000 0.000000 0.000000 0.000000 1.105214 1.554628 0.000000 0.000000 0.000000 0.000000 0.000000 0.000000 0.000000 0.000000 0.000000 0.000000 0.000000 
0.000000 0.000000 0.000000 0.000000 0.000000 0.000000 0.000000 0.000000 0.000000 0.000000 0.000000 0.000000 0.000000 0.000000 0.000000 0.688502 0.000000 0.875659 1.174602 1.216568 0.000000 0.000000 0.000000 0.000000 0.000000 0.000000 0.000000 0.000000 0.000000 0.000000 0.000000 
0.000000 0.000000 0.000000 0.000000 0.000000 0.000000 0.000000 0.000000 0.000000 0.000000 0.961307 0.000000 0.000000 0.000000 0.900570 1.094916 1.100366 1.158318 0.000000 0.738609 0.000000 0.000000 0.000000 0.000000 0.000000 0.000000 0.000000 0.000000 0.000000 0.000000 0.000000 
0.000000 0.000000 0.000000 0.000000 0.000000 0.000000 0.000000 0.000000 0.000000 0.000000 0.000000 0.000000 0.000000 0.754602 0.865595 1.188019 1.247306 1.117578 1.011799 0.702987 0.000000 0.000000 0.000000 0.000000 0.000000 0.000000 0.000000 0.000000 0.000000 0.000000 0.000000 
0.000000 0.000000 0.000000 0.000000 0.000000 0.000000 0.000000 0.000000 0.000000 0.000000 0.861272 0.886145 0.729838 0.000000 0.898481 1.256120 1.430541 1.346525 1.034723 0.000000 0.000000 0.000000 0.000000 0.000000 0.000000 0.000000 0.000000 0.000000 0.000000 0.000000 0.000000 
0.000000 0.000000 0.000000 0.000000 0.000000 0.000000 0.000000 0.000000 0.000000 0.000000 0.000000 0.868432 0.893661 0.000000 1.463978 1.631240 1.338154 1.274339 1.535967 1.501147 1.399235 0.000000 0.000000 0.000000 0.000000 0.000000 0.000000 0.000000 0.000000 0.000000 0.000000 
0.000000 0.000000 0.000000 0.000000 0.000000 0.000000 0.000000 0.000000 0.000000 0.000000 0.000000 0.000000 0.000000 0.000000 0.000000 0.000000 1.211630 1.614328 1.735070 1.320724 1.320636 0.000000 0.000000 0.000000 0.454863 0.000000 0.000000 0.000000 0.000000 0.000000 0.000000 
0.000000 0.000000 0.000000 0.000000 0.000000 0.000000 0.000000 0.000000 0.000000 0.000000 0.000000 0.000000 0.000000 0.000000 0.000000 0.000000 0.000000 1.355389 1.304527 1.208717 0.000000 0.000000 0.000000 0.000000 0.000000 0.000000 0.000000 0.000000 0.000000 0.000000 0.000000 
0.000000 0.000000 0.000000 0.000000 0.000000 0.000000 0.000000 0.000000 0.000000 0.000000 0.000000 0.000000 0.000000 0.000000 0.000000 0.000000 0.000000 0.000000 1.304648 1.159603 0.000000 0.000000 0.000000 0.000000 0.000000 0.000000 0.000000 0.000000 0.000000 0.000000 0.000000 
0.000000 0.000000 0.000000 0.000000 0.000000 0.000000 0.000000 0.000000 0.000000 0.000000 0.000000 0.000000 0.000000 0.000000 0.000000 0.000000 0.000000 0.000000 0.000000 0.784897 0.000000 0.000000 0.000000 0.000000 0.000000 0.000000 0.000000 0.000000 0.000000 0.000000 0.000000 
0.000000 0.000000 0.000000 0.000000 0.000000 0.000000 0.000000 0.000000 0.000000 0.000000 0.000000 0.000000 0.000000 0.000000 0.000000 0.000000 0.000000 0.000000 0.000000 0.000000 0.000000 0.000000 0.000000 0.000000 0.000000 0.000000 0.000000 0.000000 0.000000 0.000000 0.000000 
0.000000 0.000000 0.000000 0.000000 0.000000 0.000000 0.000000 0.000000 0.000000 0.000000 0.000000 0.000000 0.000000 0.000000 0.000000 0.000000 0.000000 0.000000 0.000000 0.000000 0.000000 0.000000 0.000000 0.000000 0.000000 0.000000 0.000000 0.000000 0.000000 0.000000 0.000000 
0.000000 0.000000 0.000000 0.000000 0.000000 0.000000 0.000000 0.000000 0.000000 0.000000 0.000000 0.000000 0.000000 0.000000 0.000000 0.000000 0.000000 0.000000 0.000000 0.000000 0.000000 0.000000 0.000000 0.000000 0.000000 0.000000 0.000000 0.000000 0.000000 0.000000 0.000000 
0.000000 0.000000 0.000000 0.000000 0.000000 0.000000 0.000000 0.000000 0.000000 0.000000 0.000000 0.000000 0.000000 0.000000 0.000000 0.000000 0.000000 0.000000 0.000000 0.000000 0.000000 0.000000 0.000000 0.000000 0.000000 0.000000 0.000000 0.000000 0.000000 0.000000 0.000000 
0.000000 0.000000 0.000000 0.000000 0.000000 0.000000 0.000000 0.000000 0.000000 0.000000 0.000000 0.000000 0.000000 0.000000 0.000000 0.000000 0.000000 0.000000 0.000000 0.000000 0.000000 0.000000 0.000000 0.000000 0.000000 0.000000 0.000000 0.000000 0.000000 0.000000 0.000000 

X-34
0.000000 0.000000 0.000000 0.000000 0.000000 0.000000 0.000000 0.000000 0.000000 0.000000 0.000000 0.000000 0.000000 0.000000 0.000000 0.000000 0.000000 0.000000 0.000000 0.000000 0.000000 0.000000 0.000000 0.000000 0.000000 0.000000 0.000000 0.000000 0.000000 0.000000 0.000000 
0.000000 0.000000 0.000000 0.000000 0.000000 0.000000 0.000000 0.000000 0.000000 0.000000 0.000000 0.000000 0.000000 0.000000 0.000000 0.000000 0.000000 0.000000 0.000000 0.000000 0.000000 0.000000 0.000000 0.000000 0.000000 0.000000 0.000000 0.000000 0.000000 0.000000 0.000000 
0.000000 0.000000 0.000000 0.000000 0.000000 0.000000 0.000000 0.000000 0.000000 0.000000 0.000000 0.000000 0.000000 0.000000 0.000000 0.000000 0.000000 0.000000 0.000000 0.000000 0.000000 0.000000 0.000000 0.000000 0.000000 0.000000 0.000000 0.000000 0.000000 0.000000 0.000000 
0.000000 0.000000 0.000000 0.000000 0.000000 0.000000 0.000000 0.000000 0.000000 0.000000 0.000000 0.000000 0.000000 0.000000 0.000000 0.000000 0.000000 0.000000 0.000000 0.000000 0.000000 0.000000 0.000000 0.000000 0.000000 0.000000 0.000000 0.000000 0.000000 0.000000 0.000000 
0.000000 0.000000 0.000000 0.000000 0.000000 0.000000 0.000000 0.000000 0.000000 0.000000 0.000000 0.000000 0.000000 0.000000 0.000000 0.000000 0.000000 0.000000 0.000000 0.000000 0.000000 0.000000 0.000000 0.000000 0.000000 0.000000 0.000000 0.000000 0.000000 0.000000 0.000000 
0.000000 0.000000 0.000000 0.000000 0.000000 0.000000 0.000000 0.000000 0.000000 0.000000 0.000000 0.000000 0.000000 0.000000 0.000000 0.000000 0.000000 0.000000 0.000000 0.000000 0.000000 0.000000 0.000000 0.000000 0.000000 0.000000 0.000000 0.000000 0.000000 0.000000 0.000000 
0.000000 0.000000 0.000000 0.000000 0.000000 0.000000 0.000000 0.000000 0.000000 0.000000 1.775361 1.733261 0.565898 0.000000 0.000000 0.000000 0.000000 0.000000 0.000000 0.000000 0.000000 0.000000 0.000000 0.000000 0.000000 0.000000 0.000000 0.000000 0.000000 0.000000 0.000000 
0.000000 0.000000 0.000000 0.000000 0.000000 0.000000 0.000000 0.000000 0.000000 0.000000 0.000000 0.000000 0.000000 0.000000 0.227981 0.000000 0.000000 0.000000 0.000000 0.000000 0.000000 0.000000 0.000000 0.000000 0.000000 0.000000 0.000000 0.000000 0.000000 0.000000 0.000000 
0.000000 0.000000 0.000000 0.000000 0.000000 0.000000 0.000000 0.000000 0.000000 0.000000 1.263820 1.302764 1.359984 0.000000 0.000000 0.000000 0.000000 0.000000 0.000000 0.000000 0.000000 0.000000 0.000000 0.000000 0.000000 0.000000 0.000000 0.000000 0.000000 0.000000 0.000000 
0.000000 0.000000 0.000000 0.000000 0.000000 0.000000 0.000000 0.000000 0.000000 0.000000 0.000000 1.188844 0.632872 0.000000 0.000000 0.000000 0.000000 0.000000 0.000000 0.000000 0.000000 0.000000 0.000000 0.000000 0.000000 0.000000 0.000000 0.000000 0.000000 0.000000 0.000000 
0.000000 0.000000 0.000000 0.000000 0.000000 0.000000 0.000000 0.000000 0.000000 0.000000 0.000000 0.000000 0.000000 0.000000 0.000000 0.000000 0.000000 0.000000 0.000000 0.000000 0.000000 0.000000 0.000000 0.000000 0.000000 0.000000 0.000000 0.000000 0.000000 0.000000 0.000000 
0.000000 0.000000 0.000000 0.000000 0.000000 0.000000 0.000000 0.000000 0.000000 0.000000 0.000000 0.000000 0.000000 0.000000 0.000000 0.299188 0.317907 0.000000 0.000000 0.000000 0.000000 0.000000 0.000000 0.000000 0.000000 0.000000 0.000000 0.000000 0.000000 0.000000 0.000000 
0.000000 0.000000 0.000000 0.000000 0.000000 0.000000 0.000000 0.000000 0.000000 0.000000 0.000000 0.000000 0.000000 0.000000 0.000000 0.675432 0.498335 0.796584 1.051374 0.000000 0.000000 0.000000 0.000000 0.000000 0.000000 0.000000 0.000000 0.000000 0.000000 0.000000 0.000000 
0.000000 0.000000 0.000000 0.000000 0.000000 0.000000 0.000000 0.000000 0.000000 0.000000 0.000000 0.000000 0.000000 0.000000 0.000000 0.000000 0.000000 0.000000 0.000000 0.000000 0.000000 0.000000 0.000000 0.000000 0.000000 0.000000 0.000000 0.000000 0.000000 0.000000 0.000000 
0.000000 0.000000 0.000000 0.000000 0.000000 0.000000 0.000000 0.000000 0.000000 0.000000 0.000000 0.000000 0.000000 0.000000 0.000000 0.000000 0.000000 0.000000 0.000000 0.000000 0.000000 0.000000 0.000000 0.000000 0.000000 0.000000 0.000000 0.000000 0.000000 0.000000 0.000000 
0.000000 0.000000 0.000000 0.000000 0.000000 0.000000 0.000000 0.000000 0.000000 0.000000 0.000000 0.000000 0.000000 0.000000 0.502734 0.000000 0.000000 0.000000 0.000000 0.000000 0.000000 0.000000 0.000000 0.000000 0.000000 0.000000 0.000000 0.000000 0.000000 0.000000 0.000000 
0.000000 0.000000 0.000000 0.000000 0.000000 0.000000 0.000000 0.000000 0.000000 0.000000 0.000000 0.000000 0.000000 0.689355 1.093824 1.430152 1.207410 0.657729 0.000000 0.000000 0.000000 0.000000 0.000000 0.000000 0.000000 0.000000 0.000000 0.000000 0.000000 0.000000 0.000000 
0.000000 0.000000 0.000000 0.000000 0.000000 0.000000 0.000000 0.000000 0.000000 0.000000 0.000000 0.000000 0.000000 0.959665 0.000000 1.034672 0.858551 0.710331 0.000000 0.000000 0.000000 0.000000 0.000000 0.000000 0.000000 0.000000 0.000000 0.000000 0.000000 0.000000 0.000000 
0.000000 0.000000 0.000000 0.000000 0.000000 0.000000 0.000000 0.000000 0.000000 0.000000 0.000000 0.000000 0.000000 0.000000 0.000000 0.531708 0.535067 0.000000 0.000000 0.000000 0.000000 0.000000 0.000000 0.000000 0.000000 0.000000 0.000000 0.000000 0.000000 0.000000 0.000000 
0.000000 0.000000 0.000000 0.000000 0.000000 0.000000 0.000000 0.000000 0.000000 0.000000 0.000000 0.000000 0.000000 0.000000 0.000000 0.905827 1.175351 1.241637 1.243292 0.702978 0.892746 0.000000 0.000000 0.000000 0.000000 0.000000 0.000000 0.000000 0.000000 0.000000 0.000000 
0.000000 0.000000 0.000000 0.000000 0.000000 0.000000 0.000000 0.000000 0.000000 0.000000 0.000000 0.000000 0.000000 0.000000 0.000000 0.000000 0.000000 0.000000 0.921598 0.000000 1.020512 0.000000 0.000000 0.000000 0.000000 0.000000 0.000000 0.000000 0.000000 0.000000 0.000000 
0.000000 0.000000 0.000000 0.000000 0.000000 0.000000 0.000000 0.000000 0.000000 0.000000 0.000000 0.000000 0.000000 0.000000 0.000000 0.000000 0.000000 0.000000 0.601717 0.818119 0.000000 0.000000 0.000000 0.000000 0.000000 0.000000 0.000000 0.000000 0.000000 0.000000 0.000000 
0.000000 0.000000 0.000000 0.000000 0.000000 0.000000 0.000000 0.000000 0.000000 0.000000 0.000000 0.000000 0.000000 0.000000 0.000000 0.000000 0.000000 0.000000 0.563196 0.681088 0.000000 0.000000 0.000000 0.000000 0.000000 0.000000 0.000000 0.000000 0.000000 0.000000 0.000000 
0.000000 0.000000 0.000000 0.000000 0.000000 0.000000 0.000000 0.000000 0.000000 0.000000 0.000000 0.000000 0.000000 0.000000 0.000000 0.000000 0.000000 0.000000 0.000000 0.000000 0.000000 0.000000 0.000000 0.000000 0.000000 0.000000 0.000000 0.000000 0.000000 0.000000 0.000000 
0.000000 0.000000 0.000000 0.000000 0.000000 0.000000 0.000000 0.000000 0.000000 0.000000 0.000000 0.000000 0.000000 0.000000 0.000000 0.000000 0.000000 0.000000 0.000000 0.000000 0.000000 0.000000 0.000000 0.000000 0.000000 0.000000 0.000000 0.000000 0.000000 0.000000 0.000000 
0.000000 0.000000 0.000000 0.000000 0.000000 0.000000 0.000000 0.000000 0.000000 0.000000 0.000000 0.000000 0.000000 0.000000 0.000000 0.000000 0.000000 0.000000 0.000000 0.000000 0.000000 0.000000 0.000000 0.000000 0.000000 0.000000 0.000000 0.000000 0.000000 0.000000 0.000000 
0.000000 0.000000 0.000000 0.000000 0.000000 0.000000 0.000000 0.000000 0.000000 0.000000 0.000000 0.000000 0.000000 0.000000 0.000000 0.000000 0.000000 0.000000 0.000000 0.000000 0.000000 0.000000 0.000000 0.000000 0.000000 0.000000 0.000000 0.000000 0.000000 0.000000 0.000000 
0.000000 0.000000 0.000000 0.000000 0.000000 0.000000 0.000000 0.000000 0.000000 0.000000 0.000000 0.000000 0.000000 0.000000 0.000000 0.000000 0.000000 0.000000 0.000000 0.000000 0.000000 0.000000 0.000000 0.000000 0.000000 0.000000 0.000000 0.000000 0.000000 0.000000 0.000000 

X-35
0.000000 0.000000 0.000000 0.000000 0.000000 0.000000 0.000000 0.000000 0.000000 0.000000 0.000000 0.000000 0.000000 0.000000 0.000000 0.000000 0.000000 0.000000 0.000000 0.000000 0.000000 0.000000 0.000000 0.000000 0.000000 0.000000 0.000000 0.000000 0.000000 0.000000 0.000000 
0.000000 0.000000 0.000000 0.000000 0.000000 0.000000 0.000000 0.000000 0.000000 0.000000 0.000000 0.000000 0.000000 0.000000 0.000000 0.000000 0.000000 0.000000 0.000000 0.000000 0.000000 0.000000 0.000000 0.000000 0.000000 0.000000 0.000000 0.000000 0.000000 0.000000 0.000000 
0.000000 0.000000 0.000000 0.000000 0.000000 0.000000 0.000000 0.000000 0.000000 0.000000 0.000000 0.000000 0.000000 0.000000 0.000000 0.000000 0.000000 0.000000 0.000000 0.000000 0.000000 0.000000 0.000000 0.000000 0.000000 0.000000 0.000000 0.000000 0.000000 0.000000 0.000000 
0.000000 0.000000 0.000000 0.000000 0.000000 0.000000 0.000000 0.000000 0.000000 0.000000 0.000000 0.000000 0.000000 0.000000 0.000000 0.000000 0.000000 0.000000 0.000000 0.000000 0.000000 0.000000 0.000000 0.000000 0.000000 0.000000 0.000000 0.000000 0.000000 0.000000 0.000000 
0.000000 0.000000 0.000000 0.000000 0.000000 0.000000 0.000000 0.000000 0.000000 0.000000 0.000000 0.000000 0.000000 0.000000 0.000000 0.000000 0.000000 0.000000 0.000000 0.000000 0.000000 0.000000 0.000000 0.000000 0.000000 0.000000 0.000000 0.000000 0.000000 0.000000 0.000000 
0.000000 0.000000 0.000000 0.000000 0.000000 0.000000 0.000000 0.000000 0.000000 0.000000 0.000000 0.000000 0.000000 0.000000 0.000000 0.000000 0.000000 0.000000 0.000000 0.000000 0.000000 0.000000 0.000000 0.000000 0.000000 0.000000 0.000000 0.000000 0.000000 0.000000 0.000000 
0.000000 0.000000 0.000000 0.000000 0.000000 0.000000 0.000000 0.000000 0.000000 0.000000 0.095921 0.350616 0.000000 0.000000 0.000000 0.000000 0.000000 0.000000 0.000000 0.000000 0.000000 0.000000 0.000000 0.000000 0.000000 0.000000 0.000000 0.000000 0.000000 0.000000 0.000000 
0.000000 0.000000 0.000000 0.000000 0.000000 0.000000 0.000000 0.000000 0.000000 0.000000 0.093022 0.000000 0.000000 0.000000 0.000000 0.000000 0.000000 0.000000 0.000000 0.000000 0.000000 0.000000 0.000000 0.000000 0.000000 0.000000 0.000000 0.000000 0.000000 0.000000 0.000000 
0.000000 0.000000 0.000000 0.000000 0.000000 0.000000 0.000000 0.000000 0.000000 0.000000 0.000000 0.000000 0.000000 0.000000 0.000000 0.000000 0.000000 0.000000 0.000000 0.000000 0.000000 0.000000 0.000000 0.000000 0.000000 0.000000 0.000000 0.000000 0.000000 0.000000 0.000000 
0.000000 0.000000 0.000000 0.000000 0.000000 0.000000 0.000000 0.000000 0.000000 0.000000 0.308429 0.286885 0.000000 0.000000 0.000000 0.000000 0.000000 0.000000 0.000000 0.000000 0.000000 0.000000 0.000000 0.000000 0.000000 0.000000 0.000000 0.000000 0.000000 0.000000 0.000000 
0.000000 0.000000 0.000000 0.000000 0.000000 0.000000 0.000000 0.000000 0.000000 0.000000 0.000000 0.000000 0.000000 0.000000 0.000000 0.000000 0.000000 0.000000 0.000000 0.000000 0.000000 0.000000 0.000000 0.000000 0.000000 0.000000 0.000000 0.000000 0.000000 0.000000 0.000000 
0.000000 0.000000 0.000000 0.000000 0.000000 0.000000 0.000000 0.000000 0.000000 0.000000 0.000000 0.000000 0.000000 0.000000 0.000000 0.000000 0.000000 0.000000 0.000000 0.000000 0.000000 0.000000 0.000000 0.000000 0.000000 0.000000 0.000000 0.000000 0.000000 0.000000 0.000000 
0.000000 0.000000 0.000000 0.000000 0.000000 0.000000 0.000000 0.000000 0.000000 0.000000 0.000000 0.000000 0.000000 0.000000 0.000000 0.000000 0.000000 0.000000 0.000000 0.000000 0.000000 0.000000 0.000000 0.000000 0.000000 0.000000 0.000000 0.000000 0.000000 0.000000 0.000000 
0.000000 0.000000 0.000000 0.000000 0.000000 0.000000 0.000000 0.000000 0.000000 0.000000 0.000000 0.000000 0.000000 0.000000 0.000000 0.000000 0.000000 0.000000 0.000000 0.000000 0.000000 0.000000 0.000000 0.000000 0.000000 0.000000 0.000000 0.000000 0.000000 0.000000 0.000000 
0.000000 0.000000 0.000000 0.000000 0.000000 0.000000 0.000000 0.000000 0.000000 0.000000 0.000000 0.000000 0.000000 0.000000 0.000000 0.000000 0.000000 0.000000 0.000000 0.000000 0.000000 0.000000 0.000000 0.000000 0.000000 0.000000 0.000000 0.000000 0.000000 0.000000 0.000000 
0.000000 0.000000 0.000000 0.000000 0.000000 0.000000 0.000000 0.000000 0.000000 0.000000 0.000000 0.000000 0.000000 0.000000 0.000000 0.000000 0.000000 0.000000 0.000000 0.000000 0.000000 0.000000 0.000000 0.000000 0.000000 0.000000 0.000000 0.000000 0.000000 0.000000 0.000000 
0.000000 0.000000 0.000000 0.000000 0.000000 0.000000 0.000000 0.000000 0.000000 0.000000 0.000000 0.000000 0.000000 0.149481 0.226943 0.613258 0.772010 0.000000 0.000000 0.000000 0.000000 0.000000 0.000000 0.000000 0.000000 0.000000 0.000000 0.000000 0.000000 0.000000 0.000000 
0.000000 0.000000 0.000000 0.000000 0.000000 0.000000 0.000000 0.000000 0.000000 0.000000 0.000000 0.000000 0.000000 0.608811 0.000000 1.456108 1.003357 0.665818 0.000000 0.000000 0.000000 0.000000 0.000000 0.000000 0.000000 0.000000 0.000000 0.000000 0.000000 0.000000 0.000000 
0.000000 0.000000 0.000000 0.000000 0.000000 0.000000 0.000000 0.000000 0.000000 0.000000 0.000000 0.000000 0.000000 0.000000 0.000000 0.000000 0.406513 0.348859 0.000000 0.000000 0.000000 0.000000 0.000000 0.000000 0.000000 0.000000 0.000000 0.000000 0.000000 0.000000 0.000000 
0.000000 0.000000 0.000000 0.000000 0.000000 0.000000 0.000000 0.000000 0.000000 0.000000 0.000000 0.000000 0.000000 0.000000 0.000000 0.000000 0.137484 0.351671 0.000000 0.000000 0.000000 0.000000 0.000000 0.000000 0.000000 0.000000 0.000000 0.000000 0.000000 0.000000 0.000000 
0.000000 0.000000 0.000000 0.000000 0.000000 0.000000 0.000000 0.000000 0.000000 0.000000 0.000000 0.000000 0.000000 0.000000 0.000000 0.000000 0.000000 0.000000 0.000000 0.000000 0.000000 0.000000 0.000000 0.000000 0.000000 0.000000 0.000000 0.000000 0.000000 0.000000 0.000000 
0.000000 0.000000 0.000000 0.000000 0.000000 0.000000 0.000000 0.000000 0.000000 0.000000 0.000000 0.000000 0.000000 0.000000 0.000000 0.000000 0.000000 0.000000 0.000000 0.000000 0.000000 0.000000 0.000000 0.000000 0.000000 0.000000 0.000000 0.000000 0.000000 0.000000 0.000000 
0.000000 0.000000 0.000000 0.000000 0.000000 0.000000 0.000000 0.000000 0.000000 0.000000 0.000000 0.000000 0.000000 0.000000 0.000000 0.000000 0.000000 0.000000 0.000000 0.000000 0.000000 0.000000 0.000000 0.000000 0.000000 0.000000 0.000000 0.000000 0.000000 0.000000 0.000000 
0.000000 0.000000 0.000000 0.000000 0.000000 0.000000 0.000000 0.000000 0.000000 0.000000 0.000000 0.000000 0.000000 0.000000 0.000000 0.000000 0.000000 0.000000 0.000000 0.000000 0.000000 0.000000 0.000000 0.000000 0.000000 0.000000 0.000000 0.000000 0.000000 0.000000 0.000000 
0.000000 0.000000 0.000000 0.000000 0.000000 0.000000 0.000000 0.000000 0.000000 0.000000 0.000000 0.000000 0.000000 0.000000 0.000000 0.000000 0.000000 0.000000 0.000000 0.000000 0.000000 0.000000 0.000000 0.000000 0.000000 0.000000 0.000000 0.000000 0.000000 0.000000 0.000000 
0.000000 0.000000 0.000000 0.000000 0.000000 0.000000 0.000000 0.000000 0.000000 0.000000 0.000000 0.000000 0.000000 0.000000 0.000000 0.000000 0.000000 0.000000 0.000000 0.000000 0.000000 0.000000 0.000000 0.000000 0.000000 0.000000 0.000000 0.000000 0.000000 0.000000 0.000000 
0.000000 0.000000 0.000000 0.000000 0.000000 0.000000 0.000000 0.000000 0.000000 0.000000 0.000000 0.000000 0.000000 0.000000 0.000000 0.000000 0.000000 0.000000 0.000000 0.000000 0.000000 0.000000 0.000000 0.000000 0.000000 0.000000 0.000000 0.000000 0.000000 0.000000 0.000000 
0.000000 0.000000 0.000000 0.000000 0.000000 0.000000 0.000000 0.000000 0.000000 0.000000 0.000000 0.000000 0.000000 0.000000 0.000000 0.000000 0.000000 0.000000 0.000000 0.000000 0.000000 0.000000 0.000000 0.000000 0.000000 0.000000 0.000000 0.000000 0.000000 0.000000 0.000000 

X-36
0.000000 0.000000 0.000000 0.000000 0.000000 0.000000 0.000000 0.000000 0.000000 0.000000 0.000000 0.000000 0.000000 0.000000 0.000000 0.000000 0.000000 0.000000 0.000000 0.000000 0.000000 0.000000 0.000000 0.000000 0.000000 0.000000 0.000000 0.000000 0.000000 0.000000 0.000000 
0.000000 0.000000 0.000000 0.000000 0.000000 0.000000 0.000000 0.000000 0.000000 0.000000 0.000000 0.000000 0.000000 0.000000 0.000000 0.000000 0.000000 0.000000 0.000000 0.000000 0.000000 0.000000 0.000000 0.000000 0.000000 0.000000 0.000000 0.000000 0.000000 0.000000 0.000000 
0.000000 0.000000 0.000000 0.000000 0.000000 0.000000 0.000000 0.000000 0.000000 0.000000 0.000000 0.000000 0.000000 0.000000 0.000000 0.000000 0.000000 0.000000 0.000000 0.000000 0.000000 0.000000 0.000000 0.000000 0.000000 0.000000 0.000000 0.000000 0.000000 0.000000 0.000000 
0.000000 0.000000 0.000000 0.000000 0.000000 0.000000 0.000000 0.000000 0.000000 0.000000 0.000000 0.000000 0.000000 0.000000 0.000000 0.000000 0.000000 0.000000 0.000000 0.000000 0.000000 0.000000 0.000000 0.000000 0.000000 0.000000 0.000000 0.000000 0.000000 0.000000 0.000000 
0.000000 0.000000 0.000000 0.000000 0.000000 0.000000 0.000000 0.000000 0.000000 0.000000 0.000000 0.000000 0.000000 0.000000 0.000000 0.000000 0.000000 0.000000 0.000000 0.000000 0.000000 0.000000 0.000000 0.000000 0.000000 0.000000 0.000000 0.000000 0.000000 0.000000 0.000000 
0.000000 0.000000 0.000000 0.000000 0.000000 0.000000 0.000000 0.000000 0.000000 0.000000 0.000000 0.000000 0.000000 0.000000 0.000000 0.000000 0.000000 0.000000 0.000000 0.000000 0.000000 0.000000 0.000000 0.000000 0.000000 0.000000 0.000000 0.000000 0.000000 0.000000 0.000000 
0.000000 0.000000 0.000000 0.000000 0.000000 0.000000 0.000000 0.000000 0.000000 0.000000 0.000000 0.000000 0.000000 0.000000 0.000000 0.000000 0.000000 0.000000 0.000000 0.000000 0.000000 0.000000 0.000000 0.000000 0.000000 0.000000 0.000000 0.000000 0.000000 0.000000 0.000000 
0.000000 0.000000 0.000000 0.000000 0.000000 0.000000 0.000000 0.000000 0.000000 0.000000 0.000000 0.000000 0.000000 0.000000 0.000000 0.000000 0.000000 0.000000 0.000000 0.000000 0.000000 0.000000 0.000000 0.000000 0.000000 0.000000 0.000000 0.000000 0.000000 0.000000 0.000000 
0.000000 0.000000 0.000000 0.000000 0.000000 0.000000 0.000000 0.000000 0.000000 0.000000 0.000000 0.000000 0.000000 0.000000 0.000000 0.000000 0.000000 0.000000 0.000000 0.000000 0.000000 0.000000 0.000000 0.000000 0.000000 0.000000 0.000000 0.000000 0.000000 0.000000 0.000000 
0.000000 0.000000 0.000000 0.000000 0.000000 0.000000 0.000000 0.000000 0.000000 0.000000 0.000000 0.000000 0.000000 0.000000 0.000000 0.000000 0.000000 0.000000 0.000000 0.000000 0.000000 0.000000 0.000000 0.000000 0.000000 0.000000 0.000000 0.000000 0.000000 0.000000 0.000000 
0.000000 0.000000 0.000000 0.000000 0.000000 0.000000 0.000000 0.000000 0.000000 0.000000 0.000000 0.000000 0.000000 0.000000 0.000000 0.000000 0.000000 0.000000 0.000000 0.000000 0.000000 0.000000 0.000000 0.000000 0.000000 0.000000 0.000000 0.000000 0.000000 0.000000 0.000000 
0.000000 0.000000 0.000000 0.000000 0.000000 0.000000 0.000000 0.000000 0.000000 0.000000 0.000000 0.000000 0.000000 0.000000 0.000000 0.000000 0.000000 0.000000 0.000000 0.000000 0.000000 0.000000 0.000000 0.000000 0.000000 0.000000 0.000000 0.000000 0.000000 0.000000 0.000000 
0.000000 0.000000 0.000000 0.000000 0.000000 0.000000 0.000000 0.000000 0.000000 0.000000 0.000000 0.000000 0.000000 0.000000 0.000000 0.000000 0.000000 0.000000 0.000000 0.000000 0.000000 0.000000 0.000000 0.000000 0.000000 0.000000 0.000000 0.000000 0.000000 0.000000 0.000000 
0.000000 0.000000 0.000000 0.000000 0.000000 0.000000 0.000000 0.000000 0.000000 0.000000 0.000000 0.000000 0.000000 0.000000 0.000000 0.000000 0.000000 0.000000 0.000000 0.000000 0.000000 0.000000 0.000000 0.000000 0.000000 0.000000 0.000000 0.000000 0.000000 0.000000 0.000000 
0.000000 0.000000 0.000000 0.000000 0.000000 0.000000 0.000000 0.000000 0.000000 0.000000 0.000000 0.000000 0.000000 0.000000 0.000000 0.000000 0.000000 0.000000 0.000000 0.000000 0.000000 0.000000 0.000000 0.000000 0.000000 0.000000 0.000000 0.000000 0.000000 0.000000 0.000000 
0.000000 0.000000 0.000000 0.000000 0.000000 0.000000 0.000000 0.000000 0.000000 0.000000 0.000000 0.000000 0.000000 0.000000 0.000000 0.000000 0.000000 0.000000 0.000000 0.000000 0.000000 0.000000 0.000000 0.000000 0.000000 0.000000 0.000000 0.000000 0.000000 0.000000 0.000000 
0.000000 0.000000 0.000000 0.000000 0.000000 0.000000 0.000000 0.000000 0.000000 0.000000 0.000000 0.000000 0.000000 0.000000 0.000000 0.000000 0.000000 0.000000 0.000000 0.000000 0.000000 0.000000 0.000000 0.000000 0.000000 0.000000 0.000000 0.000000 0.000000 0.000000 0.000000 
0.000000 0.000000 0.000000 0.000000 0.000000 0.000000 0.000000 0.000000 0.000000 0.000000 0.000000 0.000000 0.000000 0.000000 0.000000 0.015841 0.000000 0.000000 0.000000 0.000000 0.000000 0.000000 0.000000 0.000000 0.000000 0.000000 0.000000 0.000000 0.000000 0.000000 0.000000 
0.000000 0.000000 0.000000 0.000000 0.000000 0.000000 0.000000 0.000000 0.000000 0.000000 0.000000 0.000000 0.000000 0.000000 0.000000 0.000000 0.000000 0.000000 0.000000 0.000000 0.000000 0.000000 0.000000 0.000000 0.000000 0.000000 0.000000 0.000000 0.000000 0.000000 0.000000 
0.000000 0.000000 0.000000 0.000000 0.000000 0.000000 0.000000 0.000000 0.000000 0.000000 0.000000 0.000000 0.000000 0.000000 0.000000 0.000000 0.000000 0.000000 0.000000 0.000000 0.000000 0.000000 0.000000 0.000000 0.000000 0.000000 0.000000 0.000000 0.000000 0.000000 0.000000 
0.000000 0.000000 0.000000 0.000000 0.000000 0.000000 0.000000 0.000000 0.000000 0.000000 0.000000 0.000000 0.000000 0.000000 0.000000 0.000000 0.000000 0.000000 0.000000 0.000000 0.000000 0.000000 0.000000 0.000000 0.000000 0.000000 0.000000 0.000000 0.000000 0.000000 0.000000 
0.000000 0.000000 0.000000 0.000000 0.000000 0.000000 0.000000 0.000000 0.000000 0.000000 0.000000 0.000000 0.000000 0.000000 0.000000 0.000000 0.000000 0.000000 0.000000 0.000000 0.000000 0.000000 0.000000 0.000000 0.000000 0.000000 0.000000 0.000000 0.000000 0.000000 0.000000 
0.000000 0.000000 0.000000 0.000000 0.000000 0.000000 0.000000 0.000000 0.000000 0.000000 0.000000 0.000000 0.000000 0.000000 0.000000 0.000000 0.000000 0.000000 0.000000 0.000000 0.000000 0.000000 0.000000 0.000000 0.000000 0.000000 0.000000 0.000000 0.000000 0.000000 0.000000 
0.000000 0.000000 0.000000 0.000000 0.000000 0.000000 0.000000 0.000000 0.000000 0.000000 0.000000 0.000000 0.000000 0.000000 0.000000 0.000000 0.000000 0.000000 0.000000 0.000000 0.000000 0.000000 0.000000 0.000000 0.000000 0.000000 0.000000 0.000000 0.000000 0.000000 0.000000 
0.000000 0.000000 0.000000 0.000000 0.000000 0.000000 0.000000 0.000000 0.000000 0.000000 0.000000 0.000000 0.000000 0.000000 0.000000 0.000000 0.000000 0.000000 0.000000 0.000000 0.000000 0.000000 0.000000 0.000000 0.000000 0.000000 0.000000 0.000000 0.000000 0.000000 0.000000 
0.000000 0.000000 0.000000 0.000000 0.000000 0.000000 0.000000 0.000000 0.000000 0.000000 0.000000 0.000000 0.000000 0.000000 0.000000 0.000000 0.000000 0.000000 0.000000 0.000000 0.000000 0.000000 0.000000 0.000000 0.000000 0.000000 0.000000 0.000000 0.000000 0.000000 0.000000 
0.000000 0.000000 0.000000 0.000000 0.000000 0.000000 0.000000 0.000000 0.000000 0.000000 0.000000 0.000000 0.000000 0.000000 0.000000 0.000000 0.000000 0.000000 0.000000 0.000000 0.000000 0.000000 0.000000 0.000000 0.000000 0.000000 0.000000 0.000000 0.000000 0.000000 0.000000 
0.000000 0.000000 0.000000 0.000000 0.000000 0.000000 0.000000 0.000000 0.000000 0.000000 0.000000 0.000000 0.000000 0.000000 0.000000 0.000000 0.000000 0.000000 0.000000 0.000000 0.000000 0.000000 0.000000 0.000000 0.000000 0.000000 0.000000 0.000000 0.000000 0.000000 0.000000 


Output FAVD XZ_plane slices sorted by increasing Y-coordinate:
Y-1
0.000000 0.000000 0.000000 0.000000 0.000000 0.000000 0.000000 0.000000 0.000000 0.000000 0.000000 0.000000 0.000000 0.000000 0.000000 0.000000 0.000000 0.000000 0.000000 0.000000 0.000000 0.000000 0.000000 0.000000 0.000000 0.000000 0.000000 0.000000 0.000000 0.000000 0.000000 0.000000 0.000000 0.000000 0.000000 0.000000 
0.000000 0.000000 0.000000 0.000000 0.000000 0.000000 0.000000 0.000000 0.000000 0.000000 0.000000 0.000000 0.000000 0.000000 0.000000 0.000000 0.000000 0.000000 0.000000 0.000000 0.000000 0.000000 0.000000 0.000000 0.000000 0.000000 0.000000 0.000000 0.000000 0.000000 0.000000 0.000000 0.000000 0.000000 0.000000 0.000000 
0.000000 0.000000 0.000000 0.000000 0.000000 0.000000 0.000000 0.000000 0.000000 0.000000 0.000000 0.000000 0.000000 0.000000 0.000000 0.000000 0.000000 0.000000 0.000000 0.000000 0.000000 0.000000 0.000000 0.000000 0.000000 0.000000 0.000000 0.000000 0.000000 0.000000 0.000000 0.000000 0.000000 0.000000 0.000000 0.000000 
0.000000 0.000000 0.000000 0.000000 0.000000 0.000000 0.000000 0.000000 0.000000 0.000000 0.000000 0.000000 0.000000 0.000000 0.000000 0.000000 0.000000 0.000000 0.000000 0.000000 0.000000 0.000000 0.000000 0.000000 0.000000 0.000000 0.000000 0.000000 0.000000 0.000000 0.000000 0.000000 0.000000 0.000000 0.000000 0.000000 
0.000000 0.000000 0.000000 0.000000 0.000000 0.000000 0.000000 0.000000 0.000000 0.000000 0.000000 0.000000 0.000000 0.000000 0.000000 0.000000 0.000000 0.000000 0.000000 0.000000 0.000000 0.000000 0.000000 0.000000 0.000000 0.000000 0.000000 0.000000 0.000000 0.000000 0.000000 0.000000 0.000000 0.000000 0.000000 0.000000 
0.000000 0.000000 0.000000 0.000000 0.000000 0.000000 0.000000 0.000000 0.000000 0.000000 0.000000 0.000000 0.000000 0.000000 0.000000 0.000000 0.000000 0.000000 0.000000 0.000000 0.000000 0.000000 0.000000 0.000000 0.000000 0.000000 0.000000 0.000000 0.000000 0.000000 0.000000 0.000000 0.000000 0.000000 0.000000 0.000000 
0.000000 0.000000 0.000000 0.000000 0.000000 0.000000 0.000000 0.000000 0.000000 0.000000 0.000000 0.000000 0.000000 0.000000 0.000000 0.000000 0.000000 0.000000 0.000000 0.000000 0.000000 0.000000 0.000000 0.000000 0.000000 0.000000 0.000000 0.000000 0.000000 0.000000 0.000000 0.000000 0.000000 0.000000 0.000000 0.000000 
0.000000 0.000000 0.000000 0.000000 0.000000 0.000000 0.000000 0.000000 0.000000 0.000000 0.000000 0.000000 0.000000 0.000000 0.000000 0.000000 0.000000 0.000000 0.000000 0.000000 0.000000 0.000000 0.000000 0.000000 0.000000 0.000000 0.000000 0.000000 0.000000 0.000000 0.000000 0.000000 0.000000 0.000000 0.000000 0.000000 
0.000000 0.000000 0.000000 0.000000 0.000000 0.000000 0.000000 0.000000 0.000000 0.000000 0.000000 0.000000 0.000000 0.000000 0.000000 0.000000 0.000000 0.000000 0.000000 0.000000 0.000000 0.000000 0.000000 0.000000 0.000000 0.000000 0.000000 0.000000 0.000000 0.000000 0.000000 0.000000 0.000000 0.000000 0.000000 0.000000 
0.000000 0.000000 0.000000 0.000000 0.000000 0.000000 0.000000 0.000000 0.000000 0.000000 0.000000 0.000000 0.000000 0.000000 0.000000 0.000000 0.000000 0.000000 0.000000 0.000000 0.000000 0.000000 0.000000 0.000000 0.000000 0.000000 0.000000 0.000000 0.000000 0.000000 0.000000 0.000000 0.000000 0.000000 0.000000 0.000000 
0.000000 0.000000 0.000000 0.000000 0.000000 0.000000 0.000000 0.000000 0.000000 0.000000 0.000000 0.000000 0.000000 0.000000 0.000000 0.000000 0.000000 0.000000 0.000000 0.000000 0.000000 0.000000 0.000000 0.000000 0.000000 0.000000 0.000000 0.000000 0.000000 0.000000 0.000000 0.000000 0.000000 0.000000 0.000000 0.000000 
0.000000 0.000000 0.000000 0.000000 0.000000 0.000000 0.000000 0.000000 0.000000 0.000000 0.000000 0.000000 0.000000 0.000000 0.000000 0.000000 0.000000 0.000000 0.000000 0.000000 0.000000 0.000000 0.000000 0.000000 0.000000 0.000000 0.000000 0.000000 0.000000 0.000000 0.000000 0.000000 0.000000 0.000000 0.000000 0.000000 
0.000000 0.000000 0.000000 0.000000 0.000000 0.000000 0.000000 0.000000 0.000000 0.000000 0.000000 0.000000 0.000000 0.000000 0.000000 0.000000 0.000000 0.000000 0.000000 0.000000 0.000000 0.000000 0.000000 0.000000 0.000000 0.000000 0.000000 0.000000 0.000000 0.000000 0.000000 0.000000 0.000000 0.000000 0.000000 0.000000 
0.000000 0.000000 0.000000 0.000000 0.000000 0.000000 0.000000 0.000000 0.000000 0.000000 0.000000 0.000000 0.000000 0.000000 0.000000 0.000000 0.000000 0.000000 0.000000 0.000000 0.000000 0.487201 0.000000 0.000000 0.000000 0.000000 0.000000 0.000000 0.000000 0.000000 0.000000 0.000000 0.000000 0.000000 0.000000 0.000000 
0.000000 0.000000 0.000000 0.000000 0.000000 0.000000 0.000000 0.000000 0.000000 0.000000 0.000000 0.000000 0.000000 0.000000 0.000000 0.000000 0.000000 0.000000 0.000000 0.000000 0.000000 0.000000 0.000000 0.000000 0.000000 0.000000 0.000000 0.000000 0.000000 0.000000 0.000000 0.000000 0.000000 0.000000 0.000000 0.000000 
0.000000 0.000000 0.000000 0.000000 0.000000 0.000000 0.000000 0.000000 0.000000 0.000000 0.000000 0.000000 0.000000 0.000000 0.000000 0.000000 0.000000 0.000000 0.000000 0.000000 0.000000 0.000000 0.000000 0.000000 0.000000 0.000000 0.000000 0.000000 0.000000 0.000000 0.000000 0.000000 0.000000 0.000000 0.000000 0.000000 
0.000000 0.000000 0.000000 0.000000 0.000000 0.000000 0.000000 0.000000 0.000000 0.000000 0.000000 0.000000 0.000000 0.000000 0.000000 0.000000 0.000000 0.000000 0.000000 0.000000 0.516471 0.000000 0.000000 0.000000 0.000000 0.000000 0.000000 0.000000 0.000000 0.000000 0.000000 0.000000 0.000000 0.000000 0.000000 0.000000 
0.000000 0.000000 0.000000 0.000000 0.000000 0.000000 0.000000 0.000000 0.000000 0.000000 0.000000 0.000000 0.000000 0.000000 0.000000 0.000000 0.000000 0.000000 0.000000 0.000000 0.369520 0.000000 0.000000 0.000000 0.000000 0.000000 0.000000 0.000000 0.000000 0.000000 0.000000 0.000000 0.000000 0.000000 0.000000 0.000000 
0.000000 0.000000 0.000000 0.000000 0.000000 0.000000 0.000000 0.000000 0.000000 0.000000 0.000000 0.000000 0.000000 0.000000 0.000000 0.000000 0.000000 0.000000 0.000000 0.000000 0.000000 0.000000 0.000000 0.000000 0.000000 0.000000 0.000000 0.000000 0.000000 0.000000 0.000000 0.000000 0.000000 0.000000 0.000000 0.000000 
0.000000 0.000000 0.000000 0.000000 0.000000 0.000000 0.000000 0.000000 0.000000 0.000000 0.000000 0.000000 0.000000 0.000000 0.000000 0.000000 0.000000 0.000000 0.000000 0.000000 0.000000 0.000000 0.000000 0.000000 0.000000 0.000000 0.000000 0.000000 0.000000 0.000000 0.000000 0.000000 0.000000 0.000000 0.000000 0.000000 
0.000000 0.000000 0.000000 0.000000 0.000000 0.000000 0.000000 0.000000 0.000000 0.000000 0.000000 0.000000 0.000000 0.000000 0.000000 0.000000 0.000000 0.000000 0.000000 0.000000 0.000000 0.000000 0.000000 0.000000 0.000000 0.000000 0.000000 0.000000 0.000000 0.000000 0.000000 0.000000 0.000000 0.000000 0.000000 0.000000 
0.000000 0.000000 0.000000 0.000000 0.000000 0.000000 0.000000 0.000000 0.000000 0.000000 0.000000 0.000000 0.000000 0.000000 0.000000 0.000000 0.000000 0.000000 0.000000 0.000000 0.000000 0.000000 0.000000 0.000000 0.000000 0.000000 0.000000 0.000000 0.000000 0.000000 0.000000 0.000000 0.000000 0.000000 0.000000 0.000000 
0.000000 0.000000 0.000000 0.000000 0.000000 0.000000 0.000000 0.000000 0.000000 0.000000 0.000000 0.000000 0.000000 0.000000 0.000000 0.000000 0.000000 0.000000 0.000000 0.000000 0.000000 0.000000 0.000000 0.000000 0.000000 0.000000 0.000000 0.000000 0.000000 0.000000 0.000000 0.000000 0.000000 0.000000 0.000000 0.000000 
0.000000 0.000000 0.000000 0.000000 0.000000 0.000000 0.000000 0.000000 0.000000 0.000000 0.000000 0.000000 0.000000 0.000000 0.000000 0.000000 0.000000 0.000000 0.000000 0.000000 0.000000 0.000000 0.000000 0.000000 0.000000 0.000000 0.000000 0.000000 0.000000 0.000000 0.000000 0.000000 0.000000 0.000000 0.000000 0.000000 
0.000000 0.000000 0.000000 0.000000 0.000000 0.000000 0.000000 0.000000 0.000000 0.000000 0.000000 0.000000 0.000000 0.000000 0.000000 0.000000 0.000000 0.000000 0.000000 0.000000 0.000000 0.000000 0.000000 0.000000 0.000000 0.000000 0.000000 0.000000 0.000000 0.000000 0.000000 0.000000 0.000000 0.000000 0.000000 0.000000 
0.000000 0.000000 0.000000 0.000000 0.000000 0.000000 0.000000 0.000000 0.000000 0.000000 0.000000 0.000000 0.000000 0.000000 0.000000 0.000000 0.000000 0.000000 0.000000 0.000000 0.000000 0.000000 0.000000 0.000000 0.000000 0.000000 0.000000 0.000000 0.000000 0.000000 0.000000 0.000000 0.000000 0.000000 0.000000 0.000000 
0.000000 0.000000 0.000000 0.000000 0.000000 0.000000 0.000000 0.000000 0.000000 0.000000 0.000000 0.000000 0.000000 0.000000 0.000000 0.000000 0.000000 0.000000 0.000000 0.000000 0.000000 0.000000 0.000000 0.000000 0.000000 0.000000 0.000000 0.000000 0.000000 0.000000 0.000000 0.000000 0.000000 0.000000 0.000000 0.000000 
0.000000 0.000000 0.000000 0.000000 0.000000 0.000000 0.000000 0.000000 0.000000 0.000000 0.000000 0.000000 0.000000 0.000000 0.000000 0.000000 0.000000 0.000000 0.000000 0.000000 0.000000 0.000000 0.000000 0.000000 0.000000 0.000000 0.000000 0.000000 0.000000 0.000000 0.000000 0.000000 0.000000 0.000000 0.000000 0.000000 

Y-2
0.000000 0.000000 0.000000 0.000000 0.000000 0.000000 0.000000 0.000000 0.000000 0.000000 0.000000 0.000000 0.000000 0.000000 0.000000 0.000000 0.000000 0.000000 0.000000 0.000000 0.000000 0.000000 0.000000 0.000000 0.000000 0.000000 0.000000 0.000000 0.000000 0.000000 0.000000 0.000000 0.000000 0.000000 0.000000 0.000000 
0.000000 0.000000 0.000000 0.000000 0.000000 0.000000 0.000000 0.000000 0.000000 0.000000 0.000000 0.000000 0.000000 0.000000 0.000000 0.000000 0.000000 0.000000 0.000000 0.000000 0.000000 0.000000 0.000000 0.000000 0.000000 0.000000 0.000000 0.000000 0.000000 0.000000 0.000000 0.000000 0.000000 0.000000 0.000000 0.000000 
0.000000 0.000000 0.000000 0.000000 0.000000 0.000000 0.000000 0.000000 0.000000 0.000000 0.000000 0.000000 0.000000 0.000000 0.000000 0.000000 0.000000 0.000000 0.000000 0.000000 0.000000 0.000000 0.000000 0.000000 0.000000 0.000000 0.000000 0.000000 0.000000 0.000000 0.000000 0.000000 0.000000 0.000000 0.000000 0.000000 
0.000000 0.000000 0.000000 0.000000 0.000000 0.000000 0.000000 0.000000 0.000000 0.000000 0.000000 0.000000 0.000000 0.000000 0.000000 0.000000 0.000000 0.000000 0.000000 0.000000 0.000000 0.000000 0.000000 0.000000 0.000000 0.000000 0.000000 0.000000 0.000000 0.000000 0.000000 0.000000 0.000000 0.000000 0.000000 0.000000 
0.000000 0.000000 0.000000 0.000000 0.000000 0.000000 0.000000 0.000000 0.000000 0.000000 0.000000 0.000000 0.000000 0.000000 0.000000 0.000000 0.000000 0.000000 0.000000 0.000000 0.000000 0.000000 0.000000 0.000000 0.000000 0.000000 0.000000 0.000000 0.000000 0.000000 0.000000 0.000000 0.000000 0.000000 0.000000 0.000000 
0.000000 0.000000 0.000000 0.000000 0.000000 0.000000 0.000000 0.000000 0.000000 0.000000 0.000000 0.000000 0.000000 0.000000 0.000000 0.000000 0.000000 0.000000 0.000000 0.000000 0.000000 0.000000 0.000000 0.000000 0.000000 0.000000 0.000000 0.000000 0.000000 0.000000 0.000000 0.000000 0.000000 0.000000 0.000000 0.000000 
0.000000 0.000000 0.000000 0.000000 0.000000 0.000000 0.000000 0.000000 0.000000 0.000000 0.000000 0.000000 0.000000 0.000000 0.000000 0.000000 0.000000 0.000000 0.000000 0.000000 0.000000 0.000000 0.000000 0.000000 0.000000 0.000000 0.000000 0.000000 0.000000 0.000000 0.000000 0.000000 0.000000 0.000000 0.000000 0.000000 
0.000000 0.000000 0.000000 0.000000 0.000000 0.000000 0.000000 0.000000 0.000000 0.000000 0.000000 0.000000 0.000000 0.000000 0.000000 0.000000 0.000000 0.000000 0.000000 0.000000 0.000000 0.000000 0.000000 0.000000 0.000000 0.000000 0.000000 0.000000 0.000000 0.000000 0.000000 0.000000 0.000000 0.000000 0.000000 0.000000 
0.000000 0.000000 0.000000 0.000000 0.000000 0.000000 0.000000 0.000000 0.000000 0.000000 0.000000 0.000000 0.000000 0.000000 0.000000 0.000000 0.000000 0.000000 0.000000 0.000000 0.000000 0.000000 0.000000 0.000000 0.000000 0.000000 0.000000 0.000000 0.000000 0.000000 0.000000 0.000000 0.000000 0.000000 0.000000 0.000000 
0.000000 0.000000 0.000000 0.000000 0.000000 0.000000 0.000000 0.000000 0.000000 0.000000 0.000000 0.000000 0.000000 0.000000 0.000000 0.000000 0.000000 0.000000 0.000000 0.000000 0.000000 0.000000 0.000000 0.000000 0.000000 0.000000 0.000000 0.000000 0.000000 0.000000 0.000000 0.000000 0.000000 0.000000 0.000000 0.000000 
0.000000 0.000000 0.000000 0.000000 0.000000 0.000000 0.000000 0.000000 0.000000 0.000000 0.000000 0.000000 0.000000 0.000000 0.000000 0.000000 0.000000 0.000000 0.000000 0.000000 1.302193 0.000000 1.071389 0.326993 0.925542 1.818972 0.273289 0.000000 0.000000 0.000000 0.000000 0.000000 0.000000 0.000000 0.000000 0.000000 
0.000000 0.000000 0.000000 0.000000 0.000000 0.000000 0.000000 0.000000 0.000000 0.000000 0.000000 0.000000 0.000000 0.000000 0.000000 0.000000 0.000000 0.000000 0.459153 0.801985 0.765574 1.099847 1.388849 1.447008 0.605649 0.000000 1.151055 0.000000 0.000000 0.000000 0.000000 0.000000 0.000000 0.000000 0.000000 0.000000 
0.000000 0.000000 0.000000 0.000000 0.000000 0.000000 0.000000 0.000000 0.000000 0.000000 0.000000 0.000000 0.000000 0.000000 0.000000 0.000000 0.407666 0.758706 0.629927 0.000000 0.984367 1.235653 1.359987 2.036582 0.000000 0.000000 0.000000 0.000000 0.000000 0.000000 0.000000 0.000000 0.000000 0.000000 0.000000 0.000000 
0.000000 0.000000 0.000000 0.000000 0.000000 0.000000 0.000000 0.000000 0.000000 0.000000 0.000000 0.000000 0.000000 0.000000 0.000000 0.000000 0.000000 0.000000 0.000000 0.000000 0.000000 1.273922 1.313297 0.000000 0.000000 0.000000 0.000000 0.000000 0.000000 0.000000 0.000000 0.000000 0.000000 0.000000 0.000000 0.000000 
0.000000 0.000000 0.000000 0.000000 0.000000 0.000000 0.000000 0.000000 0.000000 0.000000 0.000000 0.000000 0.000000 0.000000 0.000000 0.000000 0.000000 0.386903 1.069710 0.000000 0.000000 0.000000 1.513917 0.000000 0.000000 0.000000 0.000000 0.000000 0.000000 0.000000 0.000000 0.000000 0.000000 0.000000 0.000000 0.000000 
0.000000 0.000000 0.000000 0.000000 0.000000 0.000000 0.000000 0.000000 0.000000 0.000000 0.000000 0.000000 0.000000 0.000000 0.000000 0.000000 0.000000 0.352914 0.000000 1.567447 2.165203 1.658075 1.757070 1.823835 0.000000 0.000000 0.000000 0.000000 0.000000 0.000000 0.000000 0.000000 0.000000 0.000000 0.000000 0.000000 
0.000000 0.000000 0.000000 0.000000 0.000000 0.000000 0.000000 0.000000 0.000000 0.000000 0.000000 0.000000 0.000000 0.000000 0.000000 0.000000 0.000000 0.000000 0.000000 0.894363 1.738955 0.000000 0.000000 1.857924 0.000000 0.000000 0.000000 0.000000 0.000000 0.000000 0.000000 0.000000 0.000000 0.000000 0.000000 0.000000 
0.000000 0.000000 0.000000 0.000000 0.000000 0.000000 0.000000 0.000000 0.000000 0.000000 0.000000 0.000000 0.000000 0.000000 0.000000 0.000000 0.000000 0.000000 0.000000 0.563609 1.000044 0.000000 0.000000 0.000000 0.000000 0.000000 0.000000 0.000000 0.000000 0.000000 0.000000 0.000000 0.000000 0.000000 0.000000 0.000000 
0.000000 0.000000 0.000000 0.000000 0.000000 0.000000 0.000000 0.000000 0.000000 0.000000 0.000000 0.000000 0.000000 0.000000 0.000000 0.000000 0.000000 0.000000 0.000000 0.000000 0.000000 0.000000 0.000000 0.000000 0.000000 0.000000 0.000000 0.000000 0.000000 0.000000 0.000000 0.000000 0.000000 0.000000 0.000000 0.000000 
0.000000 0.000000 0.000000 0.000000 0.000000 0.000000 0.000000 0.000000 0.000000 0.000000 0.000000 0.000000 0.000000 0.000000 0.000000 0.000000 0.000000 0.000000 0.000000 0.000000 0.000000 0.000000 0.000000 0.000000 0.000000 0.000000 0.000000 0.000000 0.000000 0.000000 0.000000 0.000000 0.000000 0.000000 0.000000 0.000000 
0.000000 0.000000 0.000000 0.000000 0.000000 0.000000 0.000000 0.000000 0.000000 0.000000 0.000000 0.000000 0.000000 0.000000 0.000000 0.000000 0.000000 0.000000 0.000000 0.000000 0.000000 0.000000 0.000000 0.000000 0.000000 0.000000 0.000000 0.000000 0.000000 0.000000 0.000000 0.000000 0.000000 0.000000 0.000000 0.000000 
0.000000 0.000000 0.000000 0.000000 0.000000 0.000000 0.000000 0.000000 0.000000 0.000000 0.000000 0.000000 0.000000 0.000000 0.000000 0.000000 0.000000 0.000000 0.000000 0.000000 0.000000 0.000000 0.000000 0.000000 0.000000 0.000000 0.000000 0.000000 0.000000 0.000000 0.000000 0.000000 0.000000 0.000000 0.000000 0.000000 
0.000000 0.000000 0.000000 0.000000 0.000000 0.000000 0.000000 0.000000 0.000000 0.000000 0.000000 0.000000 0.000000 0.000000 0.000000 0.000000 0.000000 0.000000 0.000000 0.000000 0.000000 0.000000 0.000000 0.000000 0.000000 0.000000 0.000000 0.000000 0.000000 0.000000 0.000000 0.000000 0.000000 0.000000 0.000000 0.000000 
0.000000 0.000000 0.000000 0.000000 0.000000 0.000000 0.000000 0.000000 0.000000 0.000000 0.000000 0.000000 0.000000 0.000000 0.000000 0.000000 0.000000 0.000000 0.000000 0.000000 0.000000 0.000000 0.000000 0.000000 0.000000 0.000000 0.000000 0.000000 0.000000 0.000000 0.000000 0.000000 0.000000 0.000000 0.000000 0.000000 
0.000000 0.000000 0.000000 0.000000 0.000000 0.000000 0.000000 0.000000 0.000000 0.000000 0.000000 0.000000 0.000000 0.000000 0.000000 0.000000 0.000000 0.000000 0.000000 0.000000 0.000000 0.000000 0.000000 0.000000 0.000000 0.000000 0.000000 0.000000 0.000000 0.000000 0.000000 0.000000 0.000000 0.000000 0.000000 0.000000 
0.000000 0.000000 0.000000 0.000000 0.000000 0.000000 0.000000 0.000000 0.000000 0.000000 0.000000 0.000000 0.000000 0.000000 0.000000 0.000000 0.000000 0.000000 0.000000 0.000000 0.000000 0.000000 0.000000 0.000000 0.000000 0.000000 0.000000 0.000000 0.000000 0.000000 0.000000 0.000000 0.000000 0.000000 0.000000 0.000000 
0.000000 0.000000 0.000000 0.000000 0.000000 0.000000 0.000000 0.000000 0.000000 0.000000 0.000000 0.000000 0.000000 0.000000 0.000000 0.000000 0.000000 0.000000 0.000000 0.000000 0.000000 0.000000 0.000000 0.000000 0.000000 0.000000 0.000000 0.000000 0.000000 0.000000 0.000000 0.000000 0.000000 0.000000 0.000000 0.000000 
0.000000 0.000000 0.000000 0.000000 0.000000 0.000000 0.000000 0.000000 0.000000 0.000000 0.000000 0.000000 0.000000 0.000000 0.000000 0.000000 0.000000 0.000000 0.000000 0.000000 0.000000 0.000000 0.000000 0.000000 0.000000 0.000000 0.000000 0.000000 0.000000 0.000000 0.000000 0.000000 0.000000 0.000000 0.000000 0.000000 

Y-3
0.000000 0.000000 0.000000 0.000000 0.000000 0.000000 0.000000 0.000000 0.000000 0.000000 0.000000 0.000000 0.000000 0.000000 0.000000 0.000000 0.000000 0.000000 0.000000 0.000000 0.000000 0.000000 0.000000 0.000000 0.000000 0.000000 0.000000 0.000000 0.000000 0.000000 0.000000 0.000000 0.000000 0.000000 0.000000 0.000000 
0.000000 0.000000 0.000000 0.000000 0.000000 0.000000 0.000000 0.000000 0.000000 0.000000 0.000000 0.000000 0.000000 0.000000 0.000000 0.000000 0.000000 0.000000 0.000000 0.000000 0.000000 0.000000 0.000000 0.000000 0.000000 0.000000 0.000000 0.000000 0.000000 0.000000 0.000000 0.000000 0.000000 0.000000 0.000000 0.000000 
0.000000 0.000000 0.000000 0.000000 0.000000 0.000000 0.000000 0.000000 0.000000 0.000000 0.000000 0.000000 0.000000 0.000000 0.172028 0.147073 0.000000 0.000000 0.000000 0.000000 0.000000 0.000000 0.000000 0.000000 0.000000 0.000000 0.000000 0.000000 0.000000 0.000000 0.000000 0.000000 0.000000 0.000000 0.000000 0.000000 
0.000000 0.000000 0.000000 0.000000 0.000000 0.000000 0.000000 0.000000 0.000000 0.000000 0.000000 0.000000 0.000000 0.000000 0.000000 0.000000 0.000000 0.691408 0.384743 0.000000 0.950201 1.288468 0.000000 0.000000 0.000000 0.000000 0.000000 0.000000 0.000000 0.000000 0.000000 0.000000 0.000000 0.000000 0.000000 0.000000 
0.000000 0.000000 0.000000 0.000000 0.000000 0.000000 0.000000 0.000000 0.000000 0.000000 0.000000 0.000000 0.000000 0.000000 0.000000 0.000000 1.393426 0.887779 0.998193 0.176452 0.000000 0.000000 0.000000 0.000000 0.000000 0.000000 0.000000 0.000000 0.000000 0.000000 0.000000 0.000000 0.000000 0.000000 0.000000 0.000000 
0.000000 0.000000 0.000000 0.000000 0.000000 0.000000 0.000000 0.000000 0.000000 0.000000 0.000000 0.000000 0.000000 0.000000 0.000000 0.531014 1.962179 0.000000 1.362912 1.038446 0.000000 0.000000 0.000000 0.000000 0.000000 0.000000 0.000000 0.000000 0.000000 0.000000 0.000000 0.000000 0.000000 0.000000 0.000000 0.000000 
0.000000 0.000000 0.000000 0.000000 0.000000 0.000000 0.000000 0.000000 0.000000 0.000000 0.000000 0.000000 0.000000 0.000000 0.000000 0.000000 0.000000 0.000000 0.000000 0.000000 0.000000 0.000000 0.000000 0.000000 0.000000 0.000000 0.000000 0.000000 0.000000 0.000000 0.000000 0.000000 0.000000 0.000000 0.000000 0.000000 
0.000000 0.000000 0.000000 0.000000 0.000000 0.000000 0.000000 0.000000 0.000000 0.000000 0.000000 0.000000 0.000000 0.000000 0.000000 0.000000 0.000000 0.000000 0.000000 0.000000 0.000000 0.000000 0.000000 0.000000 0.000000 0.000000 0.000000 0.000000 0.000000 0.000000 0.000000 0.000000 0.000000 0.000000 0.000000 0.000000 
0.000000 0.000000 0.000000 0.000000 0.000000 0.000000 0.000000 0.000000 0.000000 0.000000 0.000000 0.000000 0.000000 0.000000 0.000000 0.000000 0.000000 0.000000 0.000000 0.000000 0.000000 0.000000 0.000000 0.000000 0.000000 0.000000 0.254421 0.000000 0.000000 0.000000 0.000000 0.000000 0.000000 0.000000 0.000000 0.000000 
0.000000 0.000000 0.000000 0.000000 0.000000 0.000000 0.000000 0.000000 0.000000 0.000000 0.000000 0.000000 0.000000 0.000000 0.000000 0.000000 0.887955 0.911806 0.000000 0.000000 0.000000 0.000000 0.000000 0.000000 2.333589 1.418591 0.000000 0.000000 0.000000 0.000000 0.000000 0.000000 0.000000 0.000000 0.000000 0.000000 
0.000000 0.000000 0.000000 0.000000 0.000000 0.000000 0.000000 0.000000 0.000000 0.000000 0.000000 0.000000 0.000000 0.000000 0.000000 0.000000 0.992303 0.000000 1.443483 1.631691 1.362173 0.000000 2.733290 1.919481 1.545786 2.274768 0.926544 0.000000 0.000000 0.000000 0.000000 0.000000 0.000000 0.000000 0.000000 0.000000 
0.000000 0.000000 0.000000 0.000000 0.000000 0.000000 0.000000 0.000000 0.000000 0.000000 0.000000 0.000000 0.000000 0.000000 0.000000 0.000000 1.927884 1.602752 1.755720 2.015079 2.011508 1.441326 2.435776 2.843524 2.215699 2.081814 2.633255 1.113542 0.000000 0.000000 0.000000 0.000000 0.000000 0.000000 0.000000 0.000000 
0.000000 0.000000 0.000000 0.000000 0.000000 0.000000 0.000000 0.000000 0.000000 0.000000 0.000000 0.000000 0.000000 0.000000 0.000000 0.000000 1.692539 2.782549 1.828012 2.032467 2.433633 2.358708 1.912271 0.000000 2.301037 2.339935 0.000000 0.000000 0.000000 0.000000 0.000000 0.000000 0.000000 0.000000 0.000000 0.000000 
0.000000 0.000000 0.000000 0.000000 0.000000 0.000000 0.000000 0.000000 0.000000 0.000000 0.000000 0.000000 0.000000 0.000000 0.585924 0.468913 0.000000 2.236364 2.931623 2.433439 2.319200 2.768749 2.517812 1.741094 0.000000 0.000000 0.000000 0.000000 0.000000 0.000000 0.000000 0.000000 0.000000 0.000000 0.000000 0.000000 
0.000000 0.000000 0.000000 0.000000 0.000000 0.000000 0.000000 0.000000 0.000000 0.000000 0.000000 0.000000 0.000000 0.000000 1.133579 0.000000 0.000000 1.246811 2.076583 3.295392 2.403261 2.218459 2.796741 2.852801 1.484529 0.000000 0.000000 0.000000 0.000000 0.000000 0.000000 0.000000 0.000000 0.000000 0.000000 0.000000 
0.000000 0.000000 0.000000 0.000000 0.000000 0.000000 0.000000 0.000000 0.000000 0.000000 0.000000 0.000000 0.000000 0.000000 0.000000 0.000000 0.000000 1.018156 1.317653 2.074364 2.346642 2.070049 2.068329 2.945513 2.784899 2.332967 2.654930 0.000000 0.000000 0.000000 0.000000 0.000000 0.000000 0.000000 0.000000 0.000000 
0.000000 0.000000 0.000000 0.000000 0.000000 0.000000 0.000000 0.000000 0.000000 0.000000 0.000000 0.000000 0.000000 0.000000 0.000000 0.000000 0.000000 1.000792 1.513053 2.131360 2.223990 2.385980 0.000000 1.606066 0.000000 0.000000 2.125409 0.000000 0.000000 0.000000 0.000000 0.000000 0.000000 0.000000 0.000000 0.000000 
0.000000 0.000000 0.000000 0.000000 0.000000 0.000000 0.000000 0.000000 0.000000 0.000000 0.000000 0.000000 0.000000 0.000000 0.000000 0.000000 0.000000 0.000000 0.000000 1.989902 0.000000 0.000000 0.000000 1.278087 1.857971 1.243930 0.000000 0.000000 0.000000 0.000000 0.000000 0.000000 0.000000 0.000000 0.000000 0.000000 
0.000000 0.000000 0.000000 0.000000 0.000000 0.000000 0.000000 0.000000 0.000000 0.000000 0.000000 0.000000 0.000000 0.000000 0.000000 0.000000 0.000000 0.000000 0.000000 1.084047 0.000000 0.000000 2.215475 2.288663 0.000000 2.291780 1.965341 0.000000 0.000000 0.000000 0.000000 0.000000 0.000000 0.000000 0.000000 0.000000 
0.000000 0.000000 0.000000 0.000000 0.000000 0.000000 0.000000 0.000000 0.000000 0.000000 0.000000 0.000000 0.000000 0.000000 0.000000 0.000000 0.000000 0.000000 0.000000 0.000000 0.000000 0.000000 0.000000 0.000000 0.000000 2.532802 2.771165 0.000000 0.000000 0.000000 0.000000 0.000000 0.000000 0.000000 0.000000 0.000000 
0.000000 0.000000 0.000000 0.000000 0.000000 0.000000 0.000000 0.000000 0.000000 0.000000 0.000000 0.000000 0.000000 0.000000 0.000000 0.000000 0.000000 0.000000 0.000000 0.000000 0.000000 0.000000 0.000000 0.000000 0.000000 2.257838 0.000000 0.000000 0.000000 0.000000 0.000000 0.000000 0.000000 0.000000 0.000000 0.000000 
0.000000 0.000000 0.000000 0.000000 0.000000 0.000000 0.000000 0.000000 0.000000 0.000000 0.000000 0.000000 0.000000 0.000000 0.000000 0.000000 0.000000 0.000000 0.000000 0.000000 0.000000 0.000000 0.000000 0.000000 0.000000 0.000000 0.000000 0.000000 0.000000 0.000000 0.000000 0.000000 0.000000 0.000000 0.000000 0.000000 
0.000000 0.000000 0.000000 0.000000 0.000000 0.000000 0.000000 0.000000 0.000000 0.000000 0.000000 0.000000 0.000000 0.000000 0.000000 0.000000 0.000000 0.000000 0.000000 0.000000 0.000000 0.000000 0.000000 0.000000 0.000000 0.000000 0.000000 0.000000 0.000000 0.000000 0.000000 0.000000 0.000000 0.000000 0.000000 0.000000 
0.000000 0.000000 0.000000 0.000000 0.000000 0.000000 0.000000 0.000000 0.000000 0.000000 0.000000 0.000000 0.000000 0.000000 0.000000 0.000000 0.000000 0.000000 0.000000 0.000000 0.000000 0.000000 0.000000 0.000000 0.000000 0.000000 0.000000 0.000000 0.000000 0.000000 0.000000 0.000000 0.000000 0.000000 0.000000 0.000000 
0.000000 0.000000 0.000000 0.000000 0.000000 0.000000 0.000000 0.000000 0.000000 0.000000 0.000000 0.000000 0.000000 0.000000 0.000000 0.000000 0.000000 0.000000 0.000000 0.000000 0.000000 0.000000 0.000000 0.000000 0.000000 0.000000 0.000000 0.000000 0.000000 0.000000 0.000000 0.000000 0.000000 0.000000 0.000000 0.000000 
0.000000 0.000000 0.000000 0.000000 0.000000 0.000000 0.000000 0.000000 0.000000 0.000000 0.000000 0.000000 0.000000 0.000000 0.000000 0.000000 0.000000 0.000000 0.000000 0.000000 0.000000 0.000000 0.000000 0.000000 0.000000 0.000000 0.000000 0.000000 0.000000 0.000000 0.000000 0.000000 0.000000 0.000000 0.000000 0.000000 
0.000000 0.000000 0.000000 0.000000 0.000000 0.000000 0.000000 0.000000 0.000000 0.000000 0.000000 0.000000 0.000000 0.000000 0.000000 0.000000 0.000000 0.000000 0.000000 0.000000 0.000000 0.000000 0.000000 0.000000 0.000000 0.000000 0.000000 0.000000 0.000000 0.000000 0.000000 0.000000 0.000000 0.000000 0.000000 0.000000 
0.000000 0.000000 0.000000 0.000000 0.000000 0.000000 0.000000 0.000000 0.000000 0.000000 0.000000 0.000000 0.000000 0.000000 0.000000 0.000000 0.000000 0.000000 0.000000 0.000000 0.000000 0.000000 0.000000 0.000000 0.000000 0.000000 0.000000 0.000000 0.000000 0.000000 0.000000 0.000000 0.000000 0.000000 0.000000 0.000000 

Y-4
0.000000 0.000000 0.000000 0.000000 0.000000 0.000000 0.000000 0.000000 0.000000 0.000000 0.000000 0.000000 0.000000 0.000000 0.000000 0.000000 0.000000 0.000000 0.000000 0.000000 0.000000 0.000000 0.000000 0.000000 0.000000 0.000000 0.000000 0.000000 0.000000 0.000000 0.000000 0.000000 0.000000 0.000000 0.000000 0.000000 
0.000000 0.000000 0.000000 0.000000 0.000000 0.000000 0.000000 0.000000 0.000000 0.000000 0.000000 0.000000 0.000000 0.000000 0.000000 0.000000 0.000000 0.000000 0.000000 0.000000 0.000000 0.000000 0.000000 0.000000 0.000000 0.000000 0.000000 0.000000 0.000000 0.000000 0.000000 0.000000 0.000000 0.000000 0.000000 0.000000 
0.000000 0.000000 0.000000 0.000000 0.000000 0.000000 0.000000 0.000000 0.000000 0.000000 0.000000 0.000000 0.467938 0.000000 2.918169 2.688867 1.474536 0.000000 0.000000 0.000000 2.048154 1.255527 0.000000 0.000000 0.000000 0.000000 0.000000 0.000000 0.000000 0.000000 0.000000 0.000000 0.000000 0.000000 0.000000 0.000000 
0.000000 0.000000 0.000000 0.000000 0.000000 0.000000 0.000000 0.000000 0.000000 0.000000 0.000000 0.964879 1.515585 0.786511 0.000000 0.000000 0.000000 1.499836 0.903359 0.000000 1.004531 3.020675 0.397330 0.000000 0.000000 0.000000 0.000000 0.000000 0.000000 0.000000 0.000000 0.000000 0.000000 0.000000 0.000000 0.000000 
0.000000 0.000000 0.000000 0.000000 0.000000 0.000000 0.000000 0.000000 0.000000 0.000000 0.000000 0.000000 0.587148 0.000000 0.000000 0.000000 2.276152 1.823564 1.538668 0.673292 0.634707 2.482698 1.796069 0.000000 0.000000 0.000000 0.000000 0.000000 0.000000 0.000000 0.000000 0.000000 0.000000 0.000000 0.000000 0.000000 
0.000000 0.000000 0.000000 0.000000 0.000000 0.000000 0.000000 0.000000 0.000000 0.000000 0.000000 0.000000 0.000000 0.202410 0.000000 0.673120 1.678523 2.055962 2.102156 0.000000 0.000000 0.000000 0.000000 0.000000 0.000000 0.000000 0.000000 0.000000 0.000000 0.000000 0.000000 0.000000 0.000000 0.000000 0.000000 0.000000 
0.000000 0.000000 0.000000 0.000000 0.000000 0.000000 0.000000 0.000000 0.000000 0.000000 0.000000 0.000000 0.692464 0.000000 0.862228 0.000000 1.035854 1.859878 1.490660 2.270709 0.000000 0.000000 0.000000 0.000000 0.000000 0.000000 0.000000 0.000000 0.000000 0.000000 0.000000 0.000000 0.000000 0.000000 0.000000 0.000000 
0.000000 0.000000 0.000000 0.000000 0.000000 0.000000 0.000000 0.000000 0.000000 0.000000 0.000000 0.000000 0.000000 1.027785 0.818010 0.000000 1.352264 1.532669 1.744445 2.562228 0.000000 0.000000 0.000000 0.000000 0.000000 0.000000 0.000000 0.000000 0.000000 0.000000 0.000000 0.000000 0.000000 0.000000 0.000000 0.000000 
0.000000 0.000000 0.000000 0.000000 0.000000 0.000000 0.000000 0.000000 0.000000 0.000000 0.000000 0.000000 0.677979 1.470588 0.000000 1.628718 0.000000 0.000000 2.028302 1.887851 2.884437 0.000000 0.000000 0.000000 0.000000 1.890120 1.381399 0.000000 0.000000 0.000000 0.000000 0.000000 0.000000 0.000000 0.000000 0.000000 
0.000000 0.000000 0.000000 0.000000 0.000000 0.000000 0.000000 0.000000 0.000000 0.000000 0.000000 0.000000 0.216038 0.000000 0.000000 1.928560 1.798860 2.225004 2.252851 2.079462 0.000000 0.000000 0.000000 2.080204 1.958477 2.798506 2.034645 1.557369 0.000000 0.000000 0.000000 0.000000 0.000000 0.000000 0.000000 0.000000 
0.000000 0.000000 0.000000 0.000000 0.000000 0.000000 0.000000 0.000000 0.000000 0.000000 0.000000 0.000000 0.000000 0.000000 2.608267 2.839416 2.130602 1.964523 2.551813 2.737438 2.166722 2.292054 2.992530 3.297168 2.492733 2.638898 2.842412 0.000000 0.000000 0.000000 0.000000 0.000000 0.000000 0.000000 0.000000 0.000000 
0.000000 0.000000 0.000000 0.000000 0.000000 0.000000 0.000000 0.000000 0.000000 0.000000 0.000000 0.000000 0.000000 0.000000 1.428736 0.000000 3.557754 2.409873 2.025634 2.722131 3.141384 2.494410 2.492091 3.434234 3.408536 2.805014 2.556361 2.042482 0.000000 0.000000 0.000000 0.000000 0.000000 0.000000 0.000000 0.000000 
0.000000 0.000000 0.000000 0.000000 0.000000 0.000000 0.000000 0.000000 0.000000 0.000000 0.000000 0.000000 0.000000 0.000000 0.000000 1.395487 2.271791 3.578009 2.626901 2.074708 2.651565 3.275675 1.945920 3.362835 3.390543 3.132091 1.996776 2.027725 0.000000 0.000000 0.000000 0.000000 0.000000 0.000000 0.000000 0.000000 
0.000000 0.000000 0.000000 0.000000 0.000000 0.000000 0.000000 0.000000 0.000000 0.000000 0.000000 0.000000 0.000000 1.132484 1.132413 1.076250 1.650223 2.006919 2.519261 0.000000 1.993612 2.913527 3.111101 2.434913 2.967605 0.000000 0.000000 0.000000 0.000000 0.000000 0.000000 0.000000 0.000000 0.000000 0.000000 0.000000 
0.000000 0.000000 0.000000 0.000000 0.000000 0.000000 0.000000 0.000000 0.000000 0.000000 0.000000 0.000000 0.000000 0.617536 1.204618 1.524481 0.000000 0.000000 2.420051 2.311615 1.985772 2.312815 2.666087 2.055526 2.706953 0.000000 0.000000 0.000000 0.000000 0.000000 0.000000 0.000000 0.000000 0.000000 0.000000 0.000000 
0.000000 0.000000 0.000000 0.000000 0.000000 0.000000 0.000000 0.000000 0.000000 0.000000 0.000000 0.000000 0.000000 0.505998 0.591761 0.000000 0.000000 2.573650 2.706906 2.509596 2.308990 1.899932 0.000000 2.149465 2.081707 2.267615 1.660103 0.000000 0.000000 0.000000 0.000000 0.000000 0.000000 0.000000 0.000000 0.000000 
0.000000 0.000000 0.000000 0.000000 0.000000 0.000000 0.000000 0.000000 0.000000 0.000000 0.000000 0.000000 0.000000 0.000000 0.000000 0.000000 0.000000 1.642082 2.656356 2.646486 2.414913 2.389859 2.275522 2.488460 2.359464 2.112323 2.099382 0.000000 0.000000 0.000000 0.000000 0.000000 0.000000 0.000000 0.000000 0.000000 
0.000000 0.000000 0.000000 0.000000 0.000000 0.000000 0.000000 0.000000 0.000000 0.000000 0.000000 0.000000 0.000000 0.000000 0.000000 0.000000 0.000000 0.000000 0.000000 2.565943 0.000000 0.000000 2.680270 2.818003 2.719371 2.886698 2.836016 0.000000 0.000000 0.000000 0.000000 0.000000 0.000000 0.000000 0.000000 0.000000 
0.000000 0.000000 0.000000 0.000000 0.000000 0.000000 0.000000 0.000000 0.000000 0.000000 0.000000 0.000000 0.000000 0.000000 0.000000 0.000000 0.000000 0.000000 0.000000 2.230271 0.000000 0.000000 2.629151 2.762540 2.269451 2.831063 0.000000 0.000000 0.000000 0.000000 0.000000 0.000000 0.000000 0.000000 0.000000 0.000000 
0.000000 0.000000 0.000000 0.000000 0.000000 0.000000 0.000000 0.000000 0.000000 0.000000 0.000000 0.000000 0.000000 0.000000 0.000000 0.000000 0.000000 0.000000 0.000000 0.000000 0.000000 0.000000 1.722647 2.586184 2.360691 1.993858 2.183752 0.000000 0.000000 0.000000 0.000000 0.000000 0.000000 0.000000 0.000000 0.000000 
0.000000 0.000000 0.000000 0.000000 0.000000 0.000000 0.000000 0.000000 0.000000 0.000000 0.000000 0.000000 0.000000 0.000000 0.000000 0.000000 0.000000 0.000000 0.000000 0.000000 0.000000 0.000000 0.000000 0.000000 0.000000 0.000000 0.000000 0.000000 0.000000 0.000000 0.000000 0.000000 0.000000 0.000000 0.000000 0.000000 
0.000000 0.000000 0.000000 0.000000 0.000000 0.000000 0.000000 0.000000 0.000000 0.000000 0.000000 0.000000 0.000000 0.000000 0.000000 0.000000 0.000000 0.000000 0.000000 0.000000 0.000000 0.000000 0.000000 0.000000 0.000000 0.000000 0.000000 0.000000 0.000000 0.000000 0.000000 0.000000 0.000000 0.000000 0.000000 0.000000 
0.000000 0.000000 0.000000 0.000000 0.000000 0.000000 0.000000 0.000000 0.000000 0.000000 0.000000 0.000000 0.000000 0.000000 0.000000 0.000000 0.000000 0.000000 0.000000 0.000000 0.000000 0.000000 0.000000 0.000000 0.000000 0.000000 0.000000 0.000000 0.000000 0.000000 0.000000 0.000000 0.000000 0.000000 0.000000 0.000000 
0.000000 0.000000 0.000000 0.000000 0.000000 0.000000 0.000000 0.000000 0.000000 0.000000 0.000000 0.000000 0.000000 0.000000 0.000000 0.000000 0.000000 0.000000 0.000000 0.000000 0.000000 0.000000 0.000000 0.000000 0.000000 0.000000 0.000000 0.000000 0.000000 0.000000 0.000000 0.000000 0.000000 0.000000 0.000000 0.000000 
0.000000 0.000000 0.000000 0.000000 0.000000 0.000000 0.000000 0.000000 0.000000 0.000000 0.000000 0.000000 0.000000 0.000000 0.000000 0.000000 0.000000 0.000000 0.000000 0.000000 0.000000 0.000000 0.000000 0.000000 0.000000 0.000000 0.000000 0.000000 0.000000 0.000000 0.000000 0.000000 0.000000 0.000000 0.000000 0.000000 
0.000000 0.000000 0.000000 0.000000 0.000000 0.000000 0.000000 0.000000 0.000000 0.000000 0.000000 0.000000 0.000000 0.000000 0.000000 0.000000 0.000000 0.000000 0.000000 0.000000 0.000000 0.000000 0.000000 0.000000 0.000000 0.000000 0.000000 0.000000 0.000000 0.000000 0.000000 0.000000 0.000000 0.000000 0.000000 0.000000 
0.000000 0.000000 0.000000 0.000000 0.000000 0.000000 0.000000 0.000000 0.000000 0.000000 0.000000 0.000000 0.000000 0.000000 0.000000 0.000000 0.000000 0.000000 0.000000 0.000000 0.000000 0.000000 0.000000 0.000000 0.000000 0.000000 0.000000 0.000000 0.000000 0.000000 0.000000 0.000000 0.000000 0.000000 0.000000 0.000000 
0.000000 0.000000 0.000000 0.000000 0.000000 0.000000 0.000000 0.000000 0.000000 0.000000 0.000000 0.000000 0.000000 0.000000 0.000000 0.000000 0.000000 0.000000 0.000000 0.000000 0.000000 0.000000 0.000000 0.000000 0.000000 0.000000 0.000000 0.000000 0.000000 0.000000 0.000000 0.000000 0.000000 0.000000 0.000000 0.000000 

Y-5
0.000000 0.000000 0.000000 0.000000 0.000000 0.000000 0.000000 0.000000 0.000000 0.000000 0.000000 0.000000 0.000000 0.000000 0.000000 0.000000 0.000000 0.000000 0.000000 0.000000 0.000000 0.000000 0.000000 0.000000 0.000000 0.000000 0.000000 0.000000 0.000000 0.000000 0.000000 0.000000 0.000000 0.000000 0.000000 0.000000 
0.000000 0.000000 0.000000 0.000000 0.000000 0.000000 0.000000 0.000000 0.000000 0.000000 0.000000 0.000000 0.000000 1.862387 2.735459 2.333281 0.000000 0.000000 0.000000 0.000000 0.000000 0.000000 0.000000 0.000000 0.000000 0.000000 0.000000 0.000000 0.000000 0.000000 0.000000 0.000000 0.000000 0.000000 0.000000 0.000000 
0.000000 0.000000 0.000000 0.000000 0.000000 0.000000 0.000000 0.000000 0.000000 0.000000 0.000000 1.391054 1.312629 0.886591 1.858048 2.124757 2.396829 0.000000 0.000000 0.000000 3.453804 2.176632 0.000000 0.000000 0.000000 0.000000 0.000000 0.000000 0.000000 0.000000 0.000000 0.000000 0.000000 0.000000 0.000000 0.000000 
0.000000 0.000000 0.000000 0.000000 0.000000 0.000000 0.000000 0.000000 0.000000 0.000000 0.000000 0.921737 1.391054 1.524538 1.852882 1.471068 2.802260 2.391575 2.383217 1.358368 1.325418 3.551694 0.531380 0.000000 0.000000 0.000000 0.000000 0.000000 0.000000 0.000000 0.000000 0.000000 0.000000 0.000000 0.000000 0.000000 
0.000000 0.000000 0.000000 0.000000 0.000000 0.000000 0.000000 0.000000 0.000000 0.000000 0.000000 0.000000 0.000000 2.038733 2.005131 1.774739 1.543426 2.805847 3.142830 2.159866 1.449150 1.901465 1.848687 0.000000 0.000000 0.000000 0.000000 0.000000 0.000000 0.000000 0.000000 0.000000 0.000000 0.000000 0.000000 0.000000 
0.000000 0.000000 0.000000 0.000000 0.000000 0.000000 0.000000 0.000000 0.000000 0.000000 0.000000 1.214750 1.656320 1.868320 2.038733 2.140425 1.774739 2.390158 3.150625 2.801073 0.000000 0.000000 2.054264 1.783332 0.000000 0.000000 0.000000 0.000000 0.000000 0.000000 0.000000 0.000000 0.000000 0.000000 0.000000 0.000000 
0.000000 0.000000 0.000000 0.000000 0.000000 0.000000 0.000000 0.000000 0.000000 0.000000 0.000000 0.000000 1.973732 1.756610 2.043053 2.249352 1.974162 1.983046 3.104968 2.622138 0.000000 0.000000 0.000000 0.000000 0.000000 0.000000 0.000000 0.000000 0.000000 0.000000 0.000000 0.000000 0.000000 0.000000 0.000000 0.000000 
0.000000 0.000000 0.000000 0.000000 0.000000 0.000000 0.000000 0.000000 0.000000 0.000000 0.000000 0.000000 0.000000 2.661870 1.772889 2.303315 0.000000 2.748647 3.215009 2.791455 2.589293 3.003994 2.339713 0.000000 0.000000 0.000000 0.000000 0.000000 0.000000 0.000000 0.000000 0.000000 0.000000 0.000000 0.000000 0.000000 
0.000000 0.000000 0.000000 0.000000 0.000000 0.000000 0.000000 0.000000 0.000000 0.000000 0.000000 0.000000 3.046117 3.806341 2.751567 1.995418 2.232213 0.000000 2.936881 0.000000 0.000000 0.000000 0.000000 0.000000 0.000000 2.561724 2.525517 0.000000 0.000000 0.000000 0.000000 0.000000 0.000000 0.000000 0.000000 0.000000 
0.000000 0.000000 0.000000 0.000000 0.000000 0.000000 0.000000 0.000000 0.000000 0.000000 0.000000 0.970225 1.700410 0.000000 3.541687 3.645705 2.139000 2.446606 2.965105 0.000000 0.000000 0.000000 3.612598 3.497758 2.532398 2.606246 2.702831 3.594146 0.000000 0.000000 0.092486 0.000000 0.000000 0.000000 0.000000 0.000000 
0.000000 0.000000 0.000000 0.000000 0.000000 0.000000 0.000000 0.000000 0.000000 0.000000 0.000000 0.000000 0.000000 0.000000 2.048177 3.135272 2.613038 1.946677 2.408738 3.151447 3.052936 2.503516 3.465806 3.516950 3.063272 1.980324 2.133954 3.928570 1.485727 0.000000 0.000000 0.000000 0.000000 0.000000 0.000000 0.000000 
0.000000 0.000000 0.000000 0.000000 0.000000 0.000000 0.000000 0.000000 0.000000 0.000000 0.000000 0.000000 0.000000 0.000000 1.884454 2.153838 2.709935 2.184636 2.146968 2.561043 3.492408 2.417293 2.666706 3.362716 3.226480 2.354552 0.000000 0.000000 0.000000 0.000000 0.000000 0.000000 0.000000 0.000000 0.000000 0.000000 
0.000000 0.000000 0.000000 0.000000 0.000000 0.000000 0.000000 0.000000 0.000000 0.000000 0.000000 0.000000 0.000000 1.478931 1.994880 2.585763 2.774760 2.562178 2.282779 2.329601 2.813331 2.594799 2.445554 2.952532 2.431335 2.298224 2.862426 2.427101 2.789140 0.000000 0.000000 0.000000 0.000000 0.000000 0.000000 0.000000 
0.000000 0.000000 0.000000 0.000000 0.000000 0.000000 0.000000 0.000000 0.000000 0.000000 0.000000 0.000000 0.000000 1.315047 2.498231 3.036661 3.036503 2.819941 2.523843 1.692829 2.493630 2.778221 2.644155 2.758997 2.026474 1.933723 0.000000 0.000000 0.000000 0.000000 0.000000 0.000000 0.000000 0.000000 0.000000 0.000000 
0.000000 0.000000 0.000000 0.000000 0.000000 0.000000 0.000000 0.000000 0.000000 0.000000 0.000000 0.000000 0.000000 0.777621 1.289211 2.622772 3.239339 0.000000 2.483713 2.051173 2.175211 3.288514 3.106975 2.483668 2.306196 0.000000 0.000000 0.000000 0.000000 0.000000 0.000000 0.000000 0.000000 0.000000 0.000000 0.000000 
0.000000 0.000000 0.000000 0.000000 0.000000 0.000000 0.000000 0.000000 0.000000 0.000000 0.000000 0.000000 0.000000 1.110887 1.184809 1.374655 2.163171 2.382827 1.975598 2.264510 2.447780 2.283625 2.944806 2.805252 2.988816 2.567994 1.755458 0.000000 0.000000 0.000000 0.000000 0.000000 0.000000 0.000000 0.000000 0.000000 
0.000000 0.000000 0.000000 0.000000 0.000000 0.000000 0.000000 0.000000 0.000000 0.000000 0.000000 0.603834 0.000000 0.000000 1.353098 1.909491 0.000000 2.417285 0.000000 1.468537 2.559167 2.477929 2.544212 2.603727 3.677831 3.079129 2.633415 1.821437 0.000000 0.000000 0.000000 0.000000 0.000000 0.000000 0.000000 0.000000 
0.000000 0.000000 0.000000 0.000000 0.000000 0.000000 0.000000 0.000000 0.000000 0.000000 0.000000 0.361490 0.000000 0.000000 0.624961 0.000000 0.000000 0.000000 0.000000 1.704643 0.000000 0.000000 2.645443 2.200472 2.983665 2.772521 2.497083 2.200768 0.000000 0.000000 0.000000 0.000000 0.000000 0.000000 0.000000 0.000000 
0.000000 0.000000 0.000000 0.000000 0.000000 0.000000 0.000000 0.000000 0.864698 0.000000 0.000000 0.000000 0.000000 0.000000 0.000000 0.000000 0.000000 0.000000 0.000000 0.000000 0.000000 1.397358 2.427975 2.200010 2.278228 2.647762 2.087730 2.106824 0.000000 0.000000 0.000000 0.000000 0.000000 0.000000 0.000000 0.000000 
0.000000 0.000000 0.000000 0.000000 0.000000 0.000000 0.000000 0.000000 0.000000 0.000000 0.000000 0.000000 0.000000 0.000000 0.000000 0.000000 0.000000 0.000000 0.000000 0.000000 0.000000 0.000000 1.094155 2.302914 2.736344 2.734251 1.975172 2.091957 0.000000 0.000000 0.000000 0.000000 0.000000 0.000000 0.000000 0.000000 
0.000000 0.000000 0.000000 0.000000 0.000000 0.000000 0.000000 0.000000 0.000000 0.000000 0.000000 0.000000 0.000000 0.000000 0.000000 0.000000 0.000000 0.000000 0.000000 0.000000 0.000000 0.000000 1.210496 1.206884 1.718035 0.000000 1.450976 0.000000 0.000000 0.000000 0.000000 0.000000 0.000000 0.000000 0.000000 0.000000 
0.000000 0.000000 0.000000 0.000000 0.000000 0.000000 0.000000 0.000000 0.000000 0.000000 0.000000 0.000000 0.000000 0.000000 0.000000 0.000000 0.000000 0.000000 0.000000 0.000000 0.000000 0.000000 0.000000 0.000000 0.000000 0.000000 0.000000 0.000000 0.000000 0.000000 0.000000 0.000000 0.000000 0.000000 0.000000 0.000000 
0.000000 0.000000 0.000000 0.000000 0.000000 0.000000 0.000000 0.000000 0.000000 0.000000 0.000000 0.000000 0.000000 0.000000 0.000000 0.000000 0.000000 0.000000 0.000000 0.000000 0.000000 0.000000 0.000000 0.000000 0.000000 0.000000 0.000000 0.000000 0.000000 0.000000 0.000000 0.000000 0.000000 0.000000 0.000000 0.000000 
0.000000 0.000000 0.000000 0.000000 0.000000 0.000000 0.000000 0.000000 0.000000 0.000000 0.000000 0.000000 0.000000 0.000000 0.000000 0.000000 0.000000 0.000000 0.000000 0.000000 0.000000 0.000000 0.000000 0.000000 0.000000 0.000000 0.000000 0.000000 0.000000 0.000000 0.000000 0.000000 0.000000 0.000000 0.000000 0.000000 
0.000000 0.000000 0.000000 0.000000 0.000000 0.000000 0.000000 0.000000 0.000000 0.000000 0.000000 0.000000 0.000000 0.000000 0.000000 0.000000 0.000000 0.000000 0.000000 0.000000 0.000000 0.000000 0.000000 0.000000 0.000000 0.000000 0.000000 0.000000 0.000000 0.000000 0.000000 0.000000 0.000000 0.000000 0.000000 0.000000 
0.000000 0.000000 0.000000 0.000000 0.000000 0.000000 0.000000 0.000000 0.000000 0.000000 0.000000 0.000000 0.000000 0.000000 0.000000 0.000000 0.000000 0.000000 0.000000 0.000000 0.000000 0.000000 0.000000 0.000000 0.000000 0.000000 0.000000 0.000000 0.000000 0.000000 0.000000 0.000000 0.000000 0.000000 0.000000 0.000000 
0.000000 0.000000 0.000000 0.000000 0.000000 0.000000 0.000000 0.000000 0.000000 0.000000 0.000000 0.000000 0.000000 0.000000 0.000000 0.000000 0.000000 0.000000 0.000000 0.000000 0.000000 0.000000 0.000000 0.000000 0.000000 0.000000 0.000000 0.000000 0.000000 0.000000 0.000000 0.000000 0.000000 0.000000 0.000000 0.000000 
0.000000 0.000000 0.000000 0.000000 0.000000 0.000000 0.000000 0.000000 0.000000 0.000000 0.000000 0.000000 0.000000 0.000000 0.000000 0.000000 0.000000 0.000000 0.000000 0.000000 0.000000 0.000000 0.000000 0.000000 0.000000 0.000000 0.000000 0.000000 0.000000 0.000000 0.000000 0.000000 0.000000 0.000000 0.000000 0.000000 

Y-6
0.000000 0.000000 0.000000 0.000000 0.000000 0.000000 0.000000 0.000000 0.000000 0.000000 0.000000 0.000000 0.000000 0.000000 0.000000 0.000000 0.000000 0.000000 0.000000 0.000000 0.000000 0.000000 0.000000 0.000000 0.000000 0.000000 0.000000 0.000000 0.000000 0.000000 0.000000 0.000000 0.000000 0.000000 0.000000 0.000000 
0.000000 0.000000 0.000000 0.000000 0.000000 0.000000 0.000000 0.000000 0.000000 0.000000 0.000000 0.000000 0.000000 1.915810 1.588241 2.721909 0.000000 0.000000 0.000000 0.000000 0.000000 0.000000 0.000000 0.000000 0.000000 0.000000 0.000000 0.000000 0.000000 0.000000 0.000000 0.000000 0.000000 0.000000 0.000000 0.000000 
0.000000 0.000000 0.000000 0.000000 0.000000 0.000000 0.000000 0.000000 0.000000 0.000000 0.000000 0.000000 2.005131 2.131932 1.908814 2.195679 0.000000 3.722099 3.026308 2.034810 0.000000 0.000000 0.000000 0.000000 0.000000 0.000000 0.000000 0.000000 0.000000 0.000000 0.000000 0.000000 0.000000 0.000000 0.000000 0.000000 
0.000000 0.000000 0.000000 0.000000 0.000000 0.000000 0.000000 0.000000 0.000000 0.000000 0.000000 0.000000 2.198404 2.217536 0.000000 0.000000 2.734963 3.036331 3.726920 2.466869 1.880415 2.459164 0.000000 0.000000 0.000000 0.000000 0.000000 0.000000 0.000000 0.000000 0.000000 0.000000 0.000000 0.000000 0.000000 0.000000 
0.000000 0.000000 0.000000 0.000000 0.000000 0.000000 0.000000 0.000000 0.000000 0.000000 0.000000 1.772889 2.052174 2.447634 2.690969 1.389412 3.215009 2.838942 3.165700 3.797938 2.726237 2.110391 3.378596 0.000000 0.000000 0.000000 0.000000 0.000000 0.000000 0.000000 0.000000 0.000000 0.000000 0.000000 0.000000 0.000000 
0.000000 0.000000 0.000000 0.000000 0.000000 0.000000 0.000000 0.000000 0.000000 0.000000 0.000000 2.208437 1.772889 1.971385 2.690969 2.924103 0.000000 3.610323 2.704474 3.412830 3.253996 0.000000 0.000000 2.994097 0.000000 0.000000 0.000000 0.000000 0.000000 0.000000 0.000000 0.000000 0.000000 0.000000 0.000000 0.000000 
0.000000 0.000000 0.000000 0.000000 0.000000 0.000000 0.000000 0.000000 0.000000 0.000000 0.000000 3.562249 0.000000 2.138818 2.008021 2.685749 2.924103 4.553169 4.223149 3.415040 0.000000 0.000000 1.797443 0.000000 0.000000 0.000000 0.000000 0.000000 0.000000 0.000000 0.000000 0.000000 0.000000 0.000000 0.000000 0.000000 
0.000000 0.000000 0.000000 0.000000 0.000000 0.000000 0.000000 0.000000 0.000000 0.000000 0.000000 2.439311 0.000000 3.645705 2.270315 2.027149 0.000000 2.960906 0.000000 2.304889 3.228656 3.705510 3.247120 0.000000 0.000000 0.000000 0.000000 0.000000 0.000000 0.000000 0.000000 0.000000 0.000000 0.000000 0.000000 0.000000 
0.000000 0.000000 0.000000 0.000000 0.000000 0.000000 0.000000 0.000000 0.000000 0.000000 0.000000 0.000000 1.792833 3.645705 2.812545 1.995671 2.135739 2.870041 2.844890 2.023133 2.852588 0.000000 3.623179 0.000000 0.000000 0.000000 0.000000 0.000000 0.000000 0.000000 0.000000 0.000000 0.000000 0.000000 0.000000 0.000000 
0.000000 0.000000 0.000000 0.000000 0.000000 0.000000 0.000000 0.000000 0.000000 0.000000 1.424613 1.639844 1.985679 2.569709 2.527317 2.313741 2.097099 2.390104 3.166171 2.618322 2.877819 0.000000 0.000000 0.000000 0.000000 1.840295 3.506775 3.398936 1.134564 2.666256 1.960511 0.000000 0.000000 0.000000 0.000000 0.000000 
0.000000 0.000000 0.000000 0.000000 0.000000 0.000000 0.000000 0.000000 0.000000 0.000000 0.000000 0.000000 0.000000 0.000000 2.760388 2.562178 2.363255 2.354990 2.708610 2.600886 2.452630 2.850944 2.686312 2.537184 2.207143 2.761059 1.723734 3.026694 1.377430 0.000000 1.731848 0.000000 0.000000 0.000000 0.000000 0.000000 
0.000000 0.000000 0.000000 0.000000 0.000000 0.000000 0.000000 0.000000 0.000000 0.000000 0.000000 0.000000 0.000000 0.000000 3.086209 2.863777 2.586426 1.901446 2.624959 2.727138 2.554576 1.863063 2.693276 2.097978 2.076201 2.519492 2.969961 1.774320 1.636926 0.000000 0.000000 0.000000 0.000000 0.000000 0.000000 0.000000 
0.000000 0.000000 0.000000 0.000000 0.000000 0.000000 0.000000 0.000000 0.000000 0.000000 0.000000 0.000000 0.000000 3.089424 3.456719 2.955209 2.611814 2.280306 2.184156 3.228962 3.274791 2.628977 2.526374 2.133467 1.948745 2.233782 2.822211 2.013964 1.621851 0.000000 0.000000 0.000000 0.000000 0.000000 0.000000 0.000000 
0.000000 0.000000 0.000000 0.000000 0.000000 0.000000 0.000000 0.000000 0.000000 0.000000 0.000000 0.000000 0.000000 1.756038 2.495886 2.320575 2.341387 2.526860 2.523241 2.451111 3.174517 2.926041 3.489500 2.824581 2.153190 1.821787 1.840974 2.073333 2.070075 1.257643 0.000000 0.000000 0.000000 0.000000 0.000000 0.000000 
0.000000 0.000000 0.000000 0.000000 0.000000 0.000000 0.000000 0.000000 0.000000 0.000000 0.000000 0.000000 1.766878 1.973154 2.103113 2.724544 1.838943 1.966804 2.421483 2.614481 2.456887 2.685431 3.344931 3.941157 2.940994 2.476981 1.634149 0.000000 0.000000 0.000000 0.000000 0.000000 0.000000 0.000000 0.000000 0.000000 
0.000000 0.000000 0.000000 0.000000 0.000000 0.000000 0.000000 0.000000 0.000000 0.000000 0.000000 0.897258 1.576556 2.532042 2.814963 3.017371 3.182419 2.443125 0.000000 2.489918 2.473362 2.259873 2.439297 3.784135 2.930266 2.844686 2.144714 0.000000 0.000000 0.000000 0.000000 0.000000 0.000000 0.000000 0.000000 0.000000 
0.000000 0.000000 0.000000 0.000000 0.000000 0.000000 0.000000 0.000000 0.000000 0.000000 1.256288 1.181442 0.000000 1.205998 2.251320 2.673519 2.439235 0.000000 0.000000 2.102031 0.000000 0.000000 1.910685 2.511674 2.739415 2.368392 2.562863 1.378700 0.000000 0.000000 0.000000 0.000000 0.000000 0.000000 0.000000 0.000000 
0.000000 0.000000 0.000000 0.000000 0.000000 0.000000 0.000000 0.000000 1.740142 1.133556 0.714161 0.823305 0.000000 0.791836 1.007429 1.448343 2.092791 0.000000 0.000000 1.849222 0.000000 0.000000 2.217802 3.085711 2.240724 2.024928 2.162377 0.000000 0.000000 0.000000 0.000000 0.000000 0.000000 0.000000 0.000000 0.000000 
0.000000 0.000000 0.000000 0.000000 0.000000 0.000000 0.000000 1.906182 1.980359 0.000000 1.340285 1.090815 1.167468 0.000000 0.955016 1.570135 0.000000 0.000000 0.000000 0.000000 1.104267 1.256079 2.143810 2.794872 3.148813 2.160598 2.042529 1.763953 0.000000 0.000000 0.000000 0.000000 0.000000 0.000000 0.000000 0.000000 
0.000000 0.000000 0.000000 0.000000 0.000000 0.000000 0.000000 0.420228 0.000000 0.000000 1.113459 0.000000 1.332509 0.000000 1.066701 0.000000 0.000000 0.000000 0.000000 0.000000 0.000000 1.174829 1.087159 1.635110 2.086702 1.872537 0.000000 1.921884 0.000000 0.000000 0.000000 0.000000 0.000000 0.000000 0.000000 0.000000 
0.000000 0.000000 0.000000 0.000000 0.000000 0.000000 0.000000 0.000000 0.000000 0.000000 0.000000 0.000000 0.000000 0.000000 0.000000 0.000000 0.000000 0.000000 0.000000 0.000000 0.000000 0.000000 0.000000 0.994339 0.000000 1.280046 0.000000 0.000000 0.000000 0.000000 0.000000 0.000000 0.000000 0.000000 0.000000 0.000000 
0.000000 0.000000 0.000000 0.000000 0.000000 0.000000 0.000000 0.000000 0.000000 0.000000 0.000000 0.000000 0.000000 0.000000 0.000000 0.000000 0.000000 0.000000 0.000000 0.000000 0.000000 0.000000 0.000000 0.000000 0.000000 0.000000 0.000000 0.000000 0.000000 0.000000 0.000000 0.000000 0.000000 0.000000 0.000000 0.000000 
0.000000 0.000000 0.000000 0.000000 0.000000 0.000000 0.000000 0.000000 0.000000 0.000000 0.000000 0.000000 0.000000 0.000000 0.000000 0.000000 0.000000 0.000000 0.000000 0.000000 0.000000 0.000000 0.000000 0.000000 0.000000 0.000000 0.000000 0.000000 0.000000 0.000000 0.000000 0.000000 0.000000 0.000000 0.000000 0.000000 
0.000000 0.000000 0.000000 0.000000 0.000000 0.000000 0.000000 0.000000 0.000000 0.000000 0.000000 0.000000 0.000000 0.000000 0.000000 0.000000 0.000000 0.000000 0.000000 0.000000 0.000000 0.000000 0.000000 0.000000 0.000000 0.000000 0.000000 0.000000 0.000000 0.000000 0.000000 0.000000 0.000000 0.000000 0.000000 0.000000 
0.000000 0.000000 0.000000 0.000000 0.000000 0.000000 0.000000 0.000000 0.000000 0.000000 0.000000 0.000000 0.000000 0.000000 0.000000 0.000000 0.000000 0.000000 0.000000 0.000000 0.000000 0.000000 0.000000 0.000000 0.000000 0.000000 0.000000 0.000000 0.000000 0.000000 0.000000 0.000000 0.000000 0.000000 0.000000 0.000000 
0.000000 0.000000 0.000000 0.000000 0.000000 0.000000 0.000000 0.000000 0.000000 0.000000 0.000000 0.000000 0.000000 0.000000 0.000000 0.000000 0.000000 0.000000 0.000000 0.000000 0.000000 0.000000 0.000000 0.000000 0.000000 0.000000 0.000000 0.000000 0.000000 0.000000 0.000000 0.000000 0.000000 0.000000 0.000000 0.000000 
0.000000 0.000000 0.000000 0.000000 0.000000 0.000000 0.000000 0.000000 0.000000 0.000000 0.000000 0.000000 0.000000 0.000000 0.000000 0.000000 0.000000 0.000000 0.000000 0.000000 0.000000 0.000000 0.000000 0.000000 0.000000 0.000000 0.000000 0.000000 0.000000 0.000000 0.000000 0.000000 0.000000 0.000000 0.000000 0.000000 
0.000000 0.000000 0.000000 0.000000 0.000000 0.000000 0.000000 0.000000 0.000000 0.000000 0.000000 0.000000 0.000000 0.000000 0.000000 0.000000 0.000000 0.000000 0.000000 0.000000 0.000000 0.000000 0.000000 0.000000 0.000000 0.000000 0.000000 0.000000 0.000000 0.000000 0.000000 0.000000 0.000000 0.000000 0.000000 0.000000 

Y-7
0.000000 0.000000 0.000000 0.000000 0.000000 0.000000 0.000000 0.000000 0.000000 0.000000 0.000000 0.000000 0.000000 0.000000 0.000000 0.000000 0.000000 0.000000 0.000000 0.000000 0.000000 0.000000 0.000000 0.000000 0.000000 0.000000 0.000000 0.000000 0.000000 0.000000 0.000000 0.000000 0.000000 0.000000 0.000000 0.000000 
0.000000 0.000000 0.000000 0.000000 0.000000 0.000000 0.000000 0.000000 0.000000 0.000000 0.000000 0.000000 0.000000 0.000000 2.927004 2.800576 0.000000 0.000000 3.049055 1.920432 0.000000 0.000000 0.000000 0.000000 0.000000 0.000000 0.000000 0.000000 0.000000 0.000000 0.000000 0.000000 0.000000 0.000000 0.000000 0.000000 
0.000000 0.000000 0.000000 0.000000 0.000000 0.000000 0.000000 0.000000 2.139268 1.762158 0.000000 0.000000 2.690969 1.950166 0.000000 0.000000 2.704474 3.399554 3.942837 2.851460 2.303365 0.000000 0.000000 0.000000 0.000000 0.000000 0.000000 0.000000 0.000000 0.000000 0.000000 0.000000 0.000000 0.000000 0.000000 0.000000 
0.000000 0.000000 0.000000 0.000000 0.000000 0.000000 0.000000 0.000000 0.000000 0.000000 0.000000 2.058475 2.231297 2.690969 0.000000 3.421107 4.223149 2.975761 4.079385 3.818882 2.466232 3.536139 0.000000 0.000000 0.000000 0.000000 0.000000 0.000000 0.000000 0.000000 0.000000 0.000000 0.000000 0.000000 0.000000 0.000000 
0.000000 0.000000 0.000000 0.000000 0.000000 0.000000 0.000000 0.000000 0.000000 0.000000 0.000000 2.028091 2.008021 1.889514 0.000000 1.389412 3.819370 3.257395 3.866312 4.224368 3.541025 2.456770 2.800127 0.000000 0.000000 0.000000 0.000000 0.000000 0.000000 0.000000 0.000000 0.000000 0.000000 0.000000 0.000000 0.000000 
0.000000 0.000000 0.000000 0.000000 0.000000 0.000000 0.000000 0.000000 0.000000 1.767830 0.000000 3.796732 2.256809 2.091388 1.926797 0.000000 1.389412 0.000000 3.866312 4.074144 3.595275 2.813904 2.027839 1.988133 0.000000 0.000000 0.000000 0.000000 0.000000 0.000000 0.000000 0.000000 0.000000 0.000000 0.000000 0.000000 
0.000000 0.000000 0.000000 0.000000 0.000000 0.000000 0.000000 0.000000 0.000000 0.000000 0.000000 3.796732 2.918770 2.256809 2.165543 0.000000 3.166171 2.582852 0.000000 0.000000 3.373003 2.682392 2.251509 1.575098 0.000000 0.000000 0.000000 0.000000 0.000000 0.000000 0.000000 0.000000 0.000000 0.000000 0.000000 0.000000 
0.000000 0.000000 0.000000 0.000000 0.000000 0.000000 0.000000 0.000000 0.000000 0.000000 0.000000 0.000000 0.000000 2.223401 2.280765 0.000000 3.071529 2.903666 2.618322 3.303698 3.462707 2.622867 2.591139 0.000000 0.000000 0.000000 0.000000 1.057568 0.000000 0.000000 0.000000 0.000000 0.000000 0.000000 0.000000 0.000000 
0.000000 0.000000 0.000000 0.000000 0.000000 0.000000 0.628114 1.152984 0.000000 2.254646 0.000000 2.452284 0.000000 2.562178 2.363255 2.398004 2.472696 2.864439 2.549405 2.638275 2.942198 2.658077 3.425082 0.000000 0.000000 0.000000 0.000000 1.618454 2.434770 2.592747 0.000000 0.000000 0.000000 0.000000 0.000000 0.000000 
0.000000 0.000000 0.000000 0.000000 0.000000 0.000000 0.000000 0.000000 0.000000 0.000000 2.714168 3.060512 0.000000 2.833885 2.673718 2.727019 2.501509 2.758977 2.589517 2.638275 1.698135 0.000000 2.562567 2.393878 0.000000 0.000000 1.680249 1.648021 2.027459 2.449444 1.062544 0.000000 0.000000 0.000000 0.000000 0.000000 
0.000000 0.000000 0.000000 0.000000 0.000000 0.883148 0.000000 0.000000 0.000000 1.257659 2.390158 0.000000 0.000000 0.000000 2.497020 2.211912 2.342920 0.000000 2.862040 2.716942 2.375912 0.000000 2.204581 0.000000 0.000000 2.706767 1.838904 1.541664 1.800491 2.377277 0.991072 0.000000 0.000000 0.000000 0.000000 0.000000 
0.000000 0.000000 0.000000 0.000000 0.000000 0.000000 0.000000 0.000000 0.000000 0.877447 0.000000 1.951901 2.432404 0.000000 0.000000 0.000000 2.483190 0.000000 0.000000 3.187209 2.614274 2.544312 2.813164 2.334732 1.927178 1.999204 2.153814 1.961791 1.552307 0.000000 0.000000 0.000000 0.000000 0.000000 0.000000 0.000000 
0.000000 0.000000 0.000000 0.000000 0.000000 0.000000 0.000000 0.000000 0.000000 0.000000 0.000000 1.646617 0.000000 2.644319 1.959594 1.710304 0.000000 2.544681 2.512110 2.807010 2.559688 2.160380 2.693981 2.620312 2.380317 1.971630 1.901039 2.153223 2.059102 1.178732 0.000000 0.000000 0.000000 0.000000 0.000000 0.000000 
0.000000 0.000000 0.000000 0.000000 0.000000 0.000000 0.000000 0.000000 0.000000 0.000000 0.000000 0.000000 0.000000 3.151684 3.020025 1.670401 1.817718 2.611079 0.000000 2.427647 1.762227 3.067162 0.000000 0.000000 2.623120 2.607080 2.300942 1.902417 2.787918 1.551662 0.000000 0.000000 0.000000 0.000000 0.000000 0.000000 
0.000000 0.000000 0.000000 0.000000 0.000000 0.000000 0.000000 0.000000 0.000000 0.000000 0.000000 0.000000 3.015438 3.177639 3.520563 3.268392 2.900455 0.000000 0.000000 2.531297 1.817653 2.224022 3.465983 2.769401 2.600762 2.866086 0.000000 2.622558 0.000000 0.000000 0.000000 0.000000 0.000000 0.000000 0.000000 0.000000 
0.000000 0.000000 0.000000 0.000000 0.000000 0.000000 0.000000 0.000000 0.000000 0.000000 0.000000 1.247567 2.022564 2.254897 2.526768 3.566295 3.992941 0.000000 0.000000 2.424118 2.284950 2.053541 3.162369 2.282945 2.190836 2.406232 0.000000 0.000000 2.674948 0.000000 0.000000 0.000000 0.000000 0.000000 0.000000 0.000000 
0.000000 0.000000 0.000000 0.000000 0.000000 0.000000 0.000000 0.000000 0.000000 0.740018 0.966684 0.999994 0.000000 1.612817 2.211866 2.481160 3.185044 0.000000 0.000000 1.712594 2.246575 2.497667 2.819357 0.000000 1.986477 2.105226 2.053200 0.000000 0.000000 0.000000 0.000000 0.000000 0.000000 0.000000 0.000000 0.000000 
0.000000 0.000000 0.000000 0.000000 0.000000 0.000000 0.000000 0.000000 2.005309 1.766777 1.276589 1.117287 1.521467 2.119173 2.599692 2.808339 2.418587 0.000000 0.000000 1.350655 1.806790 2.170493 2.588549 2.873075 2.156793 2.155129 2.196597 2.044132 0.000000 0.000000 0.000000 0.000000 0.000000 0.000000 0.000000 0.000000 
0.000000 0.000000 0.000000 0.000000 0.000000 0.000000 0.000000 0.000000 1.324554 2.355104 2.383086 0.000000 1.318834 0.000000 2.566698 2.586287 0.000000 0.000000 0.000000 0.000000 0.000000 1.285984 0.000000 1.600231 1.805597 2.279713 2.241829 2.035065 1.863341 0.000000 0.000000 0.000000 0.000000 0.000000 0.000000 0.000000 
0.000000 0.000000 0.000000 0.000000 0.000000 0.000000 0.000000 0.000000 0.000000 0.000000 1.509209 1.476257 0.000000 1.213744 1.981645 0.000000 0.000000 0.000000 1.258338 1.343502 0.000000 0.000000 0.000000 0.920669 1.497031 2.458638 2.652694 1.724535 0.000000 0.000000 0.000000 0.000000 0.000000 0.000000 0.000000 0.000000 
0.000000 0.000000 0.000000 0.000000 0.000000 0.000000 0.000000 0.000000 0.000000 0.000000 0.000000 0.000000 0.000000 0.000000 0.000000 1.427488 1.544416 0.000000 0.000000 0.000000 0.000000 0.000000 0.000000 0.000000 0.000000 0.000000 2.263688 0.000000 0.000000 0.000000 0.000000 0.000000 0.000000 0.000000 0.000000 0.000000 
0.000000 0.000000 0.000000 0.000000 0.000000 0.000000 0.000000 0.000000 0.000000 0.000000 0.000000 0.000000 0.000000 0.000000 0.000000 1.043579 0.000000 0.000000 0.000000 0.000000 0.000000 0.000000 0.000000 0.000000 0.000000 0.000000 0.000000 0.000000 0.000000 0.000000 0.000000 0.000000 0.000000 0.000000 0.000000 0.000000 
0.000000 0.000000 0.000000 0.000000 0.000000 0.000000 0.000000 0.000000 0.000000 0.000000 0.000000 0.000000 0.000000 0.000000 0.000000 0.000000 0.000000 0.000000 0.000000 0.000000 0.000000 0.000000 0.000000 0.000000 0.000000 0.000000 0.000000 0.000000 0.000000 0.000000 0.000000 0.000000 0.000000 0.000000 0.000000 0.000000 
0.000000 0.000000 0.000000 0.000000 0.000000 0.000000 0.000000 0.000000 0.000000 0.000000 0.000000 0.000000 0.000000 0.000000 0.000000 0.000000 0.000000 0.000000 0.000000 0.000000 0.000000 0.000000 0.000000 0.000000 0.000000 0.000000 0.000000 0.000000 0.000000 0.000000 0.000000 0.000000 0.000000 0.000000 0.000000 0.000000 
0.000000 0.000000 0.000000 0.000000 0.000000 0.000000 0.000000 0.000000 0.000000 0.000000 0.000000 0.000000 0.000000 0.000000 0.000000 0.000000 0.000000 0.000000 0.000000 0.000000 0.000000 0.000000 0.000000 0.000000 0.000000 0.000000 0.000000 0.000000 0.000000 0.000000 0.000000 0.000000 0.000000 0.000000 0.000000 0.000000 
0.000000 0.000000 0.000000 0.000000 0.000000 0.000000 0.000000 0.000000 0.000000 0.000000 0.000000 0.000000 0.000000 0.000000 0.000000 0.000000 0.000000 0.000000 0.000000 0.000000 0.000000 0.000000 0.000000 0.000000 0.000000 0.000000 0.000000 0.000000 0.000000 0.000000 0.000000 0.000000 0.000000 0.000000 0.000000 0.000000 
0.000000 0.000000 0.000000 0.000000 0.000000 0.000000 0.000000 0.000000 0.000000 0.000000 0.000000 0.000000 0.000000 0.000000 0.000000 0.000000 0.000000 0.000000 0.000000 0.000000 0.000000 0.000000 0.000000 0.000000 0.000000 0.000000 0.000000 0.000000 0.000000 0.000000 0.000000 0.000000 0.000000 0.000000 0.000000 0.000000 
0.000000 0.000000 0.000000 0.000000 0.000000 0.000000 0.000000 0.000000 0.000000 0.000000 0.000000 0.000000 0.000000 0.000000 0.000000 0.000000 0.000000 0.000000 0.000000 0.000000 0.000000 0.000000 0.000000 0.000000 0.000000 0.000000 0.000000 0.000000 0.000000 0.000000 0.000000 0.000000 0.000000 0.000000 0.000000 0.000000 

Y-8
0.000000 0.000000 0.000000 0.000000 0.000000 0.000000 0.000000 0.000000 0.000000 0.000000 0.000000 0.000000 0.000000 0.000000 0.000000 0.000000 0.000000 0.000000 0.000000 0.000000 0.000000 0.000000 0.000000 0.000000 0.000000 0.000000 0.000000 0.000000 0.000000 0.000000 0.000000 0.000000 0.000000 0.000000 0.000000 0.000000 
0.000000 0.000000 0.000000 0.000000 0.000000 0.000000 0.000000 0.000000 0.000000 2.058475 0.000000 0.000000 0.000000 0.000000 0.000000 0.000000 0.000000 0.000000 0.000000 2.154139 2.709012 3.238053 0.000000 0.000000 0.000000 0.000000 0.000000 0.000000 0.000000 0.000000 0.000000 0.000000 0.000000 0.000000 0.000000 0.000000 
0.000000 0.000000 0.000000 0.000000 0.000000 0.000000 0.000000 0.000000 0.000000 1.504426 0.000000 1.889514 0.000000 1.930615 2.132217 0.000000 3.244480 0.000000 4.026541 0.000000 2.170365 0.000000 0.000000 0.000000 0.000000 0.000000 0.000000 0.000000 0.000000 0.000000 0.000000 0.000000 0.000000 0.000000 0.000000 0.000000 
0.000000 0.000000 0.000000 0.000000 0.000000 0.000000 0.000000 0.000000 0.000000 0.000000 2.256809 2.091388 1.926797 3.074247 2.649019 2.180192 2.907322 3.866312 0.000000 3.820387 3.249799 2.041501 1.892610 0.000000 0.000000 0.000000 0.000000 0.000000 0.000000 0.000000 0.000000 0.000000 0.000000 0.000000 0.000000 0.000000 
0.000000 0.000000 0.000000 0.000000 0.000000 0.000000 1.271431 0.000000 0.000000 0.000000 0.000000 2.423491 2.300916 2.185132 3.074247 2.321769 2.184625 3.116043 4.381783 0.000000 3.534159 2.652385 1.930455 2.153776 0.000000 0.000000 0.000000 0.000000 0.000000 0.000000 0.000000 0.000000 0.000000 0.000000 0.000000 0.000000 
0.000000 0.000000 0.000000 0.000000 0.000000 0.000000 0.000000 1.934350 0.000000 0.000000 0.000000 2.202057 2.613904 2.315771 0.000000 2.845636 2.335373 1.389412 0.000000 3.646196 3.316114 2.909080 2.375146 1.869886 0.000000 0.000000 0.000000 0.000000 0.000000 0.000000 0.000000 0.000000 0.000000 0.000000 0.000000 0.000000 
0.000000 0.000000 0.000000 0.000000 0.000000 0.000000 0.000000 2.511448 0.000000 0.000000 3.030986 2.546585 2.202057 0.000000 2.607062 0.000000 2.434060 2.618322 0.000000 1.517877 3.439988 3.380098 1.979669 3.516590 0.000000 0.000000 0.000000 0.000000 0.000000 0.000000 0.000000 0.000000 0.000000 0.000000 0.000000 0.000000 
0.000000 0.000000 0.000000 0.000000 0.000000 0.000000 0.000000 2.491056 0.000000 0.000000 0.000000 0.000000 2.453193 0.000000 2.706390 2.893583 2.704818 2.464164 0.000000 1.333493 1.669178 2.430928 2.672510 2.899321 0.000000 0.000000 0.000000 1.742365 2.627902 1.158488 0.000000 0.000000 0.000000 0.000000 0.000000 0.000000 
0.000000 0.000000 0.000000 0.000000 0.000000 0.917629 1.241325 2.001572 3.154219 3.335696 2.993357 2.646730 2.323868 2.020230 2.342920 2.740873 3.035806 2.762308 2.630676 0.000000 1.772383 1.657770 3.060824 2.951041 0.000000 0.000000 0.000000 1.639203 2.474324 0.000000 0.000000 0.000000 0.000000 0.000000 0.000000 0.000000 
0.000000 0.000000 0.000000 0.000000 1.109732 1.043512 1.124539 1.156482 1.330452 2.067357 2.194780 2.066288 2.071529 2.300859 2.542368 2.322770 2.697171 2.789692 0.000000 2.125498 1.555601 2.079597 2.444254 0.000000 0.000000 0.000000 0.000000 1.706555 2.099086 1.573918 0.000000 0.000000 0.000000 0.000000 0.000000 0.000000 
0.000000 0.000000 0.000000 0.620555 1.232594 1.408818 0.000000 0.000000 0.000000 1.579834 2.431712 1.926027 1.136232 1.611135 2.670033 0.000000 2.348570 0.000000 3.239427 2.630059 1.859207 2.413589 2.284800 0.000000 1.849783 0.000000 1.928564 2.274367 0.000000 1.518024 0.569119 0.000000 0.000000 0.000000 0.000000 0.000000 
0.000000 0.000000 0.000000 0.000000 0.000000 0.821448 1.817388 0.000000 0.000000 0.000000 2.183134 2.454278 1.357871 1.189998 2.009658 0.000000 2.545883 0.000000 1.768220 1.852666 1.823028 2.787216 2.782716 2.123233 2.181738 1.915509 1.388449 2.805842 1.926851 1.025908 0.000000 0.000000 0.000000 0.000000 0.000000 0.000000 
0.000000 0.000000 0.000000 0.000000 0.000000 0.000000 0.000000 0.000000 1.573980 2.494169 2.640083 2.528835 2.619570 0.000000 1.854216 2.762789 0.000000 2.508002 0.000000 0.000000 0.000000 3.081511 0.000000 0.000000 3.228775 2.325512 3.568944 2.673210 2.322146 0.000000 0.000000 0.000000 0.000000 0.000000 0.000000 0.000000 
0.000000 0.000000 0.000000 0.000000 0.000000 0.000000 0.000000 0.000000 1.012742 1.397500 1.984557 0.000000 2.707290 3.521529 3.322124 2.875063 3.018639 2.721368 0.000000 1.990420 2.445789 3.350659 0.000000 2.441328 2.822117 3.245478 3.768588 3.114136 2.153828 1.277951 0.000000 0.000000 0.000000 0.000000 0.000000 0.000000 
0.000000 0.000000 0.000000 0.000000 0.000000 0.000000 0.000000 0.000000 0.000000 0.000000 0.000000 0.000000 2.268393 3.403704 3.998556 2.857518 2.132418 0.000000 0.000000 2.542127 2.367941 2.344848 2.094172 2.102649 2.355252 2.607949 2.929246 3.163532 2.294138 1.328538 0.000000 0.000000 0.000000 0.000000 0.000000 0.000000 
0.000000 0.000000 0.000000 0.000000 0.000000 0.000000 0.000000 0.000000 0.000000 0.951887 1.244994 2.263967 2.276142 2.379453 3.317931 3.721853 2.266650 0.000000 0.000000 2.419771 0.000000 2.614669 2.330787 2.270557 2.208169 2.329365 2.468440 2.434497 2.433456 1.795965 0.000000 0.000000 0.000000 0.000000 0.000000 0.000000 
0.000000 0.000000 0.000000 0.000000 0.000000 0.000000 0.000000 0.000000 0.000000 1.081194 1.349380 2.045642 3.181602 3.316974 2.788327 3.010487 3.091927 0.000000 0.000000 2.144724 2.363629 2.628109 2.246558 1.999990 2.125122 2.204732 2.462305 0.000000 0.000000 2.259940 0.000000 0.000000 0.000000 0.000000 0.000000 0.000000 
0.000000 0.000000 0.000000 0.000000 0.000000 0.000000 0.000000 0.000000 2.109208 1.519124 1.245480 1.867733 2.286156 2.383171 2.876798 2.821677 2.502753 0.000000 0.000000 1.331036 0.000000 1.160569 1.601478 1.689602 2.255176 2.294585 2.045909 1.929431 0.000000 0.000000 0.000000 0.000000 0.000000 0.000000 0.000000 0.000000 
0.000000 0.000000 0.000000 0.000000 0.000000 0.000000 0.000000 0.000000 0.000000 1.543047 1.418669 1.453757 1.846875 2.002055 2.006942 2.265100 1.511058 1.322177 1.315458 0.000000 0.000000 1.128540 1.029312 1.409622 2.439846 2.845664 1.803223 1.391327 1.312275 0.000000 0.000000 0.000000 0.000000 0.000000 0.000000 0.000000 
0.000000 0.000000 0.000000 0.000000 0.000000 0.000000 0.000000 0.000000 0.679934 0.930674 1.128062 1.193627 1.374453 1.563773 1.763400 2.177654 1.293018 0.000000 0.958460 0.962791 0.000000 0.000000 0.000000 0.828548 2.128475 2.547225 1.586309 1.177834 0.000000 0.000000 0.000000 0.000000 0.000000 0.000000 0.000000 0.000000 
0.000000 0.000000 0.000000 0.000000 0.000000 0.000000 0.000000 0.564288 1.821889 2.386750 2.644622 1.493602 1.065029 1.267796 1.310430 2.034570 1.919601 0.000000 0.000000 0.000000 0.000000 0.000000 0.000000 0.000000 0.586406 1.184207 0.702127 0.571909 0.000000 0.000000 0.000000 0.000000 0.000000 0.000000 0.000000 0.000000 
0.000000 0.000000 0.000000 0.000000 0.000000 0.000000 1.002269 0.530875 0.858977 1.601368 0.000000 0.000000 0.000000 0.000000 0.000000 0.000000 0.000000 0.000000 0.000000 0.000000 0.000000 0.000000 0.000000 0.000000 0.000000 0.000000 0.000000 0.000000 0.000000 0.000000 0.000000 0.000000 0.000000 0.000000 0.000000 0.000000 
0.000000 0.000000 0.000000 0.000000 0.000000 0.000000 1.127343 0.910446 0.794795 0.612915 0.000000 0.000000 0.000000 0.000000 0.000000 0.000000 0.000000 0.000000 0.000000 0.000000 0.000000 0.000000 0.000000 0.000000 0.000000 0.000000 0.832978 0.823297 0.000000 0.000000 0.000000 0.000000 0.000000 0.000000 0.000000 0.000000 
0.000000 0.000000 0.000000 0.000000 0.000000 0.000000 0.000000 0.239600 0.299562 0.708208 0.000000 0.000000 0.000000 0.000000 0.000000 0.000000 0.000000 0.000000 0.000000 0.000000 0.000000 0.000000 0.000000 0.000000 1.064385 0.000000 0.000000 1.180504 1.095879 0.000000 0.000000 0.000000 0.000000 0.000000 0.000000 0.000000 
0.000000 0.000000 0.000000 0.000000 0.000000 0.000000 0.000000 0.000000 0.000000 0.000000 0.000000 0.000000 0.000000 0.000000 0.000000 0.000000 0.000000 0.000000 0.000000 0.000000 0.000000 0.000000 0.000000 0.000000 0.000000 0.000000 1.325626 1.725071 1.562344 0.000000 0.000000 0.000000 0.000000 0.000000 0.000000 0.000000 
0.000000 0.000000 0.000000 0.000000 0.000000 0.000000 0.000000 0.000000 0.000000 0.000000 0.000000 0.000000 0.000000 0.000000 0.000000 0.000000 0.000000 0.000000 0.000000 0.000000 0.000000 0.000000 0.000000 0.000000 0.000000 0.000000 0.819957 0.000000 1.433143 0.000000 0.000000 0.000000 0.000000 0.000000 0.000000 0.000000 
0.000000 0.000000 0.000000 0.000000 0.000000 0.000000 0.000000 0.000000 0.000000 0.000000 0.000000 0.000000 0.000000 0.000000 0.000000 0.000000 0.000000 0.000000 0.000000 0.000000 0.000000 0.000000 0.000000 0.000000 0.000000 0.000000 0.000000 0.000000 0.000000 0.000000 0.000000 0.000000 0.000000 0.000000 0.000000 0.000000 
0.000000 0.000000 0.000000 0.000000 0.000000 0.000000 0.000000 0.000000 0.000000 0.000000 0.000000 0.000000 0.000000 0.000000 0.000000 0.000000 0.000000 0.000000 0.000000 0.000000 0.000000 0.000000 0.000000 0.000000 0.000000 0.000000 0.000000 0.000000 0.000000 0.000000 0.000000 0.000000 0.000000 0.000000 0.000000 0.000000 

Y-9
0.000000 0.000000 0.000000 0.000000 0.000000 0.000000 0.000000 0.000000 0.000000 0.000000 0.000000 0.000000 0.000000 0.000000 0.000000 0.000000 0.000000 0.000000 0.000000 0.000000 0.000000 0.000000 0.000000 0.000000 0.000000 0.000000 0.000000 0.000000 0.000000 0.000000 0.000000 0.000000 0.000000 0.000000 0.000000 0.000000 
0.000000 0.000000 0.000000 0.000000 0.000000 0.000000 0.000000 0.000000 0.000000 0.000000 0.000000 0.000000 0.000000 0.000000 0.000000 3.062400 0.000000 0.000000 0.000000 2.657569 2.342518 1.937412 0.000000 0.000000 0.000000 0.000000 0.000000 0.000000 0.000000 0.000000 0.000000 0.000000 0.000000 0.000000 0.000000 0.000000 
0.000000 0.000000 0.000000 0.000000 0.000000 0.000000 0.000000 0.000000 0.000000 2.613904 2.280765 0.000000 3.074247 3.074247 3.035376 0.000000 3.116043 0.000000 0.000000 0.000000 2.482944 0.000000 0.000000 5.615792 0.000000 0.000000 0.000000 0.000000 0.000000 0.000000 0.000000 0.000000 0.000000 0.000000 0.000000 0.000000 
0.000000 0.000000 0.000000 0.000000 0.000000 0.000000 1.748620 0.000000 2.475756 2.475756 2.613904 2.315771 2.486655 3.074247 2.474098 0.000000 2.787451 0.000000 2.596705 0.000000 2.950771 2.359874 2.333340 3.494142 4.248505 0.000000 0.000000 0.000000 0.000000 0.000000 0.000000 0.000000 0.000000 0.000000 0.000000 0.000000 
0.000000 0.000000 0.000000 0.000000 0.000000 0.000000 2.637803 1.748620 0.000000 2.475756 2.475756 0.000000 2.573218 2.712125 0.000000 0.000000 2.142769 2.281161 0.000000 3.108297 3.739000 2.284062 4.171536 1.869867 0.000000 0.000000 0.000000 2.384235 0.000000 0.000000 0.000000 0.000000 0.000000 0.000000 0.000000 0.000000 
0.000000 0.000000 0.000000 0.000000 0.000000 0.000000 3.292458 0.000000 2.697937 2.196136 2.475756 0.000000 0.000000 2.712125 0.000000 2.469388 2.078692 1.922420 0.000000 0.000000 3.885556 3.555482 4.107251 4.434751 2.048810 0.000000 0.000000 0.000000 0.000000 0.000000 0.000000 0.000000 0.000000 0.000000 0.000000 0.000000 
0.000000 0.000000 0.000000 0.000000 0.000000 0.000000 2.992746 2.736418 2.682167 2.648362 2.304503 1.807346 1.807346 0.000000 3.105005 0.000000 2.406627 1.733353 1.389412 0.000000 0.000000 4.372773 3.385639 4.560557 0.000000 0.000000 0.000000 0.000000 0.000000 0.000000 0.000000 0.000000 0.000000 0.000000 0.000000 0.000000 
0.000000 0.000000 0.000000 0.000000 0.000000 0.000000 1.966328 2.630185 2.143125 2.145918 2.225916 2.575687 2.242853 1.807346 2.697171 2.594963 2.678570 3.010363 0.000000 0.000000 2.868750 2.979010 2.746595 2.814565 2.027644 0.000000 0.000000 0.000000 0.000000 0.000000 0.000000 0.000000 0.000000 0.000000 0.000000 0.000000 
0.000000 0.000000 0.000000 1.538801 1.613483 1.644862 1.314023 2.024968 2.367570 0.000000 0.000000 2.401155 2.663546 0.000000 2.520581 2.388235 0.000000 0.000000 2.184662 0.000000 3.123959 2.821461 2.383134 1.524609 1.357769 1.505502 0.000000 1.543059 1.852488 0.000000 0.000000 0.000000 0.000000 0.000000 0.000000 0.000000 
0.000000 0.000000 0.000000 1.723697 2.167482 2.518533 2.436883 2.207884 2.326851 2.540451 0.000000 0.000000 0.000000 3.052241 2.714907 2.388235 2.139580 0.000000 2.153045 2.641532 3.038351 2.591320 2.292184 1.473028 1.684950 1.620824 2.738001 2.036126 1.234120 0.879448 0.000000 0.000000 0.000000 0.000000 0.000000 0.000000 
0.000000 0.000000 0.000000 0.953069 1.207953 1.695593 2.679373 2.837778 1.694526 2.113969 1.841175 1.733367 2.457711 1.462136 2.681268 2.438558 2.139580 2.454791 3.140127 2.951271 2.414785 2.272985 0.000000 0.000000 2.200333 2.165687 2.504062 2.223249 0.000000 0.000000 0.000000 0.000000 0.000000 0.000000 0.000000 0.000000 
0.000000 0.000000 0.000000 0.000000 1.437680 1.526834 1.749699 2.679199 2.863859 2.279265 2.584152 3.203648 2.523270 1.911218 2.254025 2.599851 2.453816 2.660643 2.596152 3.447133 2.814603 2.426624 0.000000 2.712708 2.598841 2.955617 2.647084 2.652309 0.000000 0.922849 0.000000 0.000000 0.000000 0.000000 0.000000 0.000000 
0.000000 0.000000 0.000000 0.000000 1.512301 1.566858 0.000000 0.000000 2.217040 2.759661 2.444646 3.115221 0.000000 2.966259 1.929331 2.238885 2.768441 2.512344 2.630067 2.115898 2.334800 2.229578 0.000000 2.353960 2.558990 3.544897 3.474671 2.405427 1.747348 0.000000 0.000000 0.000000 0.000000 0.000000 0.000000 0.000000 
0.000000 0.000000 0.000000 0.000000 0.000000 0.000000 0.000000 0.794200 1.220098 0.000000 2.027928 0.000000 0.000000 3.333571 2.070928 1.765588 2.158032 2.678486 2.282425 2.203807 2.053688 2.322144 2.258673 2.157236 2.553140 2.839689 3.710912 2.932066 1.913365 0.728586 0.000000 0.000000 0.000000 0.000000 0.000000 0.000000 
0.000000 0.000000 0.000000 0.000000 0.000000 0.000000 0.000000 0.000000 0.000000 0.000000 0.000000 0.000000 2.639099 3.733054 2.682844 1.894584 1.559109 2.588333 0.000000 0.000000 3.219661 2.520039 2.304039 2.182843 2.220737 2.408056 2.928331 3.520227 2.233629 1.001146 0.000000 0.000000 0.000000 0.000000 0.000000 0.000000 
0.000000 0.000000 0.000000 0.000000 0.000000 0.000000 0.000000 0.000000 1.272329 2.029074 3.022108 0.000000 2.603958 2.833500 3.336098 2.737591 1.963861 1.639531 0.000000 0.000000 2.671158 2.229883 1.761186 2.244617 2.281938 2.369714 2.875171 0.000000 2.550183 1.074943 0.000000 0.000000 0.000000 0.000000 0.000000 0.000000 
0.000000 0.000000 0.000000 0.000000 0.000000 0.000000 0.000000 0.000000 0.000000 0.000000 0.000000 1.999691 2.638192 2.975527 2.506046 2.395522 2.169207 1.583690 0.000000 0.000000 1.313855 1.599004 1.713236 2.302557 2.618176 2.081886 2.019719 0.000000 0.000000 0.000000 0.000000 0.000000 0.000000 0.000000 0.000000 0.000000 
0.000000 0.000000 0.000000 0.000000 0.000000 0.000000 0.000000 0.000000 0.000000 1.216782 1.708376 1.826223 1.802213 2.568465 2.234021 1.701596 1.731942 0.000000 1.369168 0.000000 0.000000 1.159305 1.505628 2.245881 2.854294 1.947169 1.387827 0.000000 0.000000 0.000000 0.000000 0.000000 0.000000 0.000000 0.000000 0.000000 
0.000000 0.000000 0.000000 0.000000 0.000000 0.000000 0.000000 0.000000 0.949063 1.114763 1.438417 1.672898 1.762439 2.241997 1.863065 1.201479 1.085744 1.090292 1.052186 0.000000 0.000000 0.000000 1.008250 1.896909 0.000000 1.680435 1.108195 1.105989 0.000000 0.000000 0.000000 0.000000 0.000000 0.000000 0.000000 0.000000 
0.000000 0.000000 0.000000 0.000000 0.000000 0.000000 0.000000 0.000000 2.876268 1.612640 1.240357 0.000000 1.541291 1.798962 2.246059 1.845735 1.187107 0.997775 0.000000 0.000000 0.000000 0.000000 0.000000 0.593086 1.021356 0.838613 0.000000 0.000000 0.000000 0.000000 0.000000 0.000000 0.000000 0.000000 0.000000 0.000000 
0.000000 0.000000 0.000000 0.000000 0.000000 0.000000 0.000000 1.794386 2.035515 2.134529 2.177578 0.000000 1.159253 1.525253 2.149356 0.000000 0.000000 1.425039 0.000000 0.000000 0.000000 0.000000 0.000000 0.000000 0.568828 0.511767 0.000000 0.000000 0.777701 0.000000 0.000000 0.000000 0.000000 0.000000 0.000000 0.000000 
0.000000 0.000000 0.000000 0.000000 0.000000 0.754095 1.127916 1.698577 1.682524 1.963785 2.191840 0.000000 0.000000 0.000000 0.000000 0.000000 0.000000 0.000000 0.000000 0.000000 0.000000 0.000000 0.000000 0.000000 0.000000 0.000000 0.000000 0.000000 0.000000 0.000000 0.000000 0.000000 0.000000 0.000000 0.000000 0.000000 
0.000000 0.000000 0.000000 0.000000 0.000000 0.000000 1.208641 1.286062 2.130987 2.179559 2.340422 0.000000 0.000000 0.000000 0.000000 0.000000 0.000000 0.000000 0.000000 0.000000 0.000000 0.000000 0.000000 0.000000 0.000000 1.152354 1.136661 1.018686 1.277556 0.000000 0.000000 0.000000 0.000000 0.000000 0.000000 0.000000 
0.000000 0.000000 0.000000 0.000000 0.000000 0.538499 0.813339 1.093079 1.420666 1.552335 0.000000 0.000000 0.000000 0.000000 0.000000 0.000000 0.000000 0.000000 0.000000 0.000000 0.000000 0.000000 0.000000 0.000000 1.165493 1.439657 1.915812 1.279548 1.401993 0.000000 0.000000 0.000000 0.000000 0.000000 0.000000 0.000000 
0.000000 0.000000 0.000000 0.564578 0.414131 0.380640 0.000000 0.000000 0.000000 0.000000 0.000000 0.000000 0.000000 0.000000 0.000000 0.000000 0.000000 0.000000 0.000000 0.000000 0.000000 0.000000 0.000000 0.000000 0.000000 1.098998 1.670296 1.856101 1.634712 0.000000 0.000000 0.000000 0.000000 0.000000 0.000000 0.000000 
0.000000 0.000000 0.000000 0.000000 0.000000 0.000000 0.000000 0.000000 0.000000 0.000000 0.000000 0.000000 0.000000 0.000000 0.000000 0.000000 0.000000 0.000000 0.000000 0.000000 0.000000 0.000000 0.000000 0.000000 0.000000 0.946398 1.668071 0.000000 1.193289 1.538990 0.000000 0.000000 0.000000 0.000000 0.000000 0.000000 
0.000000 0.000000 0.000000 0.000000 0.000000 0.000000 0.000000 0.000000 0.000000 0.000000 0.000000 0.000000 0.000000 0.000000 0.000000 0.000000 0.000000 0.000000 0.000000 0.000000 0.000000 0.000000 0.000000 0.000000 0.000000 1.298944 1.797641 1.113575 0.000000 1.308397 0.000000 0.000000 0.000000 0.000000 0.000000 0.000000 
0.000000 0.000000 0.000000 0.000000 0.000000 0.000000 0.000000 0.000000 0.000000 0.000000 0.000000 0.000000 0.000000 0.000000 0.000000 0.000000 0.000000 0.000000 0.000000 0.000000 0.000000 0.000000 0.000000 0.000000 0.000000 0.960136 0.709484 0.000000 0.000000 0.000000 0.000000 0.000000 0.000000 0.000000 0.000000 0.000000 

Y-10
0.000000 0.000000 0.000000 0.000000 0.000000 0.000000 0.000000 0.000000 0.000000 0.000000 0.000000 0.000000 0.000000 0.000000 0.000000 0.000000 0.000000 0.000000 0.000000 0.000000 0.000000 0.000000 0.000000 0.000000 0.000000 0.000000 0.000000 0.000000 0.000000 0.000000 0.000000 0.000000 0.000000 0.000000 0.000000 0.000000 
0.000000 0.000000 0.000000 0.000000 0.000000 0.000000 0.000000 0.000000 0.000000 0.000000 0.000000 0.000000 0.000000 0.000000 0.000000 0.000000 0.000000 0.000000 0.000000 0.000000 0.000000 0.000000 0.000000 0.000000 0.000000 0.000000 0.000000 0.000000 0.000000 0.000000 0.000000 0.000000 0.000000 0.000000 0.000000 0.000000 
0.000000 0.000000 0.000000 0.000000 0.000000 0.000000 0.000000 2.475756 2.475756 0.000000 2.680861 0.000000 2.227500 2.638275 0.000000 0.000000 3.070633 0.000000 0.000000 0.000000 0.000000 0.000000 2.382678 3.030372 1.982102 1.510829 0.000000 0.000000 0.000000 0.000000 0.000000 0.000000 0.000000 0.000000 0.000000 0.000000 
0.000000 0.000000 0.000000 0.000000 0.000000 0.000000 2.089222 1.936369 2.475756 0.000000 0.000000 2.712125 2.575075 0.000000 2.638275 0.000000 2.139138 0.000000 0.000000 3.914906 0.000000 3.774962 4.044204 2.535868 2.058002 1.936013 2.442625 0.000000 0.000000 0.000000 0.000000 0.000000 0.000000 0.000000 0.000000 0.000000 
0.000000 0.000000 0.000000 0.000000 0.000000 0.000000 0.000000 2.264699 2.304503 1.807346 1.807346 0.000000 0.000000 0.000000 0.000000 0.000000 0.000000 2.700701 0.000000 0.000000 4.553618 3.608403 4.367750 3.090700 2.274963 1.933859 2.643175 2.600227 0.838377 0.000000 0.000000 0.000000 0.000000 0.000000 0.000000 0.000000 
0.000000 0.000000 0.000000 0.000000 0.000000 0.000000 2.143125 2.145918 2.225916 2.575687 2.242853 1.807346 2.697171 0.000000 0.000000 0.000000 0.000000 2.067722 2.281161 3.196911 3.903659 3.803788 4.046745 3.469234 2.141999 1.829221 0.000000 2.496138 0.000000 0.000000 0.000000 0.000000 0.000000 0.000000 0.000000 0.000000 
0.000000 0.000000 0.000000 0.000000 0.000000 0.000000 2.339980 0.000000 0.000000 2.401155 2.663546 2.242853 2.697171 2.697171 0.000000 0.000000 0.000000 2.081654 1.389412 3.178909 2.822170 3.271022 2.697955 2.773702 0.000000 0.000000 0.000000 0.000000 0.000000 0.000000 0.000000 0.000000 0.000000 0.000000 0.000000 0.000000 
0.000000 0.000000 0.000000 0.000000 0.000000 0.000000 2.244357 2.339980 0.000000 0.000000 0.000000 2.869426 2.618210 2.697171 0.000000 0.000000 2.068719 2.041388 2.671252 3.169913 2.781497 3.469239 2.178923 1.679309 1.546914 2.281293 2.060977 0.000000 0.000000 0.000000 0.000000 0.000000 0.000000 0.000000 0.000000 0.000000 
0.000000 0.000000 0.000000 2.124610 2.220906 1.822949 2.071171 2.736804 0.000000 0.000000 0.000000 0.000000 2.912051 2.511605 2.139580 2.139580 0.000000 3.447133 3.056335 2.467743 1.918540 1.445208 2.427174 1.256819 1.386985 1.977596 2.514513 0.000000 0.000000 0.000000 1.279186 0.165533 0.000000 0.000000 0.000000 0.000000 
0.000000 0.000000 0.000000 2.054875 2.009390 2.184992 2.849405 2.277745 2.730724 2.891732 0.000000 2.958622 3.734177 2.912051 0.000000 0.000000 2.447559 3.447133 3.359009 2.532976 2.386867 2.529223 1.998496 1.404612 2.267101 1.982697 2.254911 2.150855 1.102453 0.000000 1.094073 0.761582 0.000000 0.000000 0.000000 0.000000 
0.000000 0.000000 0.000000 0.000000 1.931427 1.957219 3.022476 2.684361 2.209770 2.929022 3.217487 3.146335 2.879292 3.734177 0.000000 2.617251 2.447559 2.447559 3.486176 2.682222 2.536342 2.493070 2.042102 2.374210 4.071167 3.404087 2.535773 2.078597 0.887653 0.000000 0.955966 0.000000 0.000000 0.000000 0.000000 0.000000 
0.000000 0.000000 0.000000 1.801533 1.602118 1.488089 2.200314 2.083830 2.599636 2.434257 2.793366 3.424148 2.460683 2.134594 1.976019 2.414253 2.817088 2.676546 3.118150 2.955675 2.744234 2.657771 2.364096 2.424956 2.683875 3.547324 2.560108 1.937361 1.053158 0.000000 0.000000 0.000000 0.000000 0.000000 0.000000 0.000000 
0.000000 0.000000 0.000000 1.156418 1.481161 1.769033 1.467786 1.693255 2.268200 0.000000 2.519817 0.000000 0.000000 1.828686 0.000000 1.507647 2.562716 2.817088 2.608436 2.914983 2.823871 0.000000 2.182650 2.364308 2.576997 2.735586 2.739071 2.188383 1.371579 0.000000 0.000000 0.000000 0.000000 0.000000 0.000000 0.000000 
0.000000 0.000000 0.000000 0.000000 0.000000 0.000000 1.648618 1.736402 2.106178 1.973886 0.000000 0.000000 0.000000 2.637158 1.532876 1.604084 2.443657 0.000000 2.672270 2.298530 2.208786 2.064585 2.146458 2.244932 2.373360 2.914902 3.249048 2.843579 1.455664 0.812486 0.000000 0.000000 0.000000 0.000000 0.000000 0.000000 
0.000000 0.000000 0.000000 0.000000 0.000000 0.000000 1.467243 1.717787 0.000000 0.000000 0.000000 0.000000 0.000000 3.231999 2.454661 1.938535 1.733348 0.000000 2.035817 2.115758 2.089328 1.786742 2.308905 2.229128 2.327010 2.828655 3.661387 3.973225 2.500717 0.695514 0.000000 0.000000 0.000000 0.000000 0.000000 0.000000 
0.440896 0.672698 0.000000 0.000000 0.000000 0.000000 1.011156 0.000000 0.000000 1.671613 0.000000 0.000000 1.939421 2.410814 2.345784 2.485650 1.918270 1.823754 1.421075 0.000000 1.668360 1.676469 2.267300 2.666563 2.026596 2.023420 2.626386 0.000000 2.383150 0.000000 0.000000 0.000000 0.000000 0.000000 0.000000 0.000000 
0.000000 0.000000 0.000000 0.000000 0.000000 0.000000 0.000000 0.000000 0.000000 0.000000 1.491614 1.934969 1.677267 1.014950 1.642819 0.000000 0.000000 0.000000 0.000000 0.000000 1.390644 1.593957 2.226290 3.099032 2.174392 1.355230 1.912751 0.000000 0.000000 0.000000 0.000000 0.000000 0.000000 0.000000 0.000000 0.000000 
0.000000 0.000000 0.000000 0.000000 0.000000 0.000000 0.000000 0.000000 1.389899 1.480475 1.709707 2.029290 2.034928 1.303537 1.274455 1.300867 1.153820 0.000000 0.000000 0.000000 0.000000 1.219654 1.810849 0.000000 1.510472 1.161854 1.359224 0.000000 0.000000 0.000000 0.000000 0.000000 0.000000 0.000000 0.000000 0.000000 
0.000000 0.000000 0.000000 0.000000 0.000000 0.000000 0.000000 0.000000 1.297590 1.231117 0.000000 1.837074 2.575232 2.247685 1.465895 1.462027 1.241816 1.891348 0.000000 0.000000 0.000000 0.000000 0.867562 0.000000 0.836776 0.736302 0.868464 1.068268 0.000000 0.000000 0.000000 0.000000 0.000000 0.000000 0.000000 0.000000 
0.000000 0.000000 0.000000 0.000000 0.000000 0.000000 0.000000 1.926138 2.167017 0.000000 1.320064 1.635587 2.420663 2.836602 1.812138 1.598378 1.922895 2.303507 0.000000 0.000000 0.000000 0.000000 0.000000 0.000000 0.000000 0.000000 0.707178 0.998372 0.000000 0.000000 0.000000 0.000000 0.000000 0.000000 0.000000 0.000000 
0.000000 0.000000 0.000000 0.000000 0.000000 0.000000 0.000000 1.975815 2.523601 2.144332 1.267190 0.000000 0.000000 2.036643 2.226248 0.000000 0.000000 1.728244 0.000000 0.000000 0.000000 0.000000 0.000000 0.000000 0.000000 0.000000 0.000000 1.408688 1.535245 1.125422 0.000000 0.000000 0.000000 0.000000 0.000000 0.000000 
0.000000 0.000000 0.000000 0.000000 1.449783 1.002466 1.507399 2.153046 2.397561 2.471666 1.742340 0.000000 0.000000 0.000000 1.247070 0.000000 0.000000 0.000000 0.000000 0.000000 0.000000 0.000000 0.000000 0.000000 0.000000 1.282344 1.110237 1.199329 1.695363 1.176416 0.000000 0.000000 0.000000 0.000000 0.000000 0.000000 
0.000000 0.000000 0.000000 0.000000 1.169704 1.014371 1.774495 2.188110 2.807695 2.487537 2.571405 0.000000 0.000000 0.000000 0.000000 0.000000 0.000000 0.000000 0.000000 0.000000 0.000000 0.000000 0.000000 0.000000 1.459114 1.791276 1.339213 1.436075 1.472244 0.000000 0.000000 0.000000 0.000000 0.000000 0.000000 0.000000 
0.000000 0.000000 0.000000 0.000000 1.033807 1.236906 1.566534 1.947214 2.424750 2.619451 2.450248 0.000000 0.000000 0.000000 0.000000 0.000000 0.000000 0.000000 0.000000 0.000000 0.000000 0.000000 0.000000 0.000000 0.000000 1.740167 1.719668 1.451002 1.732723 2.015430 1.267249 0.924107 0.000000 0.000000 0.000000 0.000000 
0.000000 0.000000 0.000000 0.000000 0.855514 0.000000 1.373878 1.841370 2.023982 1.868830 0.000000 0.000000 0.000000 0.000000 0.000000 0.000000 0.000000 0.000000 0.000000 0.000000 0.000000 0.000000 0.000000 0.000000 0.000000 1.346373 2.115250 1.404911 1.781018 1.425834 0.000000 0.869350 0.000000 0.000000 0.000000 0.000000 
0.000000 0.000000 0.000000 0.000000 0.000000 0.000000 0.554362 0.000000 0.000000 0.000000 0.000000 0.000000 0.000000 0.000000 0.000000 0.000000 0.000000 0.000000 0.000000 0.000000 0.000000 0.000000 0.000000 0.000000 0.000000 1.579616 1.887644 1.187071 1.700778 1.308482 0.000000 0.000000 0.000000 0.000000 0.000000 0.000000 
0.000000 0.000000 0.000000 0.000000 0.000000 0.000000 0.000000 0.000000 0.000000 0.000000 0.000000 0.000000 0.000000 0.000000 0.000000 0.000000 0.000000 0.000000 0.000000 0.000000 0.000000 0.000000 0.000000 0.000000 0.000000 0.000000 0.000000 0.000000 0.000000 1.086260 0.000000 0.000000 0.000000 0.000000 0.000000 0.000000 
0.000000 0.000000 0.000000 0.000000 0.000000 0.000000 0.000000 0.000000 0.000000 0.000000 0.000000 0.000000 0.000000 0.000000 0.000000 0.000000 0.000000 0.000000 0.000000 0.000000 0.000000 0.000000 0.000000 0.000000 0.000000 0.000000 0.000000 0.000000 0.000000 0.000000 0.000000 0.000000 0.000000 0.000000 0.000000 0.000000 

Y-11
0.000000 0.000000 0.000000 0.000000 0.000000 0.000000 0.000000 0.000000 0.000000 0.000000 0.000000 0.000000 0.000000 0.000000 0.000000 0.000000 0.000000 0.000000 0.000000 0.000000 0.000000 0.000000 0.000000 0.000000 0.000000 0.000000 0.000000 0.000000 0.000000 0.000000 0.000000 0.000000 0.000000 0.000000 0.000000 0.000000 
0.000000 0.000000 0.000000 0.000000 0.000000 0.000000 0.000000 0.000000 0.000000 0.000000 0.000000 0.000000 0.000000 0.000000 0.000000 0.000000 0.000000 0.000000 0.000000 0.000000 0.000000 0.000000 0.000000 0.000000 0.000000 0.000000 0.000000 0.000000 0.000000 0.000000 0.000000 0.000000 0.000000 0.000000 0.000000 0.000000 
0.000000 0.000000 0.000000 0.000000 0.000000 0.000000 0.000000 2.111328 1.508797 1.343148 0.000000 0.000000 0.000000 0.000000 0.000000 0.000000 0.000000 0.000000 0.000000 0.000000 3.332540 0.000000 2.896161 2.126166 1.920853 2.182863 0.000000 0.000000 0.000000 0.000000 0.000000 0.000000 0.000000 0.000000 0.000000 0.000000 
0.000000 0.000000 0.000000 0.000000 0.000000 0.000000 0.000000 0.000000 0.000000 1.928835 0.000000 0.000000 2.594963 0.000000 0.000000 0.000000 0.000000 0.000000 0.000000 3.679927 3.365755 3.799581 3.443432 2.486920 2.184162 2.410784 2.586031 0.000000 0.000000 0.000000 0.000000 0.000000 0.000000 0.000000 0.000000 0.000000 
0.000000 0.000000 0.000000 0.000000 0.000000 0.000000 0.000000 0.000000 0.000000 2.171686 0.000000 0.000000 0.000000 0.000000 0.000000 0.000000 0.000000 2.143382 0.000000 3.146254 3.255489 2.552606 2.500313 2.522979 2.820957 1.921034 2.659712 2.214481 0.920729 0.000000 0.000000 0.000000 0.000000 0.000000 0.000000 0.000000 
0.000000 0.000000 0.000000 0.000000 0.000000 0.000000 0.000000 2.410521 2.410521 2.663546 2.618210 2.697171 2.697171 0.000000 0.000000 0.000000 0.000000 0.000000 2.993950 3.061706 3.469239 0.000000 0.000000 2.332882 2.882946 0.000000 1.797566 2.387825 1.760131 0.656547 0.000000 0.000000 0.000000 0.000000 0.000000 0.000000 
0.000000 0.000000 0.000000 0.000000 0.000000 0.000000 1.505386 0.000000 0.000000 0.000000 2.618210 2.428222 0.000000 0.000000 0.000000 0.000000 2.817472 2.510459 2.482039 2.420369 0.000000 0.000000 1.939826 2.332873 2.723058 2.598349 1.916713 2.010907 1.521583 1.086423 0.516848 0.000000 0.976168 1.775361 0.095921 0.000000 
0.000000 0.000000 0.000000 0.000000 0.000000 0.000000 0.000000 0.000000 0.000000 2.958622 0.000000 0.000000 2.345858 0.000000 0.000000 0.000000 0.000000 2.401969 2.379302 1.965129 0.000000 0.000000 0.000000 2.766740 2.143096 2.362994 2.286826 1.779450 1.476354 0.000000 1.119769 0.372989 1.134774 0.000000 0.093022 0.000000 
0.000000 0.000000 0.000000 0.000000 2.916682 1.951553 0.000000 1.905472 0.000000 2.879292 2.958622 3.734177 2.959482 2.065977 2.447559 2.447559 3.447133 2.890635 2.343167 2.350119 2.487668 2.713288 3.017226 3.165105 2.610244 2.234969 2.413490 1.554477 0.000000 0.907497 1.058965 0.837692 0.000000 1.263820 0.000000 0.000000 
0.000000 0.000000 0.000000 2.026289 2.649516 2.494947 2.121895 2.316982 0.000000 3.295308 3.146335 2.879292 0.000000 0.000000 0.000000 2.676546 2.447559 3.541844 2.730093 2.770628 2.600986 2.360624 2.875557 2.805715 0.000000 2.249161 1.879715 1.221142 0.000000 0.000000 0.000000 0.000000 0.000000 0.000000 0.308429 0.000000 
0.000000 0.000000 0.000000 1.725026 2.196168 1.932091 2.041653 2.445516 2.601150 2.871134 2.493590 2.511191 2.110605 0.000000 0.000000 2.716461 2.817088 3.541844 3.026819 2.807560 2.714453 2.359689 2.822160 2.476768 2.931170 2.788243 1.949994 1.453162 0.989198 0.000000 0.000000 0.000000 0.000000 0.000000 0.000000 0.000000 
0.000000 0.000000 1.245345 1.524815 1.967694 2.648865 2.341600 2.126484 2.981157 2.613959 2.432235 2.012455 1.894574 1.680935 2.746885 2.551394 2.716461 2.416521 2.632891 2.738372 2.389083 2.162187 2.355443 2.192262 2.505386 3.202951 2.574089 1.842491 0.953780 0.000000 0.000000 0.000000 0.000000 0.000000 0.000000 0.000000 
0.000000 0.000000 1.244932 0.000000 1.517688 2.855226 2.933163 3.007175 2.567647 2.679348 0.000000 0.000000 2.041040 1.687466 1.723128 1.753982 2.214156 2.464464 2.454398 2.390068 1.985321 0.000000 2.236721 2.424896 2.723248 2.969858 2.827014 2.329748 0.000000 0.000000 0.000000 0.000000 0.000000 0.000000 0.000000 0.000000 
0.000000 0.000000 0.000000 0.000000 0.000000 2.007435 2.798019 2.406950 2.401931 2.508580 0.000000 0.000000 2.701773 2.313741 1.708031 1.410875 1.669969 0.000000 2.153633 1.988971 1.772249 0.000000 2.276555 2.238599 2.542777 3.170545 3.620114 3.096665 0.800449 0.000000 0.000000 0.000000 0.000000 0.000000 0.000000 0.000000 
1.661841 2.557196 1.736855 1.017557 0.000000 0.000000 2.438668 2.718079 0.000000 0.000000 0.000000 0.000000 2.200211 2.559532 2.381423 1.773060 1.939942 0.000000 1.247609 0.000000 1.722077 2.301589 2.696186 2.015853 1.988918 2.380543 2.587153 2.663897 1.977889 0.000000 0.000000 0.000000 0.000000 0.000000 0.000000 0.000000 
0.947311 0.884470 0.934854 1.003365 0.000000 0.000000 1.791721 1.778305 0.000000 0.000000 0.000000 0.000000 1.188007 1.782038 2.188994 2.484117 2.436947 0.000000 0.000000 0.000000 1.604480 0.000000 3.198550 2.271723 1.462069 0.000000 1.629678 1.992038 1.504104 0.000000 1.536200 0.843104 0.961307 0.000000 0.000000 0.000000 
0.000000 0.000000 0.957752 1.126507 0.000000 0.000000 1.356631 0.000000 0.000000 0.000000 1.468613 1.232142 0.000000 0.000000 1.049130 1.339158 1.898829 0.000000 0.000000 0.000000 1.245704 2.140588 2.375038 1.436690 1.268900 0.000000 1.510007 1.786176 0.000000 0.000000 0.000000 0.000000 0.000000 0.000000 0.000000 0.000000 
0.000000 0.000000 0.000000 0.000000 0.000000 0.000000 0.000000 1.279014 1.283826 1.382988 2.279438 0.000000 1.308264 1.095198 0.000000 0.000000 0.000000 0.000000 0.000000 0.000000 0.000000 1.275443 1.457222 0.000000 0.000000 0.000000 0.000000 0.000000 0.000000 0.000000 0.000000 1.893692 0.861272 0.000000 0.000000 0.000000 
0.000000 0.000000 0.000000 0.000000 0.000000 0.000000 0.000000 0.000000 0.000000 0.000000 0.000000 2.192325 0.000000 0.000000 1.643090 2.288182 0.000000 0.000000 0.000000 0.000000 0.000000 0.000000 0.909365 0.000000 0.000000 0.000000 0.000000 0.000000 0.000000 0.832857 0.000000 0.000000 0.000000 0.000000 0.000000 0.000000 
0.000000 0.000000 0.000000 0.000000 0.000000 0.000000 0.000000 0.000000 1.077591 0.000000 0.000000 1.731438 0.000000 0.000000 1.334867 0.000000 0.000000 1.700054 0.000000 0.000000 0.000000 0.000000 0.000000 0.000000 0.000000 0.000000 0.000000 0.000000 0.000000 0.000000 1.403685 0.000000 0.000000 0.000000 0.000000 0.000000 
0.000000 0.000000 0.000000 0.000000 0.000000 0.000000 0.000000 2.382841 1.681207 0.656163 0.552790 0.000000 0.000000 0.000000 1.245522 0.000000 0.000000 0.712018 0.000000 0.000000 0.000000 0.000000 0.000000 0.000000 0.000000 0.984918 1.072179 1.939497 1.482792 0.000000 1.561671 1.735924 0.000000 0.000000 0.000000 0.000000 
0.000000 0.000000 0.000000 0.000000 2.429691 1.978434 2.617732 2.667762 2.506230 2.169341 1.279258 0.904695 0.000000 0.000000 0.000000 0.000000 0.000000 0.000000 0.000000 0.000000 0.000000 0.000000 0.000000 0.000000 0.000000 1.180758 0.000000 1.517921 1.412092 0.000000 1.226338 1.445238 0.000000 0.000000 0.000000 0.000000 
0.000000 0.000000 0.000000 0.000000 2.308349 1.858068 2.020344 2.278045 2.751024 2.181422 1.322823 0.000000 0.000000 0.000000 0.000000 0.000000 0.000000 0.000000 0.000000 0.000000 0.000000 0.000000 0.000000 0.000000 1.914448 1.789634 1.477047 1.445231 1.428097 0.000000 0.000000 0.000000 0.000000 0.000000 0.000000 0.000000 
0.000000 0.000000 0.000000 1.073670 1.334549 1.905211 2.545820 2.576408 3.249787 3.194111 2.583120 0.000000 0.000000 0.000000 0.000000 0.000000 0.000000 0.000000 0.000000 0.000000 0.000000 0.000000 0.000000 0.000000 1.368320 1.799583 1.540306 1.879146 1.920759 1.566049 1.139677 0.559578 0.000000 0.000000 0.000000 0.000000 
0.000000 0.000000 0.000000 0.622386 1.203820 1.956418 2.482819 0.000000 2.313499 2.268472 1.513132 0.793619 0.000000 0.000000 0.000000 0.000000 0.000000 0.000000 0.000000 0.000000 0.000000 0.000000 0.000000 0.000000 0.000000 2.305339 1.788392 1.554409 1.457806 1.155612 0.969774 0.692823 0.000000 0.000000 0.000000 0.000000 
0.000000 0.000000 0.000000 0.310666 0.000000 1.096975 1.945485 0.000000 0.000000 0.000000 0.000000 0.000000 0.000000 0.000000 0.000000 0.000000 0.000000 0.000000 0.000000 0.000000 0.000000 0.000000 0.000000 0.000000 0.000000 0.000000 0.926568 1.145871 1.590263 0.000000 0.000000 0.000000 0.000000 0.000000 0.000000 0.000000 
0.000000 0.000000 0.000000 0.000000 0.000000 0.000000 0.000000 0.000000 0.000000 0.000000 0.000000 0.000000 0.000000 0.000000 0.000000 0.000000 0.000000 0.000000 0.000000 0.000000 0.000000 0.000000 0.000000 0.000000 0.000000 0.000000 0.000000 0.000000 0.000000 0.000000 0.000000 0.000000 0.000000 0.000000 0.000000 0.000000 
0.000000 0.000000 0.000000 0.000000 0.000000 0.000000 0.000000 0.000000 0.000000 0.000000 0.000000 0.000000 0.000000 0.000000 0.000000 0.000000 0.000000 0.000000 0.000000 0.000000 0.000000 0.000000 0.000000 0.000000 0.000000 0.000000 0.000000 0.000000 0.000000 0.000000 0.000000 0.000000 0.000000 0.000000 0.000000 0.000000 

Y-12
0.000000 0.000000 0.000000 0.000000 0.000000 0.000000 0.000000 0.000000 0.000000 0.000000 0.000000 0.000000 0.000000 0.000000 0.000000 0.000000 0.000000 0.000000 0.000000 0.000000 0.000000 0.000000 0.000000 0.000000 0.000000 0.000000 0.000000 0.000000 0.000000 0.000000 0.000000 0.000000 0.000000 0.000000 0.000000 0.000000 
0.000000 0.000000 0.000000 0.000000 0.000000 0.000000 0.000000 0.000000 0.000000 0.000000 0.000000 0.000000 0.000000 0.000000 0.000000 0.000000 0.000000 0.000000 0.000000 0.000000 0.000000 0.000000 0.000000 0.000000 0.000000 0.000000 0.000000 0.000000 0.000000 0.000000 0.000000 0.000000 0.000000 0.000000 0.000000 0.000000 
0.000000 0.000000 0.000000 0.000000 0.000000 0.000000 0.000000 1.830883 1.786863 1.853628 0.000000 0.000000 0.000000 0.000000 0.000000 0.000000 0.000000 0.000000 0.000000 3.146426 2.191352 2.431816 2.190708 0.000000 0.000000 0.000000 0.000000 0.000000 0.000000 0.000000 0.000000 0.000000 0.000000 0.000000 0.000000 0.000000 
0.000000 0.000000 0.000000 0.000000 0.000000 0.000000 0.000000 1.910008 1.910008 0.000000 1.240343 1.175419 0.000000 0.000000 0.000000 0.000000 0.000000 0.000000 2.482133 3.324765 2.322327 1.836294 2.345801 2.803903 2.874314 0.000000 0.000000 0.000000 0.000000 0.000000 0.000000 0.000000 0.000000 0.000000 0.000000 0.000000 
0.000000 0.000000 0.000000 0.000000 0.000000 0.000000 0.000000 2.071228 0.000000 0.000000 1.926159 0.000000 0.000000 0.000000 0.000000 0.000000 0.000000 0.000000 2.424615 2.135316 2.805218 2.522279 2.437337 2.758553 3.302404 1.730028 1.959538 1.765052 1.051365 0.000000 0.000000 0.000000 0.000000 0.000000 0.000000 0.000000 
0.000000 0.000000 0.000000 0.000000 0.000000 0.000000 0.000000 0.000000 2.230344 2.251920 2.243202 0.000000 0.000000 0.000000 0.000000 0.000000 3.038351 2.286813 0.000000 2.229271 2.698790 2.958369 2.885542 2.151821 2.997745 2.705821 1.772795 1.734062 1.216799 1.218959 0.000000 0.000000 0.000000 0.000000 0.000000 0.000000 
0.000000 0.000000 0.000000 0.000000 0.000000 0.000000 1.754618 1.799362 0.000000 2.626517 0.000000 2.065977 0.000000 2.447559 0.000000 0.000000 0.000000 2.262551 2.416456 2.534533 0.000000 0.000000 3.303148 2.877027 3.026642 2.646279 1.814259 1.789247 1.384060 1.151797 1.187858 0.000000 1.454081 1.733261 0.350616 0.000000 
0.000000 0.000000 0.000000 0.000000 0.000000 0.000000 2.367190 2.188014 2.879292 2.958622 0.000000 2.678800 2.678800 2.447559 2.447559 0.000000 2.814603 2.665012 2.549837 2.386327 2.812884 3.106343 3.791175 3.004020 0.000000 2.485673 1.518512 1.861782 2.044299 1.474129 1.476437 0.734639 1.656462 0.000000 0.000000 0.000000 
0.000000 0.000000 0.000000 0.000000 2.496143 0.000000 2.100026 0.992845 2.219468 2.471955 0.000000 0.000000 2.678800 0.000000 0.000000 2.538880 0.000000 2.730093 2.659278 2.581882 2.308248 3.185921 2.896864 3.517116 0.000000 2.065821 1.462755 1.386706 2.208629 2.075438 1.425654 1.782981 1.513081 1.302764 0.000000 0.000000 
0.000000 0.000000 0.000000 0.000000 2.163814 2.563482 2.453504 1.625519 1.750958 0.000000 2.302620 2.110605 0.000000 3.117458 2.682278 2.817088 0.000000 0.000000 2.625969 2.629739 2.533208 2.923680 2.604829 2.538866 0.000000 2.290800 0.000000 1.251216 0.000000 2.016524 1.477419 0.000000 0.000000 1.188844 0.286885 0.000000 
0.000000 0.000000 0.000000 2.182543 2.231064 2.456171 2.476342 2.258408 2.738463 2.418437 2.036135 1.975011 1.660940 3.117458 3.117458 3.150340 0.000000 2.655220 2.938697 2.488348 2.368416 0.000000 0.000000 2.750972 1.980195 2.522332 0.000000 1.160602 1.267961 0.000000 0.000000 0.000000 0.000000 0.000000 0.000000 0.000000 
0.000000 0.000000 1.914752 2.591484 2.559866 2.918252 3.035156 2.490111 2.106786 2.914379 2.543363 0.000000 1.637416 1.821321 2.806982 2.400260 2.563652 2.454398 2.320341 1.932112 2.308042 0.000000 0.000000 2.640248 2.890238 3.478706 2.866895 1.042337 0.000000 0.000000 0.000000 0.000000 0.000000 0.000000 0.000000 0.000000 
0.000000 0.000000 1.753126 2.325698 2.577672 2.471292 3.019783 3.058059 2.750780 2.704196 2.526298 0.000000 0.000000 1.479137 1.669664 1.549021 1.847850 2.064608 1.732837 1.822624 2.358581 0.000000 1.978160 2.419232 2.643148 3.139941 3.080469 2.129579 1.080559 0.000000 0.000000 0.000000 0.000000 0.000000 0.000000 0.000000 
0.000000 0.000000 1.163729 1.577673 2.314778 2.359357 2.340042 3.074207 2.421120 1.945096 2.217962 0.000000 2.167796 1.884887 1.778184 1.873136 1.308158 0.000000 1.671554 0.000000 0.000000 2.923066 1.968772 1.748245 2.291537 2.403123 2.230204 1.958640 1.472025 0.000000 0.000000 0.000000 0.000000 0.000000 0.000000 0.000000 
1.063995 1.370810 1.496441 1.444354 1.617739 0.000000 2.067441 1.989693 0.000000 0.000000 0.000000 0.000000 1.514520 2.311845 2.768610 2.939244 2.474087 0.000000 0.000000 0.000000 0.000000 0.000000 2.266065 1.553673 2.102254 2.058032 2.300294 1.775051 0.000000 1.960681 0.000000 0.000000 0.000000 0.000000 0.000000 0.000000 
0.000000 0.000000 1.150691 0.000000 1.398540 0.000000 1.886860 0.000000 0.000000 0.000000 0.000000 0.000000 0.000000 1.063987 1.828747 2.220661 2.438911 0.000000 0.000000 0.000000 0.000000 0.000000 1.560616 1.410311 0.000000 0.000000 1.918496 1.791484 0.000000 0.000000 1.746650 1.188768 0.000000 0.000000 0.000000 0.000000 
0.000000 2.831333 2.325441 0.000000 1.171217 0.000000 0.000000 0.000000 0.000000 0.000000 0.000000 0.000000 0.000000 0.000000 1.528987 1.315687 1.418768 0.000000 0.000000 0.000000 0.000000 1.678620 1.128786 1.050462 0.780455 0.000000 0.000000 0.000000 0.000000 0.000000 1.646695 0.000000 0.000000 0.000000 0.000000 0.000000 
0.000000 2.056995 2.342827 0.000000 0.000000 0.000000 0.000000 0.000000 0.000000 0.000000 0.000000 1.031301 1.176701 1.278358 0.000000 0.000000 0.000000 0.000000 0.000000 0.000000 0.000000 1.048158 0.000000 0.000000 0.745638 0.000000 0.000000 0.000000 0.000000 0.860153 1.589685 1.990727 0.886145 0.000000 0.000000 0.000000 
0.000000 0.000000 0.000000 0.000000 0.000000 0.000000 0.000000 0.000000 0.000000 0.000000 0.000000 1.812518 1.142138 0.000000 0.000000 0.000000 0.000000 0.000000 0.000000 0.000000 0.000000 0.000000 0.000000 0.000000 0.000000 0.000000 1.701038 1.318127 1.562755 1.591505 1.495191 1.780013 0.868432 0.000000 0.000000 0.000000 
0.000000 0.000000 0.000000 0.000000 0.000000 2.209594 1.501899 0.000000 0.000000 0.000000 0.000000 0.000000 0.000000 0.000000 0.000000 0.000000 0.000000 0.000000 0.000000 0.000000 0.000000 0.000000 0.000000 0.000000 0.000000 0.000000 0.000000 0.000000 1.448163 1.556426 1.696985 1.655175 0.000000 0.000000 0.000000 0.000000 
0.000000 0.000000 0.000000 0.000000 0.000000 0.000000 2.704461 2.283655 1.061758 0.000000 0.677669 0.000000 0.000000 0.000000 0.000000 0.000000 0.000000 0.000000 0.000000 0.000000 0.000000 0.000000 0.000000 0.000000 0.000000 1.177176 1.490667 1.568220 1.493862 1.578629 1.527582 1.694137 0.000000 0.000000 0.000000 0.000000 
0.000000 0.000000 0.000000 0.000000 2.540661 2.465963 2.201080 1.909908 1.439704 1.226930 1.121189 1.203447 0.000000 0.000000 0.000000 0.000000 0.000000 0.000000 0.000000 0.000000 0.000000 0.000000 0.000000 0.000000 0.000000 1.091288 1.321278 1.587225 1.660323 0.000000 0.000000 0.000000 0.000000 0.000000 0.000000 0.000000 
0.000000 0.000000 0.000000 0.000000 2.972472 3.860949 3.207056 2.794038 0.000000 2.370639 0.000000 0.000000 0.000000 0.000000 0.000000 0.000000 0.000000 0.000000 0.000000 0.000000 0.000000 0.000000 0.000000 0.000000 1.916375 1.564499 1.597334 1.799677 1.537942 0.955695 0.000000 0.000000 0.000000 0.000000 0.000000 0.000000 
0.000000 0.000000 0.000000 2.386473 2.497301 2.711633 2.706256 2.812843 2.911863 0.000000 0.000000 0.000000 0.000000 0.000000 0.000000 0.000000 0.000000 0.000000 0.000000 0.000000 0.000000 0.000000 0.000000 0.000000 2.692758 1.934800 1.484806 1.792377 1.275769 1.079365 0.000000 0.000000 0.000000 0.000000 0.000000 0.000000 
0.000000 0.000000 0.000000 1.264842 1.993820 2.307795 2.287709 2.272085 2.455112 0.000000 0.000000 0.000000 0.000000 0.000000 0.000000 0.000000 0.000000 0.000000 0.000000 0.000000 0.000000 0.000000 0.000000 0.000000 0.000000 1.616379 1.027361 1.989800 0.000000 0.000000 0.000000 0.000000 0.000000 0.000000 0.000000 0.000000 
0.000000 0.000000 0.000000 1.216212 0.000000 0.000000 2.416908 2.138696 1.778906 0.000000 0.000000 0.000000 0.000000 0.000000 0.000000 0.000000 0.000000 0.000000 0.000000 0.000000 0.000000 0.000000 0.000000 0.000000 0.000000 0.000000 0.000000 1.367387 1.192448 0.000000 0.000000 0.000000 0.000000 0.000000 0.000000 0.000000 
0.000000 0.000000 0.000000 0.000000 0.000000 0.000000 0.043513 0.834315 0.000000 0.000000 0.000000 0.000000 0.000000 0.000000 0.000000 0.000000 0.000000 0.000000 0.000000 0.000000 0.000000 0.000000 0.000000 0.000000 0.000000 0.000000 0.000000 0.000000 1.005030 0.000000 0.000000 0.000000 0.000000 0.000000 0.000000 0.000000 
0.000000 0.000000 0.000000 0.000000 0.000000 0.000000 0.000000 0.000000 0.000000 0.000000 0.000000 0.000000 0.000000 0.000000 0.000000 0.000000 0.000000 0.000000 0.000000 0.000000 0.000000 0.000000 0.000000 0.000000 0.000000 0.000000 0.000000 0.000000 0.000000 0.000000 0.000000 0.000000 0.000000 0.000000 0.000000 0.000000 

Y-13
0.000000 0.000000 0.000000 0.000000 0.000000 0.000000 0.000000 0.000000 0.000000 0.000000 0.000000 0.000000 0.000000 0.000000 0.000000 0.000000 0.000000 0.000000 0.000000 0.000000 0.000000 0.000000 0.000000 0.000000 0.000000 0.000000 0.000000 0.000000 0.000000 0.000000 0.000000 0.000000 0.000000 0.000000 0.000000 0.000000 
0.000000 0.000000 0.000000 0.000000 0.000000 0.000000 0.000000 0.000000 0.000000 0.000000 0.000000 0.000000 0.000000 0.000000 0.000000 0.000000 0.000000 0.000000 0.000000 0.000000 0.000000 2.345105 0.000000 0.000000 0.000000 0.000000 0.000000 0.000000 0.000000 0.000000 0.000000 0.000000 0.000000 0.000000 0.000000 0.000000 
0.000000 0.000000 0.000000 0.000000 0.000000 0.000000 0.000000 0.000000 0.000000 0.000000 0.000000 0.000000 0.000000 0.000000 0.000000 0.000000 0.000000 0.000000 0.000000 2.231565 1.809970 2.412057 2.612303 3.018064 1.728888 0.000000 0.000000 0.000000 0.000000 0.000000 0.000000 0.000000 0.000000 0.000000 0.000000 0.000000 
0.000000 0.000000 0.000000 0.000000 0.000000 0.000000 0.000000 1.956225 1.811085 0.000000 0.000000 0.000000 0.000000 0.000000 0.000000 0.000000 0.000000 0.000000 1.765735 1.957839 2.251827 1.439082 2.082691 0.000000 2.406440 1.681819 0.000000 0.000000 0.000000 0.000000 0.000000 0.000000 0.000000 0.000000 0.000000 0.000000 
0.000000 0.000000 0.000000 0.000000 0.000000 0.000000 0.000000 0.000000 0.000000 0.000000 1.557953 1.183461 0.000000 0.000000 0.000000 0.000000 0.000000 0.000000 2.561481 1.968183 2.655715 2.816014 2.466082 3.011689 2.752478 2.084609 1.667213 1.557482 0.000000 0.000000 0.000000 0.000000 0.000000 0.000000 0.000000 0.000000 
0.000000 0.000000 0.000000 0.000000 0.000000 0.000000 0.000000 0.000000 2.071228 0.000000 1.929814 1.926159 0.000000 0.000000 0.000000 0.000000 2.258200 0.000000 0.000000 2.495464 2.606308 3.233031 2.924631 2.432173 2.846531 2.820447 1.682619 1.671135 1.277288 0.000000 0.000000 0.000000 0.000000 0.000000 0.000000 0.000000 
0.000000 0.000000 0.000000 0.000000 0.000000 0.000000 0.000000 2.394771 0.000000 2.375675 2.153979 1.923088 0.000000 0.000000 0.000000 0.000000 2.598271 0.000000 0.000000 2.428910 2.871977 3.110833 3.669908 2.857886 0.000000 2.307333 1.607057 2.108045 2.228795 0.000000 0.902909 1.695221 1.490599 0.565898 0.000000 0.000000 
0.000000 0.000000 0.000000 0.000000 0.000000 0.000000 1.772349 2.240675 1.880930 2.826513 2.626517 0.000000 0.000000 0.000000 0.000000 0.000000 2.730093 2.674318 2.583635 2.475676 2.906398 2.778140 0.000000 3.134146 0.000000 2.078034 0.000000 1.728155 2.464254 1.966200 1.256398 2.128465 0.000000 0.000000 0.000000 0.000000 
0.000000 0.000000 0.000000 0.000000 2.805215 2.599415 2.175519 2.079679 1.869319 2.110605 0.000000 0.000000 0.000000 2.921913 2.981279 2.784095 2.757570 2.613981 2.466343 2.662043 2.662809 2.494928 0.000000 0.000000 0.000000 0.000000 0.000000 1.251165 2.722797 1.652571 2.154189 3.083879 1.647589 1.359984 0.000000 0.000000 
0.000000 0.000000 0.000000 2.833438 2.812808 2.473791 2.751276 2.431758 0.000000 1.406561 2.505408 0.000000 2.793295 2.601820 2.605864 2.586577 2.590958 2.477584 2.266592 2.331628 0.000000 2.456168 0.000000 0.000000 3.327206 2.135324 0.000000 1.358505 0.000000 1.320599 1.599115 2.632640 2.037890 0.632872 0.000000 0.000000 
0.000000 0.000000 0.000000 2.360089 2.343184 2.301820 2.348363 2.467535 2.553136 2.120307 2.332807 0.000000 2.017843 1.900108 2.388443 2.647858 2.417541 2.238304 2.003316 2.333526 0.000000 0.000000 0.000000 0.000000 3.376211 2.685081 0.000000 0.000000 1.357164 1.220250 0.000000 0.000000 0.000000 0.000000 0.000000 0.000000 
0.000000 0.000000 3.004898 2.736614 2.823564 0.000000 2.079090 2.312162 2.168851 2.316765 0.000000 0.000000 0.000000 1.564207 1.504076 1.402694 1.952959 1.788423 0.000000 0.000000 0.000000 0.000000 0.000000 0.000000 0.000000 2.687987 0.000000 0.000000 0.000000 0.000000 0.000000 0.000000 0.000000 0.000000 0.000000 0.000000 
0.000000 0.000000 0.000000 2.136287 2.040477 2.587694 2.753658 2.716369 2.402635 2.096598 0.000000 0.000000 1.992248 1.994099 2.899068 1.331052 1.398121 1.645954 0.000000 0.000000 0.000000 0.000000 1.672405 2.302935 1.831238 2.209981 2.262829 0.000000 0.000000 0.000000 0.000000 0.000000 0.000000 0.000000 0.000000 0.000000 
0.000000 1.759229 1.555911 2.364433 2.166666 1.959159 1.774909 2.144103 2.716617 2.250879 1.762971 0.000000 2.232700 2.162247 2.963051 2.913481 1.304558 0.000000 0.000000 0.000000 0.000000 0.000000 1.640937 1.724636 2.223529 1.984059 1.900976 1.645788 1.924428 0.000000 0.000000 0.000000 0.000000 0.000000 0.000000 0.000000 
1.235372 1.611120 1.836474 1.819003 2.055868 1.945289 2.233106 2.069595 1.977826 0.000000 1.342074 0.000000 1.741473 1.960518 2.030623 2.456062 1.923446 0.000000 0.000000 0.000000 0.000000 0.000000 0.000000 0.000000 2.350047 2.243578 1.885430 1.174099 1.775973 1.763939 0.000000 0.000000 0.000000 0.000000 0.000000 0.000000 
0.000000 1.198253 1.628969 1.635573 1.845544 1.514869 1.446554 1.748408 1.619856 1.454836 0.000000 0.000000 1.317497 0.000000 1.416217 1.974948 2.031687 0.000000 0.000000 0.000000 0.000000 0.000000 0.000000 1.023105 0.000000 0.000000 1.746244 1.384873 0.000000 0.000000 1.737375 0.980033 0.000000 0.000000 0.000000 0.000000 
1.838009 2.575009 3.300787 2.215704 1.430591 1.612662 0.000000 1.881013 0.000000 0.000000 0.000000 0.000000 0.000000 0.000000 1.306784 0.000000 0.000000 0.000000 0.000000 0.000000 0.000000 0.000000 0.000000 0.000000 0.000000 0.000000 1.994776 1.581998 0.000000 0.000000 1.973951 1.378151 0.000000 0.000000 0.000000 0.000000 
2.173366 0.000000 0.000000 0.000000 0.000000 0.000000 0.000000 0.000000 0.000000 0.000000 0.000000 0.000000 0.000000 0.000000 0.000000 0.000000 0.000000 0.000000 0.000000 0.000000 0.000000 0.000000 0.000000 0.000000 0.000000 0.000000 1.698010 1.667785 1.439831 1.443431 1.673557 1.340878 0.729838 0.000000 0.000000 0.000000 
0.000000 0.000000 0.000000 2.404644 0.000000 0.000000 0.000000 0.000000 0.000000 0.000000 0.000000 0.000000 0.000000 0.000000 0.000000 0.000000 0.000000 0.000000 0.000000 0.000000 0.000000 0.000000 0.000000 0.000000 0.000000 0.000000 2.123485 1.572989 1.712736 1.841797 1.841318 1.197969 0.893661 0.000000 0.000000 0.000000 
0.000000 0.000000 2.140075 0.000000 2.554697 1.941183 1.001904 0.000000 0.000000 0.000000 0.000000 0.000000 0.000000 0.000000 0.000000 0.000000 0.000000 0.000000 0.000000 0.000000 0.000000 0.000000 0.000000 0.000000 0.000000 0.000000 0.000000 1.413049 1.681572 1.520259 1.605572 1.624922 0.000000 0.000000 0.000000 0.000000 
0.000000 0.000000 0.000000 2.158952 2.175113 2.752970 2.229079 1.698691 1.143329 0.847893 1.064398 1.343893 0.000000 0.000000 0.000000 0.000000 0.000000 0.000000 0.000000 0.000000 0.000000 0.000000 0.000000 0.000000 0.000000 1.285089 1.422486 1.549465 1.874686 1.845524 1.371053 0.000000 0.000000 0.000000 0.000000 0.000000 
0.000000 0.000000 0.000000 0.000000 0.000000 2.682303 3.722932 3.238550 2.340530 2.297795 0.000000 0.000000 0.000000 0.000000 0.000000 0.000000 0.000000 0.000000 0.000000 0.000000 0.000000 0.000000 0.000000 0.000000 0.000000 0.000000 1.512452 1.793586 1.573466 0.000000 0.000000 0.000000 0.000000 0.000000 0.000000 0.000000 
0.000000 0.000000 0.000000 2.954900 3.249978 3.440331 3.617557 4.338441 3.437682 1.874540 0.000000 0.000000 0.000000 0.000000 0.000000 0.000000 0.000000 0.000000 0.000000 0.000000 0.000000 0.000000 0.000000 0.000000 0.000000 0.000000 1.688054 1.638904 1.535788 1.004946 0.000000 0.000000 0.000000 0.000000 0.000000 0.000000 
0.000000 0.000000 0.000000 0.000000 2.636293 2.859027 2.822706 3.201329 2.755552 2.039241 0.000000 0.000000 0.000000 0.000000 0.000000 0.000000 0.000000 0.000000 0.000000 0.000000 0.000000 0.000000 0.000000 0.000000 0.000000 1.122645 1.838994 1.397374 1.250240 1.079066 0.900271 0.000000 0.000000 0.000000 0.000000 0.000000 
0.000000 0.000000 0.000000 2.462066 2.149210 2.446987 2.361547 2.319218 2.937751 3.172145 0.000000 0.000000 0.000000 0.000000 0.000000 0.000000 0.000000 0.000000 0.000000 0.000000 0.000000 0.000000 0.000000 0.000000 0.000000 0.834554 1.510515 1.555749 0.942702 1.083738 0.000000 0.000000 0.000000 0.000000 0.000000 0.000000 
0.000000 0.000000 0.000000 0.000000 0.000000 1.821068 0.000000 1.700136 1.524435 1.236395 0.000000 0.000000 0.000000 0.000000 0.000000 0.000000 0.000000 0.000000 0.000000 0.000000 0.000000 0.000000 0.000000 0.000000 0.000000 0.103985 0.589303 1.341995 1.091524 0.000000 0.000000 0.000000 0.000000 0.000000 0.000000 0.000000 
0.000000 0.000000 0.000000 0.000000 0.000000 0.292233 0.000000 0.000000 0.000000 0.000000 0.000000 0.000000 0.000000 0.000000 0.000000 0.000000 0.000000 0.000000 0.000000 0.000000 0.000000 0.000000 0.000000 0.000000 0.000000 0.000000 0.239171 1.451464 0.643017 0.241868 0.000000 0.000000 0.000000 0.000000 0.000000 0.000000 
0.000000 0.000000 0.000000 0.000000 0.000000 0.000000 0.000000 0.000000 0.000000 0.000000 0.000000 0.000000 0.000000 0.000000 0.000000 0.000000 0.000000 0.000000 0.000000 0.000000 0.000000 0.000000 0.000000 0.000000 0.000000 0.000000 0.000000 0.000000 0.000000 0.000000 0.000000 0.000000 0.000000 0.000000 0.000000 0.000000 

Y-14
0.000000 0.000000 0.000000 0.000000 0.000000 0.000000 0.000000 0.000000 0.000000 0.000000 0.000000 0.000000 0.000000 0.000000 0.000000 0.000000 0.000000 0.000000 0.000000 0.000000 0.000000 0.000000 0.000000 0.000000 0.000000 0.000000 0.000000 0.000000 0.000000 0.000000 0.000000 0.000000 0.000000 0.000000 0.000000 0.000000 
0.000000 0.000000 0.000000 0.000000 0.000000 0.000000 0.000000 0.000000 0.000000 0.000000 0.000000 0.000000 0.000000 0.000000 0.000000 0.000000 0.000000 0.000000 0.000000 0.000000 0.000000 0.000000 0.000000 0.000000 0.000000 0.000000 0.000000 0.000000 0.000000 0.000000 0.000000 0.000000 0.000000 0.000000 0.000000 0.000000 
0.000000 0.000000 0.000000 0.000000 0.000000 0.000000 0.000000 0.000000 0.000000 0.000000 0.000000 0.000000 0.000000 0.000000 0.000000 0.000000 0.000000 0.000000 2.151172 1.984216 2.758815 2.599496 2.992108 3.009717 2.233885 0.000000 0.000000 0.000000 0.000000 0.000000 0.000000 0.000000 0.000000 0.000000 0.000000 0.000000 
0.000000 0.000000 0.000000 0.000000 0.000000 0.000000 0.000000 0.000000 0.000000 0.000000 0.000000 0.000000 0.000000 0.000000 0.000000 0.000000 0.000000 0.000000 0.000000 2.046090 2.237724 2.654444 2.520386 0.000000 2.716028 1.556574 1.636190 0.000000 0.000000 0.000000 0.000000 0.000000 0.000000 0.000000 0.000000 0.000000 
0.000000 0.000000 0.000000 0.000000 0.000000 0.000000 0.000000 0.000000 0.000000 0.000000 0.000000 0.000000 0.000000 0.000000 0.000000 0.000000 0.000000 0.000000 2.327514 2.232958 2.537839 2.888735 2.119541 2.385573 2.367609 1.795672 1.761505 0.000000 0.000000 0.000000 0.000000 0.000000 0.000000 0.000000 0.000000 0.000000 
0.000000 0.000000 0.000000 0.000000 0.000000 0.000000 0.000000 0.000000 0.000000 0.000000 0.000000 1.628763 0.000000 0.000000 0.000000 0.000000 0.000000 2.643895 0.000000 0.000000 2.351737 0.000000 0.000000 2.217923 2.208490 1.912633 1.786609 2.240414 0.000000 0.000000 0.000000 0.000000 0.000000 0.000000 0.000000 0.000000 
0.000000 0.000000 0.000000 0.000000 0.000000 0.000000 0.000000 2.019387 0.000000 2.039415 1.993902 1.893592 2.225356 0.000000 0.000000 2.696942 0.000000 2.863230 0.000000 2.527338 0.000000 2.330709 3.128983 2.533714 2.231711 2.227371 1.425353 2.495662 2.257251 0.000000 0.952553 2.612147 1.714228 0.000000 0.000000 0.000000 
0.000000 0.000000 0.000000 0.000000 0.000000 0.000000 1.973360 2.072534 1.947692 1.799362 2.381303 2.435722 0.000000 2.556137 2.488485 0.000000 2.534910 2.372841 2.502957 2.536858 2.405156 2.774879 3.408128 2.350136 2.169263 2.204307 1.658061 2.351911 2.258299 0.000000 1.812024 0.000000 0.000000 0.000000 0.000000 0.000000 
0.000000 0.000000 0.000000 0.000000 0.000000 0.000000 2.603363 0.000000 2.016878 2.008992 2.387708 2.626517 2.243852 0.000000 2.645767 2.599002 2.413624 1.945795 2.357998 2.606798 2.582416 0.000000 0.000000 0.000000 2.727380 2.016483 1.576516 1.820628 2.082227 1.361153 2.212142 2.480100 1.208165 0.000000 0.000000 0.000000 
0.000000 0.000000 0.000000 3.065273 2.610001 2.570643 3.235691 0.000000 2.305084 2.040084 2.095782 2.387708 1.900108 2.491788 2.928581 2.500347 2.178207 1.976654 0.000000 2.372508 2.463790 2.327820 2.354882 0.000000 0.000000 0.000000 0.000000 0.000000 1.944590 1.647490 0.000000 0.000000 0.652476 0.000000 0.000000 0.000000 
0.000000 0.000000 0.000000 2.528153 0.000000 2.610473 2.385950 0.000000 2.224703 1.725479 1.549089 0.000000 2.054869 1.884517 1.554427 2.016459 2.006676 1.949126 2.263975 2.542628 1.990003 2.073879 2.160753 0.000000 0.000000 0.000000 0.000000 1.430418 1.877661 1.401153 0.000000 0.000000 0.000000 0.000000 0.000000 0.000000 
0.000000 0.000000 2.210832 2.487482 1.958575 2.239444 2.088740 2.014334 2.137391 1.982289 1.851930 1.659604 0.000000 3.227999 0.000000 1.237566 0.000000 0.000000 0.000000 0.000000 0.000000 1.787183 1.792561 0.000000 0.000000 0.000000 0.000000 1.545122 0.000000 1.121439 0.000000 0.000000 0.000000 0.000000 0.000000 0.000000 
0.000000 0.000000 2.324194 2.539313 2.389488 2.017028 2.293842 2.140025 2.238002 2.209073 1.799557 1.952192 2.316442 4.118668 3.080991 1.296815 1.289921 1.600598 0.000000 0.000000 0.000000 0.000000 0.000000 0.000000 0.000000 0.000000 0.000000 0.000000 0.000000 0.000000 0.000000 0.000000 0.000000 0.000000 0.000000 0.000000 
1.900194 1.881826 2.130519 0.000000 2.342736 2.096030 1.960534 2.108880 2.415522 0.000000 0.000000 0.000000 0.000000 1.851023 2.098645 1.765222 1.177361 0.000000 0.000000 0.000000 0.000000 0.000000 0.000000 1.948807 2.045525 2.070295 0.000000 0.000000 0.000000 0.000000 0.000000 0.000000 0.000000 0.000000 0.000000 0.000000 
1.265378 1.905231 1.844379 2.031182 1.917585 1.748802 1.557487 1.937319 2.092521 1.784391 1.515896 0.000000 1.630598 1.725933 1.655507 1.918349 1.277474 0.000000 0.000000 0.000000 0.000000 0.000000 0.000000 1.118007 2.247251 1.946435 0.000000 0.000000 1.227380 0.000000 0.000000 0.000000 0.000000 0.000000 0.000000 0.000000 
1.271418 1.816086 1.798359 2.023439 2.485756 2.078137 1.528886 1.860370 2.410934 1.680897 0.000000 0.000000 1.812177 1.427301 1.397923 2.291913 0.000000 0.000000 0.000000 0.000000 0.000000 0.000000 0.000000 0.000000 0.000000 0.000000 0.000000 0.000000 0.000000 0.000000 1.591504 1.085658 0.000000 0.000000 0.000000 0.000000 
2.657834 1.478689 0.000000 1.146114 2.247197 2.284292 0.000000 0.000000 0.000000 1.757925 0.000000 0.000000 0.000000 0.000000 1.235815 1.686616 0.000000 0.000000 0.000000 0.000000 0.000000 0.000000 0.000000 0.000000 0.000000 0.000000 0.000000 0.000000 0.000000 0.000000 0.000000 0.000000 0.754602 0.689355 0.149481 0.000000 
2.387004 2.470538 0.000000 0.000000 1.125632 0.000000 0.000000 0.000000 0.000000 1.272350 0.000000 0.000000 0.000000 0.000000 0.000000 0.000000 0.000000 0.000000 0.000000 0.000000 0.000000 0.000000 0.000000 0.000000 0.000000 0.000000 1.458809 1.840320 2.019274 1.805286 1.628129 0.955172 0.000000 0.959665 0.608811 0.000000 
0.000000 0.000000 0.000000 2.174094 1.504767 1.313538 0.000000 0.000000 0.000000 0.000000 0.000000 0.000000 0.000000 0.000000 0.000000 0.000000 0.000000 0.000000 0.000000 0.000000 0.000000 0.000000 0.000000 0.000000 0.000000 0.000000 1.426981 1.618160 1.654825 1.566142 1.848669 1.578117 0.000000 0.000000 0.000000 0.000000 
0.000000 0.000000 2.313559 2.762356 2.555415 1.812705 1.082201 0.786938 0.000000 1.317283 0.000000 0.000000 0.000000 0.000000 0.000000 0.000000 0.000000 0.000000 0.000000 0.000000 0.000000 0.000000 0.000000 0.000000 0.000000 0.000000 0.000000 0.000000 1.905429 1.748336 1.456190 1.926228 0.000000 0.000000 0.000000 0.000000 
0.000000 0.000000 0.000000 2.240277 2.672770 2.518561 2.485478 2.012532 1.900183 2.462783 1.637817 1.499320 1.052608 0.000000 0.000000 0.000000 0.000000 0.000000 0.000000 0.000000 0.000000 0.000000 0.000000 0.000000 0.000000 0.000000 1.479475 1.429715 1.664520 1.559478 1.557030 0.000000 0.000000 0.000000 0.000000 0.000000 
0.000000 0.000000 0.000000 0.000000 3.403655 3.902947 4.621067 2.680276 2.470598 3.006736 2.135969 1.530919 0.000000 0.000000 0.000000 0.000000 0.000000 0.000000 0.000000 0.000000 0.000000 0.000000 0.000000 0.000000 0.000000 0.000000 1.471051 1.477657 1.666029 1.008845 0.000000 0.000000 0.000000 0.000000 0.000000 0.000000 
0.000000 0.000000 2.419711 2.742828 2.858732 2.939619 4.394806 3.148166 2.423246 1.918243 1.672961 1.325085 1.193223 0.000000 0.000000 0.000000 0.000000 0.000000 0.000000 0.000000 0.000000 0.000000 0.000000 0.000000 1.349778 1.519116 1.076600 1.056905 1.304906 0.000000 0.000000 0.000000 0.000000 0.000000 0.000000 0.000000 
0.000000 0.000000 1.707365 0.000000 2.063477 2.820844 2.759008 4.004675 3.106585 2.588916 1.675669 1.332181 1.296275 0.000000 0.000000 0.000000 0.000000 0.000000 0.000000 0.000000 0.000000 0.000000 0.000000 0.000000 1.255014 1.570596 1.866566 1.112203 1.307168 1.285011 0.815011 0.000000 0.000000 0.000000 0.000000 0.000000 
0.000000 0.000000 0.000000 0.000000 0.000000 2.214456 2.593077 2.753611 2.341523 2.607956 2.161101 0.000000 0.000000 0.000000 0.000000 0.000000 0.000000 0.000000 0.000000 0.000000 0.000000 0.000000 0.000000 0.000000 0.000000 0.571961 1.589300 1.179870 1.011264 1.067680 1.503752 0.000000 0.000000 0.000000 0.000000 0.000000 
0.000000 0.000000 0.000000 0.000000 0.000000 1.952645 1.359992 1.108352 0.000000 1.014552 1.042335 0.000000 0.000000 0.000000 0.000000 0.000000 0.000000 0.000000 0.000000 0.000000 0.000000 0.000000 0.000000 0.000000 0.000000 0.000000 1.210629 1.109248 0.977640 0.347979 0.000000 0.000000 0.000000 0.000000 0.000000 0.000000 
0.000000 0.000000 0.000000 0.000000 0.000000 0.000000 0.424045 0.000000 0.000000 0.190074 0.842765 0.000000 0.000000 0.000000 0.000000 0.000000 0.000000 0.000000 0.000000 0.000000 0.000000 0.000000 0.000000 0.000000 0.000000 0.000000 1.007844 0.681783 0.000000 0.000000 0.000000 0.000000 0.000000 0.000000 0.000000 0.000000 
0.000000 0.000000 0.000000 0.000000 0.000000 0.000000 0.000000 0.000000 0.000000 0.000000 0.000000 0.000000 0.000000 0.000000 0.000000 0.000000 0.000000 0.000000 0.000000 0.000000 0.000000 0.000000 0.000000 0.000000 0.000000 0.000000 0.000000 0.000000 0.000000 0.000000 0.000000 0.000000 0.000000 0.000000 0.000000 0.000000 

Y-15
0.000000 0.000000 0.000000 0.000000 0.000000 0.000000 0.000000 0.000000 0.000000 0.000000 0.000000 0.000000 0.000000 0.000000 0.000000 0.000000 0.000000 0.000000 0.000000 0.000000 0.000000 0.000000 0.000000 0.000000 0.000000 0.000000 0.000000 0.000000 0.000000 0.000000 0.000000 0.000000 0.000000 0.000000 0.000000 0.000000 
0.000000 0.000000 0.000000 0.000000 0.000000 0.000000 0.000000 0.000000 0.000000 0.000000 0.000000 0.000000 0.000000 0.000000 0.000000 0.000000 0.000000 0.000000 0.000000 0.000000 0.000000 0.000000 0.000000 2.253409 1.606370 0.000000 1.083683 0.000000 0.000000 0.000000 0.000000 0.000000 0.000000 0.000000 0.000000 0.000000 
0.000000 0.000000 0.000000 0.000000 0.000000 0.000000 0.000000 0.000000 0.000000 0.000000 0.000000 0.000000 0.000000 0.000000 0.000000 0.000000 0.000000 0.000000 2.820830 2.803626 2.469444 0.000000 0.000000 2.356928 1.798207 0.000000 0.000000 0.000000 0.000000 0.000000 0.000000 0.000000 0.000000 0.000000 0.000000 0.000000 
0.000000 0.000000 0.000000 0.000000 0.000000 0.000000 0.000000 0.000000 0.000000 0.000000 0.000000 0.000000 0.000000 0.000000 0.000000 0.000000 0.000000 2.447104 0.000000 2.746774 1.984216 2.405925 2.028918 2.638924 2.139135 1.558768 0.000000 0.000000 0.000000 0.000000 0.000000 0.000000 0.000000 0.000000 0.000000 0.000000 
0.000000 0.000000 0.000000 0.000000 0.000000 0.000000 0.000000 0.000000 0.000000 0.000000 0.000000 0.000000 0.000000 0.000000 2.681191 2.815669 0.000000 0.000000 2.358119 2.339568 2.046090 2.237724 2.104814 2.250372 1.792636 1.558367 1.962656 0.000000 0.000000 0.000000 0.000000 0.000000 0.000000 0.000000 0.000000 0.000000 
0.000000 0.000000 0.000000 0.000000 0.000000 0.000000 0.000000 0.000000 0.000000 0.000000 1.649892 1.676655 1.617110 0.000000 0.000000 0.000000 0.000000 0.000000 2.687839 2.264455 2.181074 2.106301 2.114331 2.132514 2.065823 1.513395 2.066910 0.000000 0.000000 0.000000 0.000000 0.000000 0.000000 0.000000 0.000000 0.000000 
0.000000 0.000000 0.000000 0.000000 0.000000 0.000000 0.000000 1.801468 0.000000 0.000000 0.000000 1.773146 1.748210 0.000000 0.000000 0.000000 0.000000 2.365403 2.660963 2.699715 2.813760 2.539856 1.686982 1.599401 0.000000 1.838832 1.800899 2.388553 0.000000 0.000000 0.000000 1.993878 1.294608 0.000000 0.000000 0.000000 
0.000000 0.000000 0.000000 0.000000 0.000000 0.000000 0.000000 1.831862 2.159290 2.254208 0.000000 2.034892 2.119519 2.446458 0.000000 0.000000 2.018985 2.342664 2.659954 2.607885 2.431914 2.527810 2.029558 2.014339 2.088889 1.762870 1.984983 2.364851 1.673085 2.026785 0.000000 1.632967 1.052622 0.227981 0.000000 0.000000 
0.000000 0.000000 0.000000 0.000000 0.000000 0.000000 0.000000 2.151489 2.102358 2.126221 2.155567 2.826513 0.000000 2.567470 2.564849 2.089577 2.014985 0.000000 2.279808 2.168299 2.444161 2.237729 3.180610 0.000000 0.000000 2.289528 1.774529 1.967911 1.775001 2.002653 2.403265 0.959845 0.679371 0.000000 0.000000 0.000000 
0.000000 0.000000 0.000000 0.000000 2.970523 2.482415 2.311809 2.406271 2.198377 1.992491 1.728137 1.505386 0.000000 1.950326 0.000000 1.979302 1.794539 0.000000 0.000000 2.194472 2.186405 0.000000 2.305028 0.000000 0.000000 2.302333 1.544060 0.000000 0.000000 0.000000 0.000000 0.000000 0.575480 0.000000 0.000000 0.000000 
0.000000 0.000000 0.000000 0.000000 2.517418 2.008795 1.975254 2.293304 2.451241 2.200202 1.504194 1.239665 1.793049 2.205879 1.795531 1.852563 1.890797 0.000000 0.000000 2.463607 1.966459 2.058267 2.012644 0.000000 0.000000 1.656234 1.675970 1.889600 1.965343 0.000000 0.000000 0.000000 0.000000 0.000000 0.000000 0.000000 
0.000000 2.584404 2.472430 2.134000 2.121235 2.394075 2.065458 2.115856 2.303536 2.432161 1.784984 1.420124 2.313671 2.954357 0.000000 0.000000 0.000000 0.000000 0.000000 0.000000 1.813384 1.680315 2.203367 0.000000 0.000000 1.493814 1.554944 1.837774 1.745585 0.000000 0.000000 0.000000 0.000000 0.000000 0.000000 0.000000 
2.032623 2.280872 2.385871 2.702460 2.253026 1.953301 2.279419 2.103309 2.153114 1.986989 1.907937 1.830128 2.114039 0.000000 2.085263 0.000000 0.000000 2.329892 0.000000 0.000000 0.000000 0.000000 0.000000 0.000000 0.000000 0.000000 1.226222 1.501962 0.000000 0.000000 0.000000 0.000000 0.000000 0.000000 0.000000 0.000000 
1.889929 2.394564 1.773796 2.003627 2.237076 2.307572 2.219007 2.453161 2.326925 0.000000 0.000000 1.294422 0.000000 0.000000 2.110024 0.000000 0.000000 0.000000 0.000000 0.000000 0.000000 0.000000 0.000000 0.000000 0.000000 0.000000 1.524565 1.807227 0.000000 0.000000 0.000000 0.000000 0.000000 0.000000 0.000000 0.000000 
2.066768 2.359476 2.692040 2.245742 1.703809 1.817905 2.141039 1.589705 1.706917 1.860506 0.000000 0.000000 0.000000 0.000000 2.506447 1.907329 0.654016 0.000000 0.000000 0.000000 0.000000 0.000000 0.000000 0.000000 0.000000 2.018282 0.000000 0.000000 0.000000 0.000000 0.000000 0.910412 0.000000 0.000000 0.000000 0.000000 
0.000000 1.176074 2.369768 2.022824 1.902474 1.977103 2.251330 1.924368 1.977824 2.469598 1.594980 0.000000 0.000000 0.000000 0.000000 2.149516 0.000000 0.000000 0.000000 0.000000 0.000000 0.000000 0.000000 0.000000 0.000000 0.000000 0.000000 1.469912 1.339272 1.749819 1.492046 1.056269 0.900570 0.502734 0.000000 0.000000 
0.000000 0.443461 0.904955 1.567742 1.545016 1.929734 2.126054 1.837711 1.155174 1.816229 1.874785 0.000000 0.000000 0.000000 0.000000 0.000000 0.000000 0.000000 0.000000 0.000000 0.000000 0.000000 0.000000 0.000000 0.000000 0.000000 0.000000 1.980519 2.128877 1.797408 1.241562 0.906216 0.865595 1.093824 0.226943 0.000000 
2.079952 2.130184 0.000000 1.043075 1.170452 1.168910 1.415410 1.537744 0.988408 1.084565 0.000000 0.000000 0.000000 0.000000 0.000000 0.000000 0.000000 0.000000 0.000000 0.000000 0.000000 0.000000 0.000000 0.000000 0.000000 0.000000 0.000000 1.606655 1.680975 1.926736 1.826949 1.198965 0.898481 0.000000 0.000000 0.000000 
0.000000 2.362915 2.415784 1.888643 1.299887 1.534393 1.827252 1.524745 0.000000 0.000000 0.000000 0.000000 0.000000 0.000000 0.000000 0.000000 0.000000 0.000000 0.000000 0.000000 0.000000 0.000000 0.000000 0.000000 0.000000 0.000000 0.000000 1.730081 1.815159 1.420907 1.686841 1.826641 1.463978 0.000000 0.000000 0.000000 
0.000000 1.572204 2.089059 1.943829 2.083204 1.928384 2.526824 2.788988 2.262798 0.000000 0.000000 0.991550 0.815678 0.000000 0.000000 0.000000 0.000000 0.000000 0.000000 0.000000 0.000000 0.000000 0.000000 0.000000 0.000000 0.000000 0.000000 1.678641 1.809584 1.701855 1.633674 1.910631 0.000000 0.000000 0.000000 0.000000 
0.000000 3.771637 0.000000 3.489217 2.639078 2.954346 2.524429 2.910586 3.070415 2.250183 1.546981 1.471710 1.043026 0.000000 0.000000 0.000000 0.000000 0.000000 0.000000 0.000000 0.000000 0.000000 0.000000 0.000000 0.000000 0.000000 1.683844 1.432442 1.222864 1.206671 2.080358 1.106015 0.000000 0.000000 0.000000 0.000000 
0.000000 0.000000 2.914454 3.550258 3.430230 2.772291 2.450403 2.244954 2.357212 2.380665 1.949589 1.346873 0.000000 0.000000 0.000000 0.000000 0.000000 0.000000 0.000000 0.000000 0.000000 0.000000 0.000000 0.000000 0.000000 1.649309 1.160345 1.256794 1.350715 0.000000 0.903164 1.108032 0.000000 0.000000 0.000000 0.000000 
0.000000 0.000000 0.000000 0.000000 2.363851 2.145552 2.472981 2.202898 2.443881 2.544346 0.000000 1.215087 0.476593 0.000000 0.000000 0.000000 0.000000 0.000000 0.000000 0.000000 0.000000 0.000000 0.000000 0.000000 1.097477 2.115658 0.949364 0.000000 1.081799 0.000000 0.000000 0.000000 0.000000 0.000000 0.000000 0.000000 
0.000000 0.000000 0.000000 0.000000 0.000000 2.546723 2.946565 2.840344 2.731589 3.064171 1.798159 0.000000 0.514540 0.000000 0.000000 0.000000 0.000000 0.000000 0.000000 0.000000 0.000000 0.000000 0.000000 0.000000 0.784408 1.945389 1.267271 0.912743 0.000000 0.000000 0.000000 0.000000 0.000000 0.000000 0.000000 0.000000 
0.000000 0.000000 0.000000 0.000000 0.000000 0.000000 2.206907 2.078689 1.637029 1.958396 2.334082 0.000000 0.000000 0.000000 0.000000 0.000000 0.000000 0.000000 0.000000 0.000000 0.000000 0.000000 0.000000 0.000000 0.000000 0.942780 1.405131 1.084240 0.822414 0.000000 0.000000 0.000000 0.000000 0.000000 0.000000 0.000000 
0.000000 0.000000 0.000000 0.000000 0.000000 0.000000 1.314416 0.771101 0.000000 0.000000 0.000000 0.000000 0.000000 0.000000 0.000000 0.000000 0.000000 0.000000 0.000000 0.000000 0.000000 0.000000 0.000000 0.000000 0.000000 0.000000 0.000000 0.000000 0.502883 0.000000 0.000000 0.000000 0.000000 0.000000 0.000000 0.000000 
0.000000 0.000000 0.000000 0.000000 0.000000 0.000000 0.000000 0.000000 0.000000 0.000000 0.000000 0.000000 0.000000 0.000000 0.000000 0.000000 0.000000 0.000000 0.000000 0.000000 0.000000 0.000000 0.000000 0.000000 0.000000 0.000000 0.000000 0.000000 0.000000 0.000000 0.000000 0.000000 0.000000 0.000000 0.000000 0.000000 
0.000000 0.000000 0.000000 0.000000 0.000000 0.000000 0.000000 0.000000 0.000000 0.000000 0.000000 0.000000 0.000000 0.000000 0.000000 0.000000 0.000000 0.000000 0.000000 0.000000 0.000000 0.000000 0.000000 0.000000 0.000000 0.000000 0.000000 0.000000 0.000000 0.000000 0.000000 0.000000 0.000000 0.000000 0.000000 0.000000 

Y-16
0.000000 0.000000 0.000000 0.000000 0.000000 0.000000 0.000000 0.000000 0.000000 0.000000 0.000000 0.000000 0.000000 0.000000 0.000000 0.000000 0.000000 0.000000 0.000000 0.000000 0.000000 0.000000 0.000000 0.000000 0.000000 0.000000 0.000000 0.000000 0.000000 0.000000 0.000000 0.000000 0.000000 0.000000 0.000000 0.000000 
0.000000 0.000000 0.000000 0.000000 0.000000 0.000000 0.000000 0.000000 0.000000 0.000000 0.000000 0.000000 0.000000 0.000000 0.000000 0.000000 0.000000 0.000000 0.000000 1.813474 2.160350 0.000000 0.000000 2.055352 1.650648 1.622894 1.437547 0.406019 0.000000 0.000000 0.000000 0.000000 0.000000 0.000000 0.000000 0.000000 
0.000000 0.000000 0.000000 0.000000 0.000000 0.000000 0.000000 0.000000 0.000000 0.000000 0.000000 0.000000 0.000000 0.000000 0.000000 0.000000 0.000000 0.000000 2.820830 2.210464 1.663815 2.004305 0.000000 2.060261 1.542063 1.791912 0.000000 0.000000 0.000000 0.000000 0.000000 0.000000 0.000000 0.000000 0.000000 0.000000 
0.000000 0.000000 0.000000 0.000000 0.000000 0.000000 0.000000 0.000000 0.000000 0.000000 0.000000 0.000000 0.000000 0.000000 0.000000 0.000000 0.000000 0.000000 0.000000 2.840836 2.397164 2.001381 2.222268 2.129068 1.609764 1.552978 1.989194 0.000000 0.000000 0.000000 0.000000 0.000000 0.000000 0.000000 0.000000 0.000000 
0.000000 0.000000 0.000000 0.000000 0.000000 0.000000 0.000000 0.000000 1.697396 0.000000 0.000000 0.000000 0.000000 2.141123 1.974703 0.000000 0.000000 0.000000 2.529234 3.552412 3.251179 2.615595 2.619316 2.398172 2.289446 1.615782 2.293515 0.000000 0.000000 0.000000 0.000000 0.000000 0.000000 0.000000 0.000000 0.000000 
0.000000 0.000000 0.000000 0.000000 0.000000 0.000000 0.000000 0.000000 0.000000 0.000000 0.000000 1.611948 1.852633 2.451925 0.000000 0.000000 0.000000 0.000000 2.511813 2.358119 2.683002 2.083586 2.227457 2.214377 2.310408 0.000000 2.013330 1.851359 1.322731 2.249702 0.000000 0.000000 0.000000 0.000000 0.000000 0.000000 
0.000000 0.000000 0.000000 0.000000 0.000000 0.000000 0.000000 0.000000 0.000000 0.000000 0.000000 1.740331 1.676655 0.000000 0.000000 0.000000 0.000000 0.000000 0.000000 2.769877 2.069167 2.028739 2.106301 2.224265 1.413931 1.469234 2.147150 1.845241 1.637648 2.373679 1.757826 0.000000 0.000000 0.000000 0.000000 0.000000 
0.000000 0.000000 0.000000 0.000000 0.000000 0.000000 2.376360 2.147966 2.096454 2.163327 0.000000 0.000000 1.794167 0.000000 1.980882 1.860293 0.000000 2.234905 0.000000 2.508687 2.694112 2.389391 2.400890 2.457894 1.715166 1.369347 1.773439 2.117805 1.844597 2.467976 1.636703 0.000000 0.000000 0.000000 0.000000 0.000000 
0.000000 0.000000 0.000000 0.000000 0.000000 0.000000 2.613803 2.020304 1.738862 1.834449 1.906546 2.234555 2.162035 0.000000 0.000000 2.009133 2.201269 0.000000 2.037842 2.019745 2.286714 2.344696 2.483188 2.670483 2.553904 2.042944 1.805479 2.553608 1.908982 2.004975 1.993673 0.000000 0.000000 0.000000 0.000000 0.000000 
0.000000 0.000000 0.000000 0.000000 2.229620 2.189829 2.343940 2.523727 2.124934 1.736899 2.082832 2.422066 2.583895 0.000000 0.000000 2.124693 0.000000 3.094649 0.000000 1.993166 2.186432 2.383511 0.000000 0.000000 0.000000 1.656103 2.028158 2.423376 1.705492 1.628117 2.094702 0.890230 0.000000 0.000000 0.000000 0.000000 
0.000000 0.000000 0.000000 2.269888 2.517418 2.113235 2.121425 2.278352 2.362159 2.301073 2.207515 1.951751 2.396515 2.060537 1.788926 0.000000 2.683765 0.000000 0.000000 0.000000 0.000000 0.000000 0.000000 0.000000 0.000000 1.293293 1.779514 1.987985 1.559031 0.000000 1.610903 0.000000 0.000000 0.000000 0.000000 0.000000 
0.000000 3.043402 2.029221 2.134609 2.627728 2.504896 2.549291 2.360871 2.268998 2.519525 2.145438 1.743500 0.000000 1.687092 1.847658 0.000000 0.000000 0.000000 0.000000 0.000000 1.765613 0.000000 0.000000 0.000000 0.000000 0.000000 1.526408 1.370889 1.409498 0.000000 1.101928 1.483515 0.977491 0.299188 0.000000 0.000000 
1.774169 1.961284 0.000000 2.421802 2.385787 2.449181 2.405555 2.565760 2.440921 0.000000 0.000000 1.803954 0.000000 1.968514 1.805786 0.000000 0.000000 0.000000 0.000000 0.000000 0.000000 0.000000 0.000000 0.000000 0.000000 1.208064 0.000000 1.246748 0.000000 0.000000 0.000000 0.000000 1.220815 0.675432 0.000000 0.000000 
0.000000 1.971999 1.838225 1.940573 2.615007 2.612049 2.300339 2.194820 2.566448 0.000000 1.557326 1.742531 0.000000 2.040897 2.051253 0.000000 0.000000 0.000000 0.000000 0.000000 0.000000 0.000000 0.000000 0.000000 0.000000 1.800940 0.000000 0.956124 0.000000 0.000000 1.184744 0.000000 0.000000 0.000000 0.000000 0.000000 
0.000000 1.901169 1.909235 1.994379 2.004183 2.238246 2.158946 2.422801 2.392806 2.148450 0.000000 0.000000 0.000000 0.000000 0.000000 0.000000 0.000000 0.000000 0.000000 0.000000 0.000000 0.000000 0.000000 0.000000 0.000000 0.000000 0.000000 0.000000 0.000000 0.000000 0.000000 0.815551 0.688502 0.000000 0.000000 0.000000 
0.981308 1.789206 1.863814 2.191274 0.000000 2.244770 1.343713 1.620674 2.257509 1.894438 1.476896 0.000000 0.000000 0.000000 0.000000 0.000000 0.000000 0.000000 0.000000 0.000000 0.000000 0.000000 0.000000 0.000000 2.361944 1.992785 0.000000 2.094639 1.820395 1.558946 0.986083 0.791854 1.094916 0.000000 0.000000 0.000000 
0.000000 0.618664 0.943139 0.000000 0.000000 0.000000 1.143566 0.968252 2.197778 0.000000 1.992381 1.286818 0.000000 0.000000 0.000000 0.000000 0.000000 0.000000 0.000000 0.000000 0.000000 0.000000 0.000000 0.000000 0.000000 0.000000 0.000000 1.733052 1.708447 1.989384 1.093548 1.059030 1.188019 1.430152 0.613258 0.000000 
1.661593 1.007399 0.000000 1.013409 1.172586 1.502432 1.548066 1.471182 2.401514 0.000000 0.000000 0.000000 0.000000 0.000000 0.000000 0.000000 0.000000 0.000000 0.000000 0.000000 0.000000 0.000000 0.000000 0.000000 0.000000 0.000000 0.000000 0.000000 1.584353 1.867668 1.751432 1.788027 1.256120 1.034672 1.456108 0.015841 
0.000000 1.465140 1.434571 1.756324 1.744357 1.958310 2.396334 2.132147 1.432818 1.311481 0.842914 0.000000 0.000000 0.000000 0.000000 0.000000 0.000000 0.000000 0.000000 0.000000 0.000000 0.000000 0.000000 0.000000 0.000000 0.000000 0.000000 0.000000 2.222707 1.673803 1.528048 2.149905 1.631240 0.531708 0.000000 0.000000 
0.000000 1.435532 1.888504 2.267442 2.168175 2.690563 2.813760 3.060696 2.269983 1.611136 1.185738 0.983915 1.553024 1.013250 0.000000 0.000000 0.000000 0.000000 0.000000 0.000000 0.000000 0.000000 0.000000 0.000000 0.000000 0.000000 0.000000 0.000000 0.000000 2.216815 1.947966 1.377679 0.000000 0.905827 0.000000 0.000000 
0.000000 0.000000 3.224639 3.014149 2.508904 1.930535 2.644724 3.014494 2.356630 1.842194 0.000000 0.000000 0.000000 0.000000 0.000000 0.000000 0.000000 0.000000 0.000000 0.000000 0.000000 0.000000 0.000000 0.000000 0.000000 0.000000 0.000000 0.000000 0.000000 0.000000 1.713670 1.213816 0.000000 0.000000 0.000000 0.000000 
0.000000 0.000000 2.452035 2.094089 2.566158 2.207291 1.974511 2.552513 2.260854 1.991288 1.243306 0.000000 0.000000 0.000000 0.000000 0.000000 0.000000 0.000000 0.000000 0.000000 0.000000 0.000000 0.000000 0.000000 0.000000 1.569015 1.302523 1.030293 1.287153 0.000000 0.000000 1.787367 0.000000 0.000000 0.000000 0.000000 
0.000000 0.000000 2.113827 2.601680 2.784352 2.488770 2.539422 2.491349 2.301636 2.077990 1.244725 0.000000 0.000000 0.000000 0.000000 0.000000 0.000000 0.000000 0.000000 0.000000 0.000000 0.000000 0.000000 0.000000 1.790599 1.755156 0.000000 0.000000 0.000000 0.000000 0.000000 0.000000 0.000000 0.000000 0.000000 0.000000 
0.000000 0.000000 0.000000 0.000000 0.000000 2.278117 1.906226 2.189172 2.555898 2.811631 1.919867 0.000000 0.000000 0.000000 0.000000 0.000000 0.000000 0.000000 0.000000 0.000000 0.000000 0.000000 0.000000 0.000000 0.846539 1.444186 0.000000 0.000000 0.000000 0.000000 0.000000 0.000000 0.000000 0.000000 0.000000 0.000000 
0.000000 0.000000 0.000000 0.000000 0.000000 0.000000 0.000000 1.486402 2.448442 3.174109 3.004803 0.000000 0.000000 0.000000 0.000000 0.000000 0.000000 0.000000 0.000000 0.000000 0.000000 0.000000 0.000000 0.000000 0.000000 1.156944 1.134429 0.000000 0.000000 0.000000 0.000000 0.000000 0.000000 0.000000 0.000000 0.000000 
0.000000 0.000000 0.000000 0.000000 0.000000 0.000000 0.000000 2.025660 0.000000 1.603602 1.470323 0.000000 0.000000 0.000000 0.000000 0.000000 0.000000 0.000000 0.000000 0.000000 0.000000 0.000000 0.000000 0.000000 0.000000 0.000000 0.535517 0.000000 0.000000 0.000000 0.000000 0.000000 0.000000 0.000000 0.000000 0.000000 
0.000000 0.000000 0.000000 0.000000 0.000000 0.000000 0.000000 0.546103 0.713109 0.000000 0.000000 0.000000 0.000000 0.000000 0.000000 0.000000 0.000000 0.000000 0.000000 0.000000 0.000000 0.000000 0.000000 0.000000 0.000000 0.000000 0.000000 0.000000 0.000000 0.000000 0.000000 0.000000 0.000000 0.000000 0.000000 0.000000 
0.000000 0.000000 0.000000 0.000000 0.000000 0.000000 0.000000 0.000000 0.000000 0.000000 0.000000 0.000000 0.000000 0.000000 0.000000 0.000000 0.000000 0.000000 0.000000 0.000000 0.000000 0.000000 0.000000 0.000000 0.000000 0.000000 0.000000 0.000000 0.000000 0.000000 0.000000 0.000000 0.000000 0.000000 0.000000 0.000000 

Y-17
0.000000 0.000000 0.000000 0.000000 0.000000 0.000000 0.000000 0.000000 0.000000 0.000000 0.000000 0.000000 0.000000 0.000000 0.000000 0.000000 0.000000 0.000000 0.000000 0.000000 0.000000 0.000000 2.371202 1.701402 0.000000 0.000000 0.000000 0.000000 0.000000 0.000000 0.000000 0.000000 0.000000 0.000000 0.000000 0.000000 
0.000000 0.000000 0.000000 0.000000 0.000000 0.000000 0.000000 0.000000 0.000000 0.000000 0.000000 0.000000 0.000000 0.000000 0.000000 0.000000 0.000000 0.000000 0.000000 0.000000 2.390580 0.000000 0.000000 1.779672 1.514414 2.004241 2.059589 0.000000 0.000000 0.000000 0.000000 0.000000 0.000000 0.000000 0.000000 0.000000 
0.000000 0.000000 0.000000 0.000000 0.000000 0.000000 0.000000 0.000000 0.000000 0.000000 0.000000 0.000000 0.000000 0.000000 0.000000 0.000000 0.000000 0.000000 2.807372 0.000000 2.572991 2.458882 0.000000 0.000000 1.274987 2.058700 1.665069 0.000000 0.000000 0.000000 0.000000 0.000000 0.000000 0.000000 0.000000 0.000000 
0.000000 0.000000 0.000000 0.000000 0.000000 0.000000 0.000000 0.000000 0.000000 0.000000 0.000000 0.000000 0.000000 0.000000 0.000000 0.000000 0.000000 0.000000 0.000000 0.000000 2.240434 1.891277 2.200125 2.277196 1.677274 1.791780 0.000000 0.000000 0.000000 0.000000 0.000000 0.000000 0.000000 0.000000 0.000000 0.000000 
0.000000 0.000000 0.000000 0.000000 0.000000 0.000000 0.000000 0.000000 0.000000 0.000000 1.728209 0.000000 1.857944 1.857944 2.411366 0.000000 0.000000 2.512523 0.000000 3.809811 2.365283 2.397164 1.681726 2.189032 1.886138 2.151369 2.552808 0.000000 0.000000 0.000000 0.000000 0.000000 0.000000 0.000000 0.000000 0.000000 
0.000000 0.000000 0.000000 0.000000 0.000000 0.000000 0.000000 0.000000 0.000000 1.843937 1.853475 0.000000 0.000000 2.065093 2.217265 0.000000 0.000000 2.795540 0.000000 0.000000 0.000000 2.082151 3.052201 2.282906 1.929785 0.000000 0.000000 1.597529 1.851472 2.287983 1.331137 0.000000 0.000000 0.000000 0.000000 0.000000 
0.000000 0.000000 0.000000 0.000000 0.000000 0.000000 0.000000 0.000000 0.000000 0.000000 0.000000 0.000000 1.911603 1.887701 2.154225 0.000000 0.000000 1.939018 0.000000 2.518886 2.358119 2.584744 2.735499 3.169534 2.105550 0.000000 1.789409 1.735332 1.818156 2.069596 0.700614 0.000000 0.000000 0.000000 0.000000 0.000000 
0.000000 0.000000 0.000000 0.000000 0.000000 0.000000 0.000000 1.762629 1.833906 1.768184 2.234555 2.020411 2.108493 0.000000 0.000000 0.000000 0.000000 0.000000 1.971632 2.202089 0.000000 2.150638 2.792830 3.051369 2.123258 1.502929 1.914561 2.131838 1.459955 1.747675 1.415003 0.470152 0.000000 0.000000 0.000000 0.000000 
0.000000 0.000000 0.000000 0.000000 0.000000 2.049609 2.347605 2.092894 1.791839 1.622749 2.421278 2.637028 2.324695 0.000000 0.000000 0.000000 0.000000 2.265708 2.029275 1.833683 0.000000 2.692971 2.425347 2.570051 1.893268 1.773104 2.112453 2.602319 1.910171 1.957345 2.017789 0.000000 0.000000 0.000000 0.000000 0.000000 
0.000000 0.000000 0.000000 0.000000 0.000000 2.466463 2.612378 2.796655 2.494319 2.099872 1.717341 2.177716 1.843776 1.882451 0.000000 0.000000 0.000000 1.869921 2.012868 2.050161 2.461388 2.232798 0.000000 0.000000 1.933406 0.000000 2.017213 2.463909 2.206029 0.000000 2.278799 1.223776 0.000000 0.000000 0.000000 0.000000 
0.000000 0.000000 0.000000 0.000000 2.543072 2.383648 2.469288 2.445589 2.488073 2.161555 1.649216 1.962427 2.074077 1.762107 1.720903 0.000000 0.000000 0.000000 1.963252 1.886117 2.330240 3.058405 0.000000 2.274017 2.365586 1.643448 1.716954 1.707184 0.000000 1.708408 1.757275 2.150366 0.000000 0.000000 0.000000 0.000000 
0.000000 2.335669 2.573542 1.804257 1.804257 2.417047 2.778437 2.420630 2.192212 2.096033 2.428343 2.550836 2.187842 1.219733 0.941001 0.000000 0.000000 0.000000 0.000000 0.000000 1.277792 0.000000 0.000000 0.000000 0.000000 0.000000 1.551502 1.459245 1.575768 1.528507 1.221100 1.583641 1.389848 0.317907 0.000000 0.000000 
0.000000 1.665266 2.940254 3.043402 2.323791 2.216828 2.630703 2.684796 3.102094 2.091406 2.332353 2.859605 2.595704 0.000000 0.000000 0.000000 0.000000 0.000000 0.000000 0.000000 0.000000 0.000000 0.000000 0.000000 0.000000 1.711002 0.775611 1.209181 1.502746 1.723137 1.558658 0.000000 0.863981 0.498335 0.000000 0.000000 
0.000000 1.755331 1.861251 2.537313 2.169060 2.335576 2.803634 2.306697 2.805801 2.488042 1.905771 2.711983 2.842564 0.000000 0.000000 0.000000 0.000000 0.000000 0.000000 0.000000 0.000000 0.000000 0.000000 0.000000 0.000000 1.982701 0.000000 0.000000 0.000000 1.479106 1.451348 0.000000 0.000000 0.000000 0.000000 0.000000 
2.051020 1.779638 2.177154 2.410897 2.097607 1.787835 2.533028 2.708980 2.356539 2.983894 1.729738 1.829705 1.992077 0.000000 0.000000 0.000000 0.000000 0.000000 0.000000 0.000000 0.000000 0.000000 0.000000 0.000000 0.000000 0.000000 0.000000 0.000000 0.000000 1.324116 0.000000 0.834230 0.000000 0.000000 0.000000 0.000000 
0.000000 0.951708 1.372951 2.099255 1.737902 0.000000 1.316934 2.666907 3.180810 2.104474 2.065186 0.000000 0.000000 0.000000 0.000000 0.000000 0.000000 0.000000 0.000000 0.000000 0.000000 1.127677 0.000000 2.077534 1.766723 1.590040 1.496253 0.000000 0.000000 0.000000 0.000000 1.039036 1.100366 0.000000 0.000000 0.000000 
0.000000 0.000000 0.000000 1.198439 0.000000 0.000000 1.259054 2.601560 3.119613 2.231112 1.733140 1.853704 0.000000 0.000000 0.000000 0.000000 0.000000 0.000000 0.000000 0.000000 0.000000 0.000000 0.000000 0.000000 1.559285 0.000000 2.016786 1.725500 1.720609 1.909854 1.680531 1.205953 1.247306 1.207410 0.772010 0.000000 
0.000000 0.000000 0.000000 0.875197 1.658314 1.807614 1.534982 1.762812 2.284907 2.294934 1.715851 0.000000 0.000000 0.000000 0.000000 0.000000 0.000000 0.000000 0.000000 0.000000 0.000000 0.000000 0.000000 1.724035 1.801355 1.811066 1.843084 2.353269 1.912532 1.570002 2.091264 2.093375 1.430541 0.858551 1.003357 0.000000 
0.000000 0.000000 1.407232 2.145851 2.273636 2.533584 2.466038 2.025819 0.000000 1.475027 1.314753 0.000000 0.000000 0.000000 0.000000 0.000000 0.000000 0.000000 0.000000 0.000000 0.000000 0.000000 0.000000 0.000000 0.000000 2.102174 2.006998 1.855808 1.885828 2.393144 2.038159 1.617354 1.338154 0.535067 0.406513 0.000000 
0.000000 2.377743 2.217736 1.802565 2.816960 3.523895 3.028164 2.353562 1.903473 1.714063 1.280478 0.000000 1.706579 1.495273 0.000000 0.000000 0.000000 0.000000 0.000000 0.000000 0.000000 0.000000 0.000000 0.000000 0.000000 2.202483 2.323927 1.585586 1.544576 2.145773 1.774799 0.000000 1.211630 1.175351 0.137484 0.000000 
0.000000 0.000000 2.310516 2.195304 1.982020 2.407650 2.384455 0.000000 1.841121 1.577764 0.000000 0.000000 1.162881 1.596974 0.000000 0.000000 0.000000 0.000000 0.000000 0.000000 0.000000 0.000000 0.000000 0.000000 0.000000 0.000000 1.887709 1.773770 1.495737 1.354832 1.839082 1.526140 0.000000 0.000000 0.000000 0.000000 
0.000000 0.000000 0.000000 2.140521 0.000000 2.345982 2.291469 2.160767 1.995177 0.938098 0.638089 0.000000 0.000000 0.000000 0.000000 0.000000 0.000000 0.000000 0.000000 0.000000 0.000000 0.000000 0.000000 0.000000 0.000000 0.000000 1.629591 0.000000 1.270819 1.473821 2.164615 1.846414 0.000000 0.000000 0.000000 0.000000 
0.000000 0.000000 0.000000 2.285808 0.000000 0.000000 2.372364 2.000868 1.545871 0.902070 0.562104 0.000000 0.000000 0.000000 0.000000 0.000000 0.000000 0.000000 0.000000 0.000000 0.000000 0.000000 0.000000 0.000000 0.000000 0.000000 0.000000 0.000000 0.000000 1.158128 1.772069 1.092307 0.000000 0.000000 0.000000 0.000000 
0.000000 0.000000 0.000000 0.000000 0.000000 0.000000 1.844789 2.097004 2.210882 1.612152 1.135079 0.000000 0.000000 0.000000 0.000000 0.000000 0.000000 0.000000 0.000000 0.000000 0.000000 0.000000 0.000000 0.000000 0.000000 0.000000 0.000000 0.000000 0.000000 0.000000 0.000000 0.000000 0.000000 0.000000 0.000000 0.000000 
0.000000 0.000000 0.000000 0.000000 0.000000 0.000000 0.000000 1.663137 2.150765 2.101333 1.737087 0.000000 0.000000 0.000000 0.000000 0.000000 0.000000 0.000000 0.000000 0.000000 0.000000 0.000000 0.000000 0.000000 0.000000 0.000000 0.000000 0.000000 0.000000 0.000000 0.000000 0.000000 0.000000 0.000000 0.000000 0.000000 
0.000000 0.000000 0.000000 0.000000 0.000000 0.000000 0.000000 3.070305 1.901952 1.401192 0.769979 0.000000 0.000000 0.000000 0.000000 0.000000 0.000000 0.000000 0.000000 0.000000 0.000000 0.000000 0.000000 0.000000 0.000000 0.000000 0.000000 0.000000 0.000000 0.000000 0.000000 0.000000 0.000000 0.000000 0.000000 0.000000 
0.000000 0.000000 0.000000 0.000000 0.000000 0.000000 0.000000 0.293104 0.747895 0.000000 0.000000 0.000000 0.000000 0.000000 0.000000 0.000000 0.000000 0.000000 0.000000 0.000000 0.000000 0.000000 0.000000 0.000000 0.000000 0.000000 0.000000 0.000000 0.000000 0.000000 0.000000 0.000000 0.000000 0.000000 0.000000 0.000000 
0.000000 0.000000 0.000000 0.000000 0.000000 0.000000 0.000000 0.000000 0.000000 0.000000 0.000000 0.000000 0.000000 0.000000 0.000000 0.000000 0.000000 0.000000 0.000000 0.000000 0.000000 0.000000 0.000000 0.000000 0.000000 0.000000 0.000000 0.000000 0.000000 0.000000 0.000000 0.000000 0.000000 0.000000 0.000000 0.000000 

Y-18
0.000000 0.000000 0.000000 0.000000 0.000000 0.000000 0.000000 0.000000 0.000000 0.000000 0.000000 0.000000 0.000000 0.000000 0.000000 0.000000 0.000000 0.000000 0.000000 0.000000 0.000000 0.000000 2.080462 1.469426 0.000000 0.000000 0.000000 0.000000 0.000000 0.000000 0.000000 0.000000 0.000000 0.000000 0.000000 0.000000 
0.000000 0.000000 0.000000 0.000000 0.000000 0.000000 0.000000 0.000000 0.000000 0.000000 0.000000 0.000000 0.000000 0.000000 0.000000 0.000000 0.000000 0.000000 0.000000 0.000000 0.000000 2.594516 0.000000 2.015637 1.356486 0.000000 2.174261 1.584845 0.000000 0.000000 0.000000 0.000000 0.000000 0.000000 0.000000 0.000000 
0.000000 0.000000 0.000000 0.000000 0.000000 0.000000 0.000000 0.000000 0.000000 0.000000 0.000000 0.000000 0.000000 0.000000 0.000000 0.000000 0.000000 0.000000 0.000000 0.000000 0.000000 2.380157 2.406521 2.230677 2.090088 2.623241 2.273472 1.270377 0.978019 0.000000 0.000000 0.000000 0.000000 0.000000 0.000000 0.000000 
0.000000 0.000000 0.000000 0.000000 0.000000 0.000000 0.000000 0.000000 0.000000 0.000000 0.000000 0.000000 0.000000 2.229005 2.205462 0.000000 0.000000 0.000000 2.554357 2.305602 0.000000 1.813474 2.229046 2.098518 2.073808 1.938975 1.359959 1.184284 0.000000 0.000000 0.000000 0.000000 0.000000 0.000000 0.000000 0.000000 
0.000000 0.000000 0.000000 0.000000 0.000000 0.000000 0.000000 0.000000 0.000000 0.000000 0.000000 0.000000 1.748619 2.392684 2.678598 1.897805 0.000000 2.825643 2.235207 1.932188 3.120385 2.240434 1.409489 2.093247 1.993170 2.171937 1.902749 0.000000 0.000000 0.000000 0.000000 0.000000 0.000000 0.000000 0.000000 0.000000 
0.000000 0.000000 0.000000 0.000000 0.000000 0.000000 0.000000 0.000000 0.000000 0.000000 1.580234 1.873415 1.749260 0.000000 2.415212 0.000000 0.000000 2.336986 0.000000 2.457279 4.020179 3.120385 0.000000 1.876597 1.678439 1.808750 2.213074 1.846401 1.790830 0.000000 0.000000 0.000000 0.000000 0.000000 0.000000 0.000000 
0.000000 0.000000 0.000000 0.000000 0.000000 0.000000 0.000000 0.000000 0.000000 0.000000 1.672493 2.139591 2.281015 1.873203 2.127006 0.000000 0.000000 0.000000 2.268766 0.000000 0.000000 3.749172 2.750501 2.558680 2.158723 0.000000 0.000000 1.773521 1.466244 1.717606 0.823765 1.458398 0.000000 0.000000 0.000000 0.000000 
0.000000 0.000000 0.000000 0.000000 0.000000 0.000000 0.000000 0.000000 0.000000 2.881137 2.637028 2.324695 2.013552 1.885509 0.000000 2.721822 2.124596 2.128648 1.949726 2.302158 0.000000 3.038272 2.885995 2.295569 2.007392 0.000000 2.196842 1.925743 1.713434 1.752663 1.278355 2.110675 1.616390 0.000000 0.000000 0.000000 
0.000000 0.000000 0.000000 0.000000 0.000000 1.976533 0.000000 0.000000 0.000000 1.811831 2.187308 1.801106 1.654213 1.655095 0.000000 2.294780 0.000000 1.666775 2.088325 2.610117 0.000000 3.215839 0.000000 0.000000 1.603719 0.000000 1.970219 2.093443 2.082709 1.696238 1.811365 1.409728 0.000000 0.000000 0.000000 0.000000 
0.000000 0.000000 0.000000 0.000000 0.000000 1.904091 2.300794 2.184176 0.000000 1.903732 1.982428 2.109905 1.659073 1.272974 0.000000 0.000000 1.913269 1.802528 1.905351 2.177013 2.531627 3.104780 0.000000 0.000000 1.858743 0.000000 1.273795 1.948833 2.451617 1.914036 2.103485 1.764353 0.000000 0.000000 0.000000 0.000000 
0.000000 0.000000 0.000000 2.231426 2.467618 2.634354 2.537342 2.147566 2.082487 2.664705 2.714298 2.120823 1.379015 0.989036 0.000000 0.000000 0.000000 0.000000 1.498846 0.000000 1.070700 2.802851 0.000000 0.000000 1.895818 2.026155 1.039961 0.000000 0.000000 1.560114 1.479817 2.034193 0.728611 0.000000 0.000000 0.000000 
0.000000 0.000000 0.000000 2.832189 2.381698 2.301878 2.926635 2.742171 2.175634 3.232884 3.555452 2.761245 1.805038 0.000000 0.000000 0.000000 0.000000 0.000000 0.000000 0.000000 0.000000 1.809601 0.000000 0.000000 0.000000 0.000000 1.136742 1.687558 1.566880 1.610614 1.130015 1.465397 0.000000 0.000000 0.000000 0.000000 
0.000000 0.000000 0.000000 2.127204 2.798736 2.035103 2.157410 3.116613 3.116613 3.528912 3.807977 3.106422 2.291192 1.189446 1.295854 0.000000 0.000000 0.000000 0.000000 0.000000 0.000000 0.000000 0.000000 0.000000 0.000000 0.000000 1.072636 1.240897 1.621550 1.596484 1.279654 1.247486 1.116906 0.796584 0.000000 0.000000 
2.140537 2.427699 0.000000 1.610562 2.599231 2.610719 2.872819 2.460490 3.137364 3.061313 3.164758 2.757045 2.536410 0.000000 0.000000 0.000000 0.000000 0.000000 0.000000 0.000000 0.000000 0.000000 0.000000 0.000000 0.000000 0.000000 0.000000 0.000000 0.000000 1.181570 0.000000 1.100897 0.000000 0.000000 0.000000 0.000000 
0.000000 0.000000 0.000000 1.263952 0.737345 0.000000 3.312901 2.699769 2.504229 2.739666 2.474665 2.276720 0.000000 1.298902 1.038746 0.000000 0.000000 0.000000 0.000000 0.000000 1.287657 1.012240 0.000000 0.000000 0.000000 0.000000 0.000000 0.000000 0.000000 0.903449 0.000000 0.863921 0.875659 0.000000 0.000000 0.000000 
0.000000 0.979021 1.456919 0.000000 1.196922 2.965592 3.067425 3.104682 2.345275 2.402534 2.616513 0.000000 0.000000 1.519860 1.369272 0.995882 0.000000 0.000000 0.000000 0.000000 0.000000 2.029796 0.000000 0.000000 1.713847 1.539837 1.321643 1.220845 0.000000 0.000000 0.000000 1.029097 1.158318 0.000000 0.000000 0.000000 
0.000000 0.000000 0.000000 0.000000 0.000000 2.021873 2.345243 2.704759 2.059846 2.511649 2.829783 2.099497 0.000000 0.000000 0.950576 1.076805 0.000000 0.000000 0.000000 0.000000 0.000000 0.000000 0.000000 1.673458 1.524572 1.956097 0.000000 2.100501 1.551128 1.846547 1.939807 1.496231 1.117578 0.657729 0.000000 0.000000 
0.000000 0.000000 0.000000 0.000000 1.754854 1.811749 1.470703 1.445101 1.475152 1.827149 2.800623 2.163188 0.000000 1.218827 0.990454 0.000000 0.000000 0.000000 0.000000 0.000000 0.000000 1.365949 0.000000 0.000000 2.279702 2.096627 2.098435 2.694295 2.540621 1.716173 1.854863 1.674239 1.346525 0.710331 0.665818 0.000000 
0.000000 0.000000 0.000000 0.000000 0.000000 0.000000 1.518932 1.789244 1.450990 1.615486 2.791801 1.910617 0.000000 1.746887 1.592015 0.000000 0.000000 0.000000 0.000000 0.000000 0.000000 0.000000 0.000000 0.000000 0.000000 2.028387 1.866264 1.641061 2.158003 2.438016 2.281825 1.481250 1.274339 0.000000 0.348859 0.000000 
0.000000 0.000000 1.498139 0.000000 1.933749 2.420499 2.112388 2.008790 0.000000 1.498807 1.567062 1.812949 0.000000 0.000000 1.739292 0.766062 0.000000 0.000000 0.000000 0.000000 0.000000 0.000000 0.000000 0.000000 2.101128 2.271774 2.327282 1.980411 1.571761 1.984005 1.942944 1.305768 1.614328 1.241637 0.351671 0.000000 
0.000000 0.000000 0.000000 1.528497 1.889641 2.098206 2.138059 1.485148 0.000000 0.000000 0.000000 1.861805 1.513244 0.959516 0.000000 0.000000 0.000000 0.000000 0.000000 0.000000 0.000000 0.000000 0.000000 0.000000 0.000000 0.000000 2.416308 2.194548 1.723363 1.765635 2.479212 1.894913 1.355389 0.000000 0.000000 0.000000 
0.000000 0.000000 0.000000 1.897059 0.000000 0.000000 2.156223 1.565807 0.666025 0.000000 0.000000 2.183050 0.000000 1.058198 0.891770 0.000000 0.000000 0.000000 0.000000 0.000000 0.000000 0.000000 0.000000 0.000000 0.000000 0.000000 1.952434 2.110824 1.810908 1.848635 1.851790 0.000000 0.000000 0.000000 0.000000 0.000000 
0.000000 0.000000 0.000000 1.853570 0.000000 0.000000 1.852229 0.000000 1.548190 1.194666 0.000000 0.000000 0.000000 0.000000 0.000000 0.000000 0.000000 0.000000 0.000000 0.000000 0.000000 0.000000 0.000000 0.000000 0.000000 0.000000 1.129782 1.265679 1.670205 0.000000 0.000000 0.000000 0.000000 0.000000 0.000000 0.000000 
0.000000 0.000000 0.000000 0.000000 0.000000 0.000000 0.000000 0.000000 1.360024 1.221530 0.000000 0.000000 0.000000 0.000000 0.000000 0.000000 0.000000 0.000000 0.000000 0.000000 0.000000 0.000000 0.000000 0.000000 0.000000 0.000000 0.000000 0.000000 0.000000 0.000000 0.000000 0.000000 0.000000 0.000000 0.000000 0.000000 
0.000000 0.000000 0.000000 0.000000 0.000000 0.000000 0.000000 0.000000 1.409932 0.994315 0.000000 0.000000 0.000000 0.000000 0.000000 0.000000 0.000000 0.000000 0.000000 0.000000 0.000000 0.000000 0.000000 0.000000 0.000000 0.000000 0.000000 0.000000 0.000000 0.000000 0.000000 0.000000 0.000000 0.000000 0.000000 0.000000 
0.000000 0.000000 0.000000 0.000000 0.000000 0.000000 0.000000 0.000000 0.800374 1.039641 0.000000 0.000000 0.000000 0.000000 0.000000 0.000000 0.000000 0.000000 0.000000 0.000000 0.000000 0.000000 0.000000 0.000000 0.000000 0.000000 0.000000 0.000000 0.000000 0.000000 0.000000 0.000000 0.000000 0.000000 0.000000 0.000000 
0.000000 0.000000 0.000000 0.000000 0.000000 0.000000 0.000000 0.000000 0.000000 0.000000 0.000000 0.000000 0.000000 0.000000 0.000000 0.000000 0.000000 0.000000 0.000000 0.000000 0.000000 0.000000 0.000000 0.000000 0.000000 0.000000 0.000000 0.000000 0.000000 0.000000 0.000000 0.000000 0.000000 0.000000 0.000000 0.000000 
0.000000 0.000000 0.000000 0.000000 0.000000 0.000000 0.000000 0.000000 0.000000 0.000000 0.000000 0.000000 0.000000 0.000000 0.000000 0.000000 0.000000 0.000000 0.000000 0.000000 0.000000 0.000000 0.000000 0.000000 0.000000 0.000000 0.000000 0.000000 0.000000 0.000000 0.000000 0.000000 0.000000 0.000000 0.000000 0.000000 

Y-19
0.000000 0.000000 0.000000 0.000000 0.000000 0.000000 0.000000 0.000000 0.000000 0.000000 0.000000 0.000000 0.000000 0.000000 0.000000 0.000000 0.000000 0.000000 0.000000 0.000000 0.000000 0.000000 2.126833 0.000000 0.000000 0.000000 0.000000 0.000000 0.000000 0.000000 0.000000 0.000000 0.000000 0.000000 0.000000 0.000000 
0.000000 0.000000 0.000000 0.000000 0.000000 0.000000 0.000000 0.000000 0.000000 0.000000 0.000000 0.000000 0.000000 0.000000 0.000000 0.000000 0.000000 0.000000 0.000000 0.000000 0.000000 2.797050 1.975212 2.156587 0.000000 2.009757 0.000000 0.000000 0.000000 0.000000 0.000000 0.000000 0.000000 0.000000 0.000000 0.000000 
0.000000 0.000000 0.000000 0.000000 0.000000 0.000000 0.000000 0.000000 0.000000 0.000000 0.000000 0.000000 2.484842 2.531222 0.000000 0.000000 0.000000 0.000000 0.000000 0.000000 2.602705 3.082782 2.270545 2.051877 2.444862 0.000000 1.529735 1.947840 1.089876 0.000000 0.000000 0.000000 0.000000 0.000000 0.000000 0.000000 
0.000000 0.000000 0.000000 0.000000 0.000000 0.000000 0.000000 0.000000 0.000000 0.000000 0.000000 0.000000 2.605023 2.766563 2.001844 1.876276 1.603508 0.000000 2.332952 3.209432 3.572351 0.000000 2.458407 1.982984 2.204553 0.000000 0.000000 0.000000 0.000000 0.000000 0.000000 0.000000 0.000000 0.000000 0.000000 0.000000 
0.000000 0.000000 0.000000 0.000000 0.000000 0.000000 0.000000 0.000000 0.000000 0.000000 0.000000 1.782042 1.889309 2.592619 0.000000 1.639338 1.866941 1.400692 1.971872 2.554357 3.472973 3.749078 2.672397 2.246028 1.937942 2.209087 1.800467 0.000000 0.000000 0.000000 0.000000 0.000000 0.000000 0.000000 0.000000 0.000000 
0.000000 0.000000 0.000000 0.000000 0.000000 0.000000 0.000000 0.000000 0.000000 0.000000 2.054269 2.039943 1.850656 1.946536 2.447566 0.000000 0.000000 2.168831 2.814840 2.235207 2.588368 2.992553 2.521867 0.000000 1.922534 0.000000 1.850290 1.469345 1.070383 0.000000 0.000000 0.000000 0.000000 0.000000 0.000000 0.000000 
0.000000 0.000000 0.000000 0.000000 0.000000 0.000000 0.000000 0.000000 0.000000 0.000000 1.991026 1.675445 1.797640 2.311926 1.674014 2.035047 2.340041 0.000000 1.900699 2.457279 3.036045 3.538915 2.312984 1.389668 1.689026 0.000000 0.000000 1.972177 1.955497 1.835316 0.000000 0.000000 0.000000 0.000000 0.000000 0.000000 
0.000000 0.000000 0.000000 0.000000 0.000000 0.000000 0.000000 0.000000 0.000000 0.000000 1.801106 1.592798 1.620568 2.326876 2.731560 2.066358 2.356082 2.156547 2.650822 2.745438 2.824005 3.436696 3.639038 1.677283 1.728864 0.000000 2.355675 2.189437 1.827665 1.985724 1.544643 1.387960 0.893057 0.000000 0.000000 0.000000 
0.000000 0.000000 0.000000 0.000000 0.000000 0.000000 0.000000 0.000000 0.000000 0.000000 1.887569 1.354405 1.342597 0.000000 2.463044 2.173126 0.000000 2.098961 2.163212 2.194962 2.957003 2.842444 2.922651 1.767847 0.000000 0.000000 1.616191 0.000000 1.965535 1.417454 1.974456 1.040898 0.000000 0.000000 0.000000 0.000000 
0.000000 0.000000 0.000000 2.756700 2.421320 2.006123 1.907499 2.075521 2.435936 0.000000 0.000000 0.000000 1.196576 1.327037 1.104013 1.732326 1.789667 1.752955 1.424509 1.404872 3.539276 3.487695 3.308593 1.887491 0.000000 0.000000 0.000000 1.450969 2.179479 1.467090 1.750669 1.885978 0.000000 0.000000 0.000000 0.000000 
0.000000 0.000000 2.256011 2.248880 2.284829 2.240588 1.737425 2.184176 3.009007 3.413102 2.836145 1.726322 1.036681 0.876866 0.984273 0.000000 0.000000 0.000000 1.629162 1.399469 1.621048 2.684618 3.371730 2.719900 0.000000 0.000000 0.000000 0.000000 1.689137 0.000000 0.000000 1.780790 0.532638 0.000000 0.000000 0.000000 
0.000000 0.000000 0.000000 1.812576 2.166487 2.382925 2.794146 2.779442 3.124548 4.073458 3.671265 2.265102 1.122169 0.000000 0.000000 1.284392 0.000000 0.000000 1.929463 1.837168 0.000000 1.705824 2.423349 0.000000 0.000000 0.000000 1.483563 1.471982 1.857600 1.692522 1.206973 1.516006 0.000000 0.000000 0.000000 0.000000 
0.000000 0.000000 0.000000 0.000000 2.465399 2.180862 2.391429 2.746530 3.404410 3.448770 3.328869 2.842273 1.788275 2.352476 2.043630 1.740902 0.000000 0.000000 0.000000 0.000000 0.000000 0.000000 0.000000 0.000000 0.000000 0.000000 2.028386 1.515510 1.534412 0.000000 1.144179 1.366575 1.638159 1.051374 0.000000 0.000000 
0.000000 0.000000 0.000000 1.262968 2.279305 2.440820 2.830303 1.885636 2.874989 3.265521 3.492165 3.170628 2.516338 2.164410 1.858167 0.000000 0.000000 0.000000 0.000000 0.000000 1.377431 0.000000 2.560888 0.000000 0.000000 0.000000 0.000000 0.000000 0.000000 0.908406 1.135906 1.440167 1.105214 0.000000 0.000000 0.000000 
0.000000 0.000000 0.000000 0.000000 0.000000 2.939987 3.446409 3.079262 2.441960 2.833161 2.923098 2.794794 2.126126 1.617421 1.669256 0.000000 0.000000 0.000000 0.000000 1.933713 1.779081 1.792527 1.604293 2.147461 1.818874 0.000000 1.517945 1.184852 0.000000 1.082916 0.000000 0.000000 1.174602 0.000000 0.000000 0.000000 
0.000000 0.000000 0.000000 0.000000 0.000000 2.441443 2.267832 3.026385 2.831485 2.680770 2.936598 0.000000 1.723201 0.000000 1.291208 0.000000 0.000000 0.000000 0.000000 0.000000 0.000000 1.965892 1.843514 1.473478 2.139997 0.000000 1.347631 1.073765 0.000000 1.231831 0.000000 0.000000 0.000000 0.000000 0.000000 0.000000 
0.000000 0.000000 0.000000 0.000000 0.000000 1.268108 1.581176 2.140252 2.779186 2.813581 3.050493 0.000000 1.692797 0.000000 0.000000 0.000000 0.000000 0.000000 0.000000 0.000000 0.000000 1.965822 1.960802 2.084464 2.220212 1.887811 1.229051 1.393937 1.178736 1.589438 1.951059 1.598795 1.011799 0.000000 0.000000 0.000000 
0.000000 0.000000 0.000000 0.000000 0.000000 1.334036 1.376607 1.340061 1.904438 2.105686 2.389505 1.789649 1.573725 1.503728 1.050184 0.000000 0.000000 0.000000 0.000000 0.000000 0.000000 1.562923 0.000000 1.763139 2.064595 2.015451 2.186330 2.276284 2.794775 1.961812 1.666661 1.237372 1.034723 0.000000 0.000000 0.000000 
0.000000 0.000000 0.000000 0.000000 0.000000 0.000000 1.281262 1.111977 0.000000 1.708296 2.416899 3.079871 2.221196 1.457124 1.422868 0.940553 0.000000 0.000000 0.000000 0.000000 0.000000 0.000000 0.000000 0.000000 0.000000 2.409396 2.114645 1.954604 2.667450 2.182597 1.726528 1.528999 1.535967 0.000000 0.000000 0.000000 
0.000000 0.000000 0.000000 0.000000 0.000000 0.000000 1.358778 0.831012 1.052790 1.612565 1.997987 2.048757 1.593586 1.197961 1.407700 1.335676 0.000000 0.000000 0.000000 0.000000 0.000000 0.000000 0.000000 0.000000 1.846170 2.010806 2.149743 1.984319 1.989730 2.022167 2.128688 1.291221 1.735070 1.243292 0.000000 0.000000 
0.000000 0.000000 0.000000 0.000000 0.000000 0.000000 1.280443 0.000000 1.541682 2.003611 2.086224 1.940523 1.493115 1.061002 0.860397 0.000000 0.000000 0.000000 0.000000 0.000000 0.000000 0.000000 0.000000 0.000000 1.490453 1.798396 2.571543 2.644632 1.987422 1.853044 2.424785 1.991453 1.304527 0.921598 0.000000 0.000000 
0.000000 0.000000 0.000000 1.934669 0.000000 0.000000 0.000000 0.000000 1.628761 1.453684 2.164307 0.000000 0.000000 1.573492 0.951973 0.000000 0.000000 0.000000 0.000000 0.000000 0.000000 0.000000 0.000000 0.000000 0.000000 1.202011 1.769456 2.365794 1.918564 2.110400 1.491240 0.000000 1.304648 0.601717 0.000000 0.000000 
0.000000 0.000000 0.000000 0.000000 0.000000 0.000000 0.000000 0.000000 1.399151 1.370366 0.000000 0.000000 0.000000 0.000000 0.000000 0.000000 0.000000 0.000000 0.000000 0.000000 0.000000 0.000000 0.000000 0.000000 0.000000 1.002402 1.004050 0.000000 2.081379 1.744681 0.000000 0.000000 0.000000 0.563196 0.000000 0.000000 
0.000000 0.000000 0.000000 0.000000 0.000000 0.000000 0.000000 0.000000 1.161174 0.941447 1.067102 1.950026 0.000000 0.000000 0.917677 0.000000 0.000000 0.000000 0.000000 0.000000 0.000000 0.000000 0.000000 0.000000 0.000000 0.000000 0.000000 0.864717 1.847840 1.030192 0.000000 0.000000 0.000000 0.000000 0.000000 0.000000 
0.000000 0.000000 0.000000 0.000000 0.000000 0.000000 0.000000 0.000000 1.299987 1.234664 0.811156 0.641579 0.902948 0.000000 1.742522 0.000000 0.000000 0.000000 0.000000 0.000000 0.000000 0.000000 0.000000 0.000000 0.000000 0.000000 0.000000 0.000000 0.000000 0.000000 0.000000 0.000000 0.000000 0.000000 0.000000 0.000000 
0.000000 0.000000 0.000000 0.000000 0.000000 0.000000 0.000000 0.000000 0.000000 0.000000 0.000000 0.000000 0.000000 0.000000 0.000000 0.000000 0.000000 0.000000 0.000000 0.000000 0.000000 0.000000 0.000000 0.000000 0.000000 0.000000 0.000000 0.000000 0.000000 0.000000 0.000000 0.000000 0.000000 0.000000 0.000000 0.000000 
0.000000 0.000000 0.000000 0.000000 0.000000 0.000000 0.000000 0.000000 0.000000 0.000000 0.000000 0.000000 0.000000 0.000000 0.000000 0.000000 0.000000 0.000000 0.000000 0.000000 0.000000 0.000000 0.000000 0.000000 0.000000 0.000000 0.000000 0.000000 0.000000 0.000000 0.000000 0.000000 0.000000 0.000000 0.000000 0.000000 
0.000000 0.000000 0.000000 0.000000 0.000000 0.000000 0.000000 0.000000 0.000000 0.000000 0.000000 0.000000 0.000000 0.000000 0.000000 0.000000 0.000000 0.000000 0.000000 0.000000 0.000000 0.000000 0.000000 0.000000 0.000000 0.000000 0.000000 0.000000 0.000000 0.000000 0.000000 0.000000 0.000000 0.000000 0.000000 0.000000 

Y-20
0.000000 0.000000 0.000000 0.000000 0.000000 0.000000 0.000000 0.000000 0.000000 0.000000 0.000000 0.000000 0.000000 0.000000 0.000000 0.000000 0.000000 0.000000 0.000000 0.000000 0.000000 0.000000 1.677226 0.000000 0.000000 0.000000 0.000000 0.000000 0.000000 0.000000 0.000000 0.000000 0.000000 0.000000 0.000000 0.000000 
0.000000 0.000000 0.000000 0.000000 0.000000 0.000000 0.000000 0.000000 0.000000 0.000000 0.000000 0.000000 0.000000 0.000000 0.000000 0.000000 0.000000 0.000000 0.000000 0.000000 0.000000 0.000000 1.789862 2.265492 2.071872 1.545618 1.001491 0.000000 0.000000 0.000000 0.000000 0.000000 0.000000 0.000000 0.000000 0.000000 
0.000000 0.000000 0.000000 0.000000 0.000000 0.000000 0.000000 0.000000 0.000000 0.000000 0.000000 0.000000 2.766563 0.000000 0.000000 0.000000 0.000000 0.000000 0.000000 0.000000 0.000000 3.172730 2.630812 1.862989 2.104664 0.000000 0.000000 0.000000 0.000000 0.000000 0.000000 0.000000 0.000000 0.000000 0.000000 0.000000 
0.000000 0.000000 0.000000 0.000000 0.000000 0.000000 0.000000 0.000000 0.000000 0.000000 0.000000 1.845278 2.513992 2.815541 1.621618 1.975685 1.706619 0.000000 2.274306 2.774882 2.478928 3.429063 2.854354 2.226894 1.921812 0.000000 0.000000 0.000000 0.000000 0.000000 0.000000 0.000000 0.000000 0.000000 0.000000 0.000000 
0.000000 0.000000 0.000000 0.000000 0.000000 0.000000 0.000000 0.000000 0.000000 0.000000 0.000000 1.960474 2.146743 2.608262 1.922260 1.819409 1.736619 1.937205 2.058697 2.772230 2.816984 2.989146 2.786803 2.410176 2.083579 0.000000 0.000000 0.000000 0.000000 0.000000 0.000000 0.000000 0.000000 0.000000 0.000000 0.000000 
0.000000 0.000000 0.000000 0.000000 0.000000 0.000000 0.000000 0.000000 0.000000 0.000000 0.000000 1.795536 3.916091 2.563478 2.232067 1.829428 2.012675 1.702563 1.400692 2.425009 3.032876 3.479656 1.905106 2.005395 2.322987 0.000000 1.907148 1.453099 1.067916 0.000000 0.000000 0.000000 0.000000 0.000000 0.000000 0.000000 
0.000000 0.000000 0.000000 0.000000 0.000000 0.000000 0.000000 0.000000 0.000000 0.000000 0.000000 0.000000 2.036415 2.397205 1.980130 2.499644 2.038424 0.000000 2.282203 2.814840 2.725269 3.400352 2.064323 0.000000 0.000000 0.000000 1.558642 1.611036 1.631924 1.012172 0.000000 0.000000 0.000000 0.000000 0.000000 0.000000 
0.000000 0.000000 0.000000 0.000000 0.000000 0.000000 0.000000 0.000000 0.000000 0.000000 0.000000 0.000000 1.849833 1.617644 1.930995 2.070915 2.316397 0.000000 2.282153 0.000000 2.728062 3.558927 3.040183 0.000000 1.397660 0.000000 1.505285 1.377277 2.160778 1.685552 1.671691 0.883487 0.000000 0.000000 0.000000 0.000000 
0.000000 0.000000 0.000000 1.383179 0.000000 0.000000 0.000000 0.000000 0.000000 0.000000 1.611392 0.962665 0.000000 1.564651 1.584768 2.142024 0.000000 0.000000 2.149175 3.077916 3.390978 3.212439 3.174206 2.047110 1.973151 0.000000 1.931583 0.000000 2.060712 1.426844 1.706511 1.351815 0.000000 0.000000 0.000000 0.000000 
0.000000 0.000000 0.000000 2.151293 2.738961 1.845532 2.304471 2.819420 0.000000 2.506052 1.665852 0.000000 1.029044 1.166567 0.000000 2.069018 0.000000 1.956505 2.207344 0.000000 2.662777 3.485734 3.219864 2.377658 1.281272 0.000000 0.000000 0.000000 1.836465 0.000000 1.288940 0.000000 0.000000 0.000000 0.000000 0.000000 
0.000000 0.000000 2.433217 2.304315 2.794223 3.056799 2.901234 2.856117 3.108864 3.241399 1.628754 1.326445 1.679908 1.525333 1.360222 0.000000 0.000000 1.831213 1.830193 1.423989 1.905921 2.296553 2.343009 3.047861 0.000000 0.000000 0.000000 1.215267 1.277270 0.000000 0.000000 1.184724 0.000000 0.000000 0.000000 0.000000 
0.000000 2.297755 2.424304 2.085152 2.256011 2.313033 2.784351 2.319840 3.120118 2.851352 2.545783 1.874330 1.984043 2.108786 1.810741 1.883772 0.000000 0.000000 0.000000 1.735193 2.321479 2.260632 1.636403 2.918795 0.000000 0.000000 0.000000 0.000000 0.000000 0.000000 0.000000 0.000000 0.000000 0.000000 0.000000 0.000000 
0.000000 1.749721 1.914280 2.539012 1.894631 1.812576 2.669723 2.708787 2.981803 3.041407 2.890162 2.767923 2.150699 2.236169 1.825324 0.000000 0.000000 0.000000 0.000000 0.000000 0.000000 0.000000 0.000000 2.136603 0.000000 0.000000 0.000000 0.000000 0.000000 0.000000 1.058191 1.399354 1.657116 0.000000 0.000000 0.000000 
0.000000 1.643772 1.470687 0.000000 2.494199 1.889791 2.001719 2.452332 2.854255 2.971079 2.728778 2.509165 1.817662 2.022955 1.838981 1.366348 1.750451 0.000000 0.000000 0.000000 2.022345 2.001018 2.093774 3.063666 0.000000 0.000000 0.000000 0.000000 0.000000 0.000000 1.142910 1.442337 1.554628 0.000000 0.000000 0.000000 
0.000000 1.870030 0.000000 0.000000 0.000000 1.742884 1.998609 2.404233 2.682367 2.721335 2.574544 2.456873 2.344864 2.749181 0.000000 1.510477 0.000000 0.000000 0.000000 1.966331 2.261595 2.108677 1.928421 2.307975 2.621121 1.954133 1.594195 1.479253 0.000000 1.554828 1.278591 0.000000 1.216568 0.000000 0.000000 0.000000 
0.000000 0.000000 0.000000 0.000000 1.636280 1.760570 1.594131 2.452269 3.869063 3.707984 2.933074 1.887252 1.481030 1.203255 0.000000 1.556824 0.000000 0.000000 0.000000 0.000000 0.000000 1.932862 2.061995 2.058026 2.889056 1.822111 1.887787 1.603416 0.711392 1.302903 0.000000 0.000000 0.738609 0.000000 0.000000 0.000000 
0.000000 0.000000 2.749028 1.845872 1.237059 1.269749 1.385449 1.866203 2.464906 3.361743 2.652731 2.162322 1.752567 1.346728 1.149624 0.000000 0.000000 0.000000 0.000000 0.000000 2.555733 2.307856 2.290969 2.671180 2.277994 2.296122 1.347077 0.000000 1.420753 1.369841 1.247878 1.116024 0.702987 0.000000 0.000000 0.000000 
0.000000 0.000000 2.578078 0.000000 0.000000 1.197653 1.061453 1.374451 2.193775 2.673161 2.432999 2.255851 1.740506 1.623624 1.540456 0.000000 0.000000 0.000000 0.000000 0.000000 1.695446 1.598600 2.085647 1.879509 2.219264 2.302516 2.106546 1.640397 1.652718 1.656186 1.836993 1.585797 0.000000 0.000000 0.000000 0.000000 
0.000000 0.000000 0.000000 0.000000 1.938641 0.000000 0.843260 0.725373 1.186656 2.080880 2.075186 2.169808 1.886207 1.242088 1.149446 1.016473 0.000000 0.000000 0.000000 0.000000 0.000000 0.000000 0.000000 0.000000 1.419583 2.447449 0.000000 2.259649 2.710339 2.484652 1.654695 1.472481 1.501147 0.000000 0.000000 0.000000 
0.000000 0.000000 0.000000 0.000000 0.000000 0.000000 0.000000 0.000000 1.299755 1.610987 1.500249 1.357596 1.807915 1.715722 1.039006 0.000000 0.000000 0.000000 0.000000 0.000000 0.000000 0.000000 0.000000 0.000000 0.000000 2.503629 2.260731 2.172125 1.901686 2.713707 2.115889 0.000000 1.320724 0.702978 0.000000 0.000000 
0.000000 0.000000 0.000000 0.000000 0.000000 0.000000 0.985407 1.216726 2.070717 2.251727 1.606193 1.692979 1.977126 1.572631 0.000000 0.000000 0.000000 0.000000 0.000000 0.000000 0.000000 0.000000 0.000000 0.000000 0.000000 0.000000 2.715587 2.597693 2.134894 2.346443 1.991480 2.056442 1.208717 0.000000 0.000000 0.000000 
0.000000 0.000000 0.000000 0.000000 0.000000 0.000000 1.023402 1.006698 1.820343 4.318356 2.297905 1.357274 1.379317 1.535985 0.000000 0.000000 0.000000 0.000000 0.000000 0.000000 0.000000 0.000000 0.000000 0.000000 0.000000 0.000000 1.702241 2.672058 2.299208 2.034012 1.494551 1.196169 1.159603 0.818119 0.000000 0.000000 
0.000000 0.000000 0.000000 0.000000 0.000000 0.000000 0.000000 0.000000 1.327547 3.267400 0.000000 1.444947 1.140437 1.603986 0.000000 0.000000 0.000000 0.000000 0.000000 0.000000 0.000000 0.000000 0.000000 0.000000 0.000000 0.000000 1.185590 2.665033 2.886640 2.166296 1.183930 0.000000 0.784897 0.681088 0.000000 0.000000 
0.000000 0.000000 0.000000 0.000000 0.000000 0.000000 0.000000 0.000000 0.000000 0.000000 1.213657 1.229422 1.315530 1.724316 1.492399 0.000000 0.000000 0.000000 0.000000 0.000000 0.000000 0.000000 0.000000 0.000000 0.000000 0.000000 0.318598 0.727712 1.766313 1.255227 0.000000 0.000000 0.000000 0.000000 0.000000 0.000000 
0.000000 0.000000 0.000000 0.000000 0.000000 0.000000 0.000000 0.000000 0.000000 0.904592 0.000000 0.000000 1.699460 0.000000 1.347770 0.000000 0.000000 0.000000 0.000000 0.000000 0.000000 0.000000 0.000000 0.000000 0.000000 0.000000 0.000000 0.000000 0.964223 0.000000 0.000000 0.000000 0.000000 0.000000 0.000000 0.000000 
0.000000 0.000000 0.000000 0.000000 0.000000 0.000000 0.000000 0.000000 0.000000 0.000000 0.000000 1.170313 1.536837 0.000000 0.000000 0.000000 0.000000 0.000000 0.000000 0.000000 0.000000 0.000000 0.000000 0.000000 0.000000 0.000000 0.000000 0.000000 0.000000 0.000000 0.000000 0.000000 0.000000 0.000000 0.000000 0.000000 
0.000000 0.000000 0.000000 0.000000 0.000000 0.000000 0.000000 0.000000 0.000000 0.000000 0.000000 1.030436 0.000000 0.000000 0.000000 0.000000 0.000000 0.000000 0.000000 0.000000 0.000000 0.000000 0.000000 0.000000 0.000000 0.000000 0.000000 0.000000 0.000000 0.000000 0.000000 0.000000 0.000000 0.000000 0.000000 0.000000 
0.000000 0.000000 0.000000 0.000000 0.000000 0.000000 0.000000 0.000000 0.000000 0.000000 0.000000 0.000000 0.000000 0.000000 0.000000 0.000000 0.000000 0.000000 0.000000 0.000000 0.000000 0.000000 0.000000 0.000000 0.000000 0.000000 0.000000 0.000000 0.000000 0.000000 0.000000 0.000000 0.000000 0.000000 0.000000 0.000000 

Y-21
0.000000 0.000000 0.000000 0.000000 0.000000 0.000000 0.000000 0.000000 0.000000 0.000000 0.000000 0.000000 0.000000 0.000000 0.000000 0.000000 0.000000 0.000000 0.000000 0.000000 0.000000 0.000000 0.000000 0.000000 0.000000 0.000000 0.000000 0.000000 0.000000 0.000000 0.000000 0.000000 0.000000 0.000000 0.000000 0.000000 
0.000000 0.000000 0.000000 0.000000 0.000000 0.000000 0.000000 0.000000 0.000000 0.000000 0.000000 0.000000 0.000000 0.000000 0.000000 0.000000 0.000000 0.000000 0.000000 0.000000 0.000000 0.000000 1.193758 1.708218 1.626445 1.300548 0.000000 0.000000 0.000000 0.000000 0.000000 0.000000 0.000000 0.000000 0.000000 0.000000 
0.000000 0.000000 0.000000 0.000000 0.000000 0.000000 0.000000 0.000000 0.000000 0.000000 0.000000 0.000000 0.000000 1.852263 0.000000 0.000000 0.000000 0.000000 0.000000 0.000000 0.000000 2.013834 2.022417 1.648915 2.155273 0.000000 0.000000 0.000000 0.000000 0.000000 0.000000 0.000000 0.000000 0.000000 0.000000 0.000000 
0.000000 0.000000 0.000000 0.000000 0.000000 0.000000 0.000000 0.000000 0.000000 0.000000 0.000000 0.000000 2.095442 0.000000 1.691503 0.000000 1.515701 1.322781 0.000000 1.962124 1.929796 2.451942 2.834770 2.110247 2.166723 0.000000 0.000000 0.000000 0.000000 0.000000 0.000000 0.000000 0.000000 0.000000 0.000000 0.000000 
0.000000 0.000000 0.000000 0.000000 0.000000 0.000000 0.000000 0.000000 0.000000 0.000000 0.000000 0.000000 0.000000 2.200535 1.986011 2.239913 1.704070 1.706619 2.269198 2.614714 2.902343 2.037718 2.809751 2.344588 0.000000 0.000000 0.000000 0.000000 0.000000 0.000000 0.000000 0.000000 0.000000 0.000000 0.000000 0.000000 
0.000000 0.000000 0.000000 0.000000 0.000000 0.000000 0.000000 0.000000 0.000000 0.000000 0.000000 2.522127 1.884866 1.961614 2.460640 2.308516 2.323215 2.053288 1.889739 2.405843 3.398823 3.418644 2.144854 1.775650 0.000000 0.000000 0.000000 0.000000 0.000000 0.000000 0.000000 0.000000 0.000000 0.000000 0.000000 0.000000 
0.000000 0.000000 0.000000 0.000000 0.000000 0.000000 0.000000 0.000000 0.000000 0.000000 1.267140 1.651948 1.660584 2.149770 2.425211 2.627059 1.996539 2.102594 1.897287 2.187719 2.602377 3.307452 2.295154 2.018477 1.895561 0.000000 0.000000 1.989087 1.212800 0.000000 0.000000 0.000000 0.000000 0.000000 0.000000 0.000000 
0.000000 0.000000 0.000000 0.000000 0.000000 0.000000 0.000000 0.000000 0.000000 0.000000 0.000000 0.000000 0.000000 1.438291 2.047894 1.953474 2.301365 2.157461 2.567804 3.158040 3.342079 2.614685 2.170453 2.052931 1.587847 1.484052 0.000000 1.380121 1.624651 1.090146 0.000000 0.000000 0.000000 0.000000 0.000000 0.000000 
0.000000 0.000000 0.000000 1.182902 1.314263 0.000000 0.000000 0.000000 0.000000 0.000000 0.000000 0.000000 0.000000 1.587195 2.035194 2.118137 1.984964 1.989452 2.443838 2.682711 3.608803 3.475892 2.797133 1.969034 0.000000 0.000000 1.497424 0.000000 1.798634 1.458492 1.288097 0.942912 0.000000 0.000000 0.000000 0.000000 
0.000000 0.000000 0.000000 2.038614 1.553778 1.924227 2.805047 3.044166 0.000000 2.006165 1.630053 0.000000 1.648755 2.170630 2.029802 1.911401 0.000000 2.174004 2.101995 2.086811 2.505587 2.862054 2.853038 2.124493 1.191122 1.259625 1.759020 0.000000 2.072353 1.536402 1.377887 0.905519 0.000000 0.000000 0.000000 0.000000 
1.677554 1.943396 2.484864 2.209077 2.607897 2.060021 3.409708 3.104405 2.771016 2.584231 1.876928 2.088957 2.305605 1.738831 2.115839 1.875044 0.000000 1.923806 0.000000 2.164363 2.472437 2.127739 2.573178 3.159090 1.886840 1.305881 1.307206 1.533259 1.327572 1.261824 1.105260 0.000000 0.000000 0.000000 0.000000 0.000000 
0.000000 2.413035 2.198336 0.000000 2.342680 2.708156 3.158924 2.921574 2.430721 2.259711 2.428109 2.241873 2.289519 2.862522 2.465526 2.536250 1.897983 2.042133 0.000000 0.000000 0.000000 1.831051 2.023700 2.820284 2.912652 0.000000 0.000000 0.000000 0.000000 0.000000 0.000000 0.000000 0.000000 0.000000 0.000000 0.000000 
0.000000 0.000000 2.542348 2.817485 2.456013 2.282765 2.657238 3.027334 2.941973 2.319498 2.329635 1.780699 1.941782 1.958745 0.000000 1.716164 2.043676 0.000000 1.713086 0.000000 0.000000 1.927242 1.970271 2.445343 0.000000 0.000000 0.000000 0.000000 0.000000 0.000000 0.000000 0.000000 0.000000 0.000000 0.000000 0.000000 
0.000000 2.658107 2.614035 2.294235 2.222323 1.974832 2.335825 2.570102 2.739561 2.399301 2.508528 2.561285 2.666783 2.730611 1.701452 1.993917 2.050220 2.055125 2.256776 0.000000 0.000000 2.176431 1.808467 2.154297 0.000000 2.173807 2.015718 2.607055 0.000000 0.000000 0.000000 0.000000 0.000000 0.000000 0.000000 0.000000 
0.000000 1.603755 0.000000 0.000000 1.818242 1.863577 1.901446 2.802849 2.765986 2.387244 1.872646 1.921763 1.925655 3.220443 2.393587 2.347134 0.000000 0.000000 0.000000 0.000000 2.169459 2.288785 2.343171 2.661452 3.279200 3.121297 2.315189 2.167548 1.637402 1.715437 1.596875 0.000000 0.000000 0.000000 0.000000 0.000000 
0.000000 0.000000 0.000000 0.000000 1.490376 1.707486 1.958479 2.054798 2.687470 2.764254 1.992295 1.683027 0.000000 1.895798 2.531687 1.992897 0.000000 0.000000 0.000000 0.000000 2.403995 2.528897 2.643490 2.521556 3.011836 3.146051 2.169250 1.700150 1.172062 1.066550 0.000000 0.000000 0.000000 0.000000 0.000000 0.000000 
0.000000 0.000000 1.825291 2.189864 1.909877 1.691518 2.291840 2.330574 1.905225 2.782890 2.340249 2.438801 1.809971 1.586731 1.494007 1.238670 0.000000 0.000000 0.000000 1.807770 3.078703 2.811418 2.563253 2.226969 2.257647 2.473172 1.791252 0.000000 1.745101 0.999871 0.000000 0.000000 0.000000 0.000000 0.000000 0.000000 
0.000000 0.000000 1.716067 1.870729 1.799890 1.068863 1.050172 1.792666 0.000000 2.171550 2.672010 2.067581 1.528659 1.407104 1.262313 0.000000 0.000000 0.000000 0.000000 0.000000 2.441756 2.894126 2.241594 2.490945 2.429226 2.777566 2.417474 1.442677 1.156590 1.036292 1.096204 1.408373 0.000000 0.000000 0.000000 0.000000 
0.000000 0.000000 0.000000 1.118702 1.044472 0.000000 0.000000 1.238962 1.542484 1.428045 1.773612 1.967369 1.473241 1.135845 0.885890 1.201013 0.000000 0.000000 0.000000 0.000000 0.000000 1.779976 1.354116 1.388607 1.270231 1.821083 1.899525 2.045124 1.978080 2.487502 1.642205 1.569717 1.399235 0.000000 0.000000 0.000000 
0.000000 0.000000 0.000000 1.089072 0.000000 0.000000 0.000000 1.955390 1.377447 1.178412 1.173178 1.291140 1.480214 1.187529 1.425650 1.310666 0.000000 0.000000 0.000000 0.000000 0.000000 1.802883 1.631430 0.000000 1.203963 1.673828 2.473372 2.315059 2.473545 2.826449 2.556168 1.802428 1.320636 0.892746 0.000000 0.000000 
0.000000 0.000000 0.000000 0.000000 0.000000 0.000000 1.078480 1.648387 1.892740 1.393286 1.448903 1.614911 1.677209 1.350480 1.373770 1.527023 0.000000 0.000000 0.000000 0.000000 0.000000 0.000000 0.000000 0.000000 0.000000 1.493949 2.635878 2.143720 2.208723 2.193701 1.874857 1.529375 0.000000 1.020512 0.000000 0.000000 
0.000000 0.000000 0.000000 0.000000 0.000000 0.000000 0.658559 1.161216 3.337598 2.897626 1.338952 0.000000 1.578288 1.314212 1.357869 0.000000 0.000000 0.000000 0.000000 0.000000 0.000000 0.000000 0.000000 0.000000 0.000000 1.267125 2.092679 2.770652 2.716814 2.639710 1.229577 0.000000 0.000000 0.000000 0.000000 0.000000 
0.000000 0.000000 0.000000 0.000000 0.000000 0.000000 0.000000 0.822668 1.061110 1.889741 1.706947 1.287376 1.091030 0.000000 0.000000 0.000000 0.000000 0.000000 0.000000 0.000000 0.000000 0.000000 0.000000 0.000000 0.000000 0.000000 0.000000 2.629234 2.880709 2.459725 0.000000 0.000000 0.000000 0.000000 0.000000 0.000000 
0.000000 0.000000 0.000000 0.000000 0.000000 0.000000 0.000000 0.000000 0.000000 0.953483 1.258421 1.770777 1.787578 1.446298 0.000000 0.000000 0.000000 0.000000 0.000000 0.000000 0.000000 0.000000 0.000000 0.000000 0.000000 0.000000 1.359569 0.950115 1.753146 1.678157 0.000000 0.000000 0.000000 0.000000 0.000000 0.000000 
0.000000 0.000000 0.000000 0.000000 0.000000 0.000000 0.000000 0.000000 0.000000 0.698075 1.046869 1.789974 2.039421 1.330163 0.662580 0.000000 0.000000 0.000000 0.000000 0.000000 0.000000 0.000000 0.000000 0.000000 0.000000 0.000000 0.744473 0.000000 0.000000 0.000000 0.000000 0.000000 0.000000 0.000000 0.000000 0.000000 
0.000000 0.000000 0.000000 0.000000 0.000000 0.000000 0.000000 0.000000 0.000000 0.000000 0.000000 2.034563 1.701348 0.000000 0.000000 0.000000 0.000000 0.000000 0.000000 0.000000 0.000000 0.000000 0.000000 0.000000 0.000000 0.000000 0.000000 0.000000 0.000000 0.000000 0.000000 0.000000 0.000000 0.000000 0.000000 0.000000 
0.000000 0.000000 0.000000 0.000000 0.000000 0.000000 0.000000 0.000000 0.000000 0.000000 0.629920 1.456694 0.000000 0.000000 0.000000 0.000000 0.000000 0.000000 0.000000 0.000000 0.000000 0.000000 0.000000 0.000000 0.000000 0.000000 0.000000 0.000000 0.000000 0.000000 0.000000 0.000000 0.000000 0.000000 0.000000 0.000000 
0.000000 0.000000 0.000000 0.000000 0.000000 0.000000 0.000000 0.000000 0.000000 0.000000 0.000000 0.393894 0.000000 0.000000 0.000000 0.000000 0.000000 0.000000 0.000000 0.000000 0.000000 0.000000 0.000000 0.000000 0.000000 0.000000 0.000000 0.000000 0.000000 0.000000 0.000000 0.000000 0.000000 0.000000 0.000000 0.000000 

Y-22
0.000000 0.000000 0.000000 0.000000 0.000000 0.000000 0.000000 0.000000 0.000000 0.000000 0.000000 0.000000 0.000000 0.000000 0.000000 0.000000 0.000000 0.000000 0.000000 0.000000 0.000000 0.000000 0.000000 0.000000 0.000000 0.000000 0.000000 0.000000 0.000000 0.000000 0.000000 0.000000 0.000000 0.000000 0.000000 0.000000 
0.000000 0.000000 0.000000 0.000000 0.000000 0.000000 0.000000 0.000000 0.000000 0.000000 0.000000 0.000000 0.000000 0.000000 0.000000 0.000000 0.000000 0.000000 0.000000 0.000000 0.000000 0.000000 0.000000 0.000000 0.000000 0.000000 0.000000 0.000000 0.000000 0.000000 0.000000 0.000000 0.000000 0.000000 0.000000 0.000000 
0.000000 0.000000 0.000000 0.000000 0.000000 0.000000 0.000000 0.000000 0.000000 0.000000 0.000000 0.000000 0.000000 0.000000 0.000000 0.000000 0.000000 0.000000 0.000000 0.000000 0.000000 0.000000 0.000000 0.000000 0.000000 0.000000 0.000000 0.000000 0.000000 0.000000 0.000000 0.000000 0.000000 0.000000 0.000000 0.000000 
0.000000 0.000000 0.000000 0.000000 0.000000 0.000000 0.000000 0.000000 0.000000 0.000000 0.000000 0.000000 1.174795 1.640611 2.011443 1.828771 1.518205 1.467028 1.906152 2.687120 1.499973 1.081501 0.770556 1.414959 0.000000 0.000000 0.000000 0.000000 0.000000 0.000000 0.000000 0.000000 0.000000 0.000000 0.000000 0.000000 
0.000000 0.000000 0.000000 0.000000 0.000000 0.000000 0.000000 0.000000 0.000000 0.000000 0.000000 0.000000 1.725968 2.210055 2.017130 2.457418 2.364936 1.515701 1.636441 2.464449 0.000000 1.273666 1.983836 2.300693 0.000000 0.000000 0.000000 0.000000 0.000000 0.000000 0.000000 0.000000 0.000000 0.000000 0.000000 0.000000 
0.000000 0.000000 0.000000 0.000000 0.000000 0.000000 0.000000 0.000000 0.000000 0.000000 0.000000 1.235809 1.701488 2.162518 2.350883 2.353417 2.336620 1.704070 2.213807 2.485470 2.713144 1.651103 1.953584 0.000000 0.000000 0.000000 0.000000 0.000000 0.000000 0.000000 0.000000 0.000000 0.000000 0.000000 0.000000 0.000000 
0.000000 0.000000 0.000000 0.000000 0.000000 0.000000 0.000000 0.000000 0.000000 0.000000 0.000000 1.245781 1.518681 2.041327 2.070869 2.382115 2.171649 2.335653 2.787067 2.667437 2.420157 2.549434 2.207936 2.199125 0.000000 0.000000 0.000000 2.174382 1.073449 0.000000 0.000000 0.000000 0.000000 0.000000 0.000000 0.000000 
0.000000 0.000000 0.000000 0.000000 0.000000 0.000000 0.000000 0.000000 0.000000 0.000000 0.000000 1.637608 2.010875 2.411473 2.132015 2.124134 2.111287 2.072309 2.355173 2.475245 2.724714 2.643868 2.406049 1.336089 1.480437 2.252471 2.350857 2.073418 1.840888 0.856550 0.000000 0.000000 0.000000 0.000000 0.000000 0.000000 
0.000000 0.000000 1.744179 1.180043 0.000000 0.000000 0.000000 0.000000 0.000000 0.000000 0.000000 1.756200 1.943306 1.796495 1.515373 1.420119 1.881953 1.914942 1.960695 2.253543 2.535556 2.623597 2.671658 1.609318 1.020640 1.577365 1.504244 1.341946 0.000000 1.324714 0.000000 0.000000 0.000000 0.000000 0.000000 0.000000 
0.000000 0.000000 0.000000 2.067002 0.888071 0.000000 2.177759 2.348456 0.000000 0.000000 0.000000 0.000000 1.874432 2.036307 1.686025 1.612737 1.985215 1.912534 1.705230 2.574306 2.031283 1.638646 3.174635 2.362104 1.836452 1.428798 1.332205 1.358564 0.982223 1.499622 0.000000 0.000000 0.000000 0.000000 0.000000 0.000000 
0.000000 0.665963 1.149804 0.000000 2.194534 1.706204 2.255768 1.928599 2.362730 2.338991 2.607293 2.601790 2.718337 2.539714 2.775227 2.151850 2.219137 2.168681 2.003260 2.608430 2.243539 2.001466 2.811985 2.847744 2.650428 2.145960 1.570881 1.521470 0.000000 1.506165 1.323542 0.000000 0.000000 0.000000 0.000000 0.000000 
0.000000 1.747834 1.691167 2.068901 2.575036 1.915045 3.066771 2.802491 2.825607 2.421761 1.928781 2.067755 1.937371 2.185578 2.638589 2.276637 2.453194 2.158028 0.000000 2.172404 0.000000 1.923227 2.396194 2.167248 1.800045 0.000000 1.313528 1.121738 0.000000 0.000000 0.000000 0.000000 0.000000 0.000000 0.000000 0.000000 
0.000000 0.000000 1.899221 2.181865 2.425464 2.613714 2.818870 3.020204 0.000000 2.493795 2.111688 2.152418 2.066817 1.846575 2.344322 2.249980 2.607024 0.000000 2.167703 2.034526 0.000000 1.694011 1.807359 1.981804 1.598795 2.206050 1.819203 1.471874 0.000000 0.000000 0.000000 0.000000 0.000000 0.000000 0.000000 0.000000 
0.000000 0.000000 1.499453 0.000000 2.859530 2.350605 3.145051 2.842865 0.000000 1.776114 1.891405 2.249159 2.568656 2.341372 2.763656 2.115198 1.848467 0.000000 0.000000 1.902060 0.000000 2.274716 2.289502 2.369765 2.522538 2.853315 2.687938 2.042282 0.000000 0.000000 0.000000 0.000000 0.000000 0.000000 0.000000 0.000000 
0.000000 0.000000 1.275918 1.852276 2.642818 2.664293 2.934001 3.141406 2.408271 1.792068 1.786817 1.538821 2.257069 2.696100 2.346099 0.000000 1.763775 0.000000 0.000000 0.000000 0.000000 2.564109 2.844436 2.616869 3.008420 2.862065 2.389177 2.180269 2.308413 1.730098 0.000000 0.000000 0.000000 0.000000 0.000000 0.000000 
0.000000 0.000000 0.000000 0.000000 2.167478 2.203212 1.995451 1.435967 1.676225 1.954038 2.036754 1.902851 1.692093 1.807372 1.858899 0.000000 0.000000 0.000000 0.000000 1.847007 2.366190 2.502080 2.502069 2.667910 3.334088 3.913676 3.198320 2.332064 2.287153 1.692482 0.868764 0.000000 0.000000 0.000000 0.000000 0.000000 
0.000000 0.000000 0.000000 1.378699 1.722181 2.408111 2.225207 1.757238 2.110064 2.112030 1.997784 1.641835 1.473309 1.437721 0.000000 0.000000 0.000000 0.000000 0.000000 1.104863 1.738917 2.818615 3.132484 2.561219 2.742991 3.690263 2.834210 2.011919 1.992044 0.901730 0.000000 0.000000 0.000000 0.000000 0.000000 0.000000 
0.000000 0.000000 0.000000 0.000000 0.000000 1.643393 2.060324 1.728715 1.659734 1.822824 1.655556 1.674902 1.318977 0.000000 0.000000 0.000000 0.000000 0.000000 0.000000 0.799264 1.457717 3.376520 4.411299 2.724988 2.576635 2.538865 2.637362 1.653551 1.740523 1.274613 0.754346 0.859822 0.000000 0.000000 0.000000 0.000000 
0.000000 0.000000 0.000000 0.000000 0.000000 1.434327 2.198907 0.000000 1.111431 1.017347 1.285920 1.598514 1.470360 0.000000 0.000000 0.000000 0.000000 0.000000 0.000000 0.000000 0.000000 1.959329 2.165038 1.527575 2.160063 2.436641 2.727949 2.520507 1.977090 1.891024 1.430043 1.359199 0.000000 0.000000 0.000000 0.000000 
0.000000 0.000000 0.000000 0.000000 0.000000 0.000000 0.000000 1.618764 1.416047 0.000000 1.244416 1.391212 1.226228 1.355882 0.000000 0.000000 0.000000 0.000000 0.000000 0.000000 0.000000 2.019588 1.426358 0.000000 1.338375 1.337905 1.905390 2.076826 2.468089 2.268722 2.421039 0.000000 0.000000 0.000000 0.000000 0.000000 
0.000000 0.000000 0.000000 0.000000 0.000000 0.000000 0.000000 0.000000 2.146369 0.000000 0.967575 0.839017 0.905220 1.086139 1.471189 0.000000 0.000000 0.000000 0.000000 0.000000 0.000000 1.317351 0.000000 0.000000 0.000000 1.055272 2.016863 2.355602 2.367348 1.854595 1.989211 1.468037 0.000000 0.000000 0.000000 0.000000 
0.000000 0.000000 0.000000 0.000000 0.000000 0.000000 0.000000 0.000000 2.492830 0.000000 1.021179 1.356667 1.483240 1.446783 1.187001 0.000000 0.000000 0.000000 0.000000 0.000000 0.000000 0.000000 0.000000 0.000000 0.000000 1.107688 2.309202 3.365887 2.752310 2.456687 1.393530 0.941270 0.000000 0.000000 0.000000 0.000000 
0.000000 0.000000 0.000000 0.000000 0.000000 0.000000 0.000000 0.000000 0.898892 0.901704 1.136194 1.401958 1.795617 1.839192 1.284318 0.000000 0.000000 0.000000 0.000000 0.000000 0.000000 0.000000 0.000000 0.000000 0.000000 0.000000 1.670449 2.506956 2.456335 2.594059 1.697795 0.000000 0.000000 0.000000 0.000000 0.000000 
0.000000 0.000000 0.000000 0.000000 0.000000 0.000000 0.000000 0.000000 0.889958 0.967726 1.872168 2.024079 0.000000 1.811774 0.000000 0.000000 0.000000 0.000000 0.000000 0.000000 0.000000 0.000000 0.000000 0.000000 0.000000 0.000000 2.055996 1.452576 1.414594 2.174713 0.000000 0.000000 0.000000 0.000000 0.000000 0.000000 
0.000000 0.000000 0.000000 0.000000 0.000000 0.000000 0.000000 0.000000 0.000000 0.000000 1.876180 1.982738 1.375084 0.974527 0.000000 0.000000 0.000000 0.000000 0.000000 0.000000 0.000000 0.000000 0.000000 0.000000 0.000000 0.751928 1.200565 0.697516 0.000000 1.350857 0.000000 0.000000 0.000000 0.000000 0.000000 0.000000 
0.000000 0.000000 0.000000 0.000000 0.000000 0.000000 0.000000 0.000000 0.000000 1.648895 2.803324 2.035214 1.338484 1.469176 1.105827 0.000000 0.000000 0.000000 0.000000 0.000000 0.000000 0.000000 0.000000 0.000000 0.000000 0.000000 0.000000 0.000000 0.000000 0.000000 0.000000 0.000000 0.000000 0.000000 0.000000 0.000000 
0.000000 0.000000 0.000000 0.000000 0.000000 0.000000 0.000000 0.000000 0.000000 0.802031 1.410439 1.727250 0.000000 0.731180 0.000000 0.000000 0.000000 0.000000 0.000000 0.000000 0.000000 0.000000 0.000000 0.000000 0.000000 0.000000 0.000000 0.000000 0.000000 0.000000 0.000000 0.000000 0.000000 0.000000 0.000000 0.000000 
0.000000 0.000000 0.000000 0.000000 0.000000 0.000000 0.000000 0.000000 0.000000 0.000000 0.000000 0.443390 0.000000 0.000000 0.000000 0.000000 0.000000 0.000000 0.000000 0.000000 0.000000 0.000000 0.000000 0.000000 0.000000 0.000000 0.000000 0.000000 0.000000 0.000000 0.000000 0.000000 0.000000 0.000000 0.000000 0.000000 

Y-23
0.000000 0.000000 0.000000 0.000000 0.000000 0.000000 0.000000 0.000000 0.000000 0.000000 0.000000 0.000000 0.000000 0.000000 0.000000 0.000000 0.000000 0.000000 0.000000 0.000000 0.000000 0.000000 0.000000 0.000000 0.000000 0.000000 0.000000 0.000000 0.000000 0.000000 0.000000 0.000000 0.000000 0.000000 0.000000 0.000000 
0.000000 0.000000 0.000000 0.000000 0.000000 0.000000 0.000000 0.000000 0.000000 0.000000 0.000000 0.000000 0.000000 0.000000 0.000000 0.000000 0.000000 0.000000 0.000000 0.000000 0.000000 0.000000 0.000000 0.000000 0.000000 0.000000 0.000000 0.000000 0.000000 0.000000 0.000000 0.000000 0.000000 0.000000 0.000000 0.000000 
0.000000 0.000000 0.000000 0.000000 0.000000 0.000000 0.000000 0.000000 0.000000 0.000000 0.000000 0.000000 0.000000 0.000000 0.000000 0.000000 0.000000 0.000000 0.000000 0.000000 0.000000 0.000000 0.000000 0.000000 0.000000 0.000000 0.000000 0.000000 0.000000 0.000000 0.000000 0.000000 0.000000 0.000000 0.000000 0.000000 
0.000000 0.000000 0.000000 0.000000 0.000000 0.000000 0.000000 0.000000 0.000000 0.000000 0.000000 0.000000 0.000000 0.000000 0.000000 0.000000 1.269586 2.067883 2.088735 0.000000 0.000000 0.000000 0.000000 0.000000 0.000000 0.000000 0.000000 0.000000 0.000000 0.000000 0.000000 0.000000 0.000000 0.000000 0.000000 0.000000 
0.000000 0.000000 0.000000 0.000000 0.000000 0.000000 0.000000 0.000000 0.000000 0.000000 0.000000 0.000000 0.000000 0.000000 0.000000 1.996113 1.539529 1.518205 2.012492 1.751756 0.000000 0.000000 0.000000 0.000000 0.000000 0.000000 0.000000 0.000000 0.000000 0.000000 0.000000 0.000000 0.000000 0.000000 0.000000 0.000000 
0.000000 0.000000 0.000000 0.000000 0.000000 0.000000 0.000000 0.000000 0.000000 0.000000 0.000000 0.000000 1.524629 1.388481 1.662338 1.779780 2.202186 2.305753 2.525714 2.277728 1.567233 1.357941 0.000000 0.000000 0.000000 0.000000 0.000000 0.000000 0.000000 0.000000 0.000000 0.000000 0.000000 0.000000 0.000000 0.000000 
0.000000 0.000000 0.000000 0.000000 0.000000 0.000000 0.000000 0.000000 0.000000 0.000000 0.000000 0.000000 1.832388 1.979507 1.866027 2.032865 2.157958 2.495598 2.679583 2.730789 2.160381 2.339852 1.374071 0.000000 0.000000 0.000000 0.000000 2.079146 0.951860 0.000000 0.000000 0.000000 0.000000 0.000000 0.000000 0.000000 
0.000000 0.000000 0.000000 0.000000 0.000000 0.000000 0.000000 0.000000 0.000000 0.000000 0.000000 1.587989 1.356117 1.589004 1.714622 1.931697 2.136753 2.001886 2.025449 2.615529 2.320312 0.000000 1.728976 1.179044 0.000000 2.463381 2.411951 2.890441 1.953824 0.909704 0.000000 0.000000 0.000000 0.000000 0.000000 0.000000 
0.000000 0.868809 1.009868 0.286160 0.000000 0.000000 0.000000 0.000000 0.000000 0.000000 0.000000 1.584196 1.821098 1.806209 1.703647 1.997415 2.003004 1.914941 2.327706 1.810200 1.755549 2.372198 2.205669 2.240329 1.411105 2.293556 2.144698 2.546769 1.889818 1.439987 0.000000 0.000000 0.000000 0.000000 0.000000 0.000000 
0.000000 0.000000 0.000000 1.247197 1.345317 0.000000 1.755345 0.000000 0.000000 0.000000 0.000000 0.000000 0.000000 2.341582 2.026579 1.871523 1.889809 1.614286 2.781996 2.724723 2.054792 1.918914 2.732713 2.842902 2.336749 1.593022 1.680586 1.583237 1.010940 1.110019 0.789515 0.000000 0.000000 0.000000 0.000000 0.000000 
0.000000 0.000000 0.000000 0.389010 1.051827 2.039399 1.644299 1.574660 1.778179 1.876688 1.713337 2.320722 2.456466 2.314532 2.256398 2.359197 1.883142 1.609269 1.606735 0.000000 2.165447 2.403316 2.247872 2.368611 1.913793 1.914137 1.443694 1.237936 1.239939 0.973684 1.358118 0.000000 0.000000 0.000000 0.000000 0.000000 
0.000000 0.000000 0.000000 0.000000 1.827226 2.200625 0.000000 1.758932 1.628615 2.026517 0.000000 2.383506 2.175270 2.532531 2.531589 2.739588 2.431335 2.015298 2.250761 0.000000 0.000000 2.037491 2.243449 2.051392 1.635185 1.673935 2.170723 0.000000 0.000000 0.000000 0.000000 0.000000 0.000000 0.000000 0.000000 0.000000 
0.000000 0.000000 1.001076 1.120555 1.872470 2.811527 2.520286 1.956231 2.089707 2.070994 2.770599 2.444259 2.200965 2.650373 2.362141 2.454221 2.297810 2.311637 2.636290 0.000000 2.126415 2.013429 2.028716 2.483408 2.114179 1.801790 1.608437 0.000000 0.000000 1.566534 1.512049 0.000000 0.000000 0.000000 0.000000 0.000000 
0.000000 0.000000 0.109645 0.000000 2.487338 3.115054 3.583756 2.547927 1.728634 1.783823 1.869298 2.647966 0.000000 2.241985 2.522063 2.108830 2.297884 2.028701 2.513445 2.291326 2.143284 2.231727 2.039563 1.844052 2.086440 2.666109 2.652297 1.558898 1.503055 1.275493 0.000000 0.000000 0.000000 0.000000 0.000000 0.000000 
0.000000 0.000000 0.000000 0.000000 2.099256 2.631485 3.130445 2.297814 1.875855 1.634721 1.388129 1.450850 1.988526 1.806895 2.076451 0.000000 2.041390 0.000000 1.651743 1.985652 0.000000 2.426153 0.000000 2.831046 2.812230 2.454583 2.898699 2.613131 2.273915 1.796041 1.026597 0.000000 0.000000 0.000000 0.000000 0.000000 
0.000000 0.000000 0.000000 0.000000 1.830733 0.000000 2.222613 2.487388 1.942289 1.878859 1.705466 1.928600 0.000000 1.649809 0.000000 0.000000 1.884605 1.591654 1.705585 1.843272 0.000000 2.631371 2.707325 2.942815 3.309258 3.222518 3.078963 2.571414 2.600257 2.409110 1.141610 0.000000 0.000000 0.000000 0.000000 0.000000 
0.000000 0.000000 0.000000 0.000000 1.725732 2.316379 2.158788 2.207891 2.018479 1.488627 1.356035 0.000000 0.997962 1.461202 0.000000 0.000000 0.000000 1.518826 0.000000 1.453915 1.613515 2.035291 2.395548 2.624172 2.796873 3.184795 3.827476 2.817613 2.137108 1.619656 0.000000 0.000000 0.000000 0.000000 0.000000 0.000000 
0.000000 0.000000 0.000000 0.000000 0.000000 1.523554 2.225080 1.886238 1.867918 1.877170 0.000000 0.000000 0.000000 0.000000 0.000000 0.000000 0.000000 0.000000 0.000000 1.099612 1.004100 1.647930 2.666264 3.527459 2.571255 2.579065 3.386212 2.187791 2.157823 1.919547 0.622123 0.000000 0.000000 0.000000 0.000000 0.000000 
0.000000 0.000000 0.000000 0.000000 0.000000 0.000000 0.000000 1.982109 1.791956 1.393477 0.000000 0.000000 0.000000 0.000000 0.000000 0.000000 0.000000 0.000000 0.753284 0.000000 1.015327 1.330020 0.000000 2.737910 2.571760 2.696912 3.111685 3.065465 2.317971 0.000000 0.000000 0.000000 0.000000 0.000000 0.000000 0.000000 
0.000000 0.000000 0.000000 0.000000 0.000000 0.000000 0.000000 1.005156 1.890702 1.683230 1.007160 0.709446 1.027368 1.662284 0.000000 0.000000 0.000000 0.000000 0.000000 0.000000 0.000000 1.269234 0.000000 1.264426 0.000000 1.938452 1.941172 2.163778 2.384159 1.759356 1.609048 0.000000 0.000000 0.000000 0.000000 0.000000 
0.000000 0.000000 0.000000 0.000000 0.000000 0.000000 0.000000 1.619644 0.886605 0.000000 1.139778 0.712812 0.723525 1.063561 1.320628 1.055950 0.000000 0.000000 0.000000 0.000000 0.000000 0.000000 0.000000 0.000000 0.000000 0.000000 1.515355 2.335947 2.710301 2.037437 2.009035 0.000000 0.000000 0.000000 0.000000 0.000000 
0.000000 0.000000 0.000000 0.000000 0.000000 0.000000 0.000000 0.000000 0.000000 0.000000 1.028943 1.070892 1.178507 1.072666 0.000000 1.034881 0.000000 0.000000 0.000000 0.000000 0.000000 0.000000 0.000000 0.000000 0.000000 0.000000 0.000000 2.456587 2.983745 2.313125 0.000000 0.000000 0.000000 0.000000 0.000000 0.000000 
0.000000 0.000000 0.000000 0.000000 0.000000 0.000000 0.000000 0.000000 0.821563 1.099017 1.286556 1.298769 2.023647 2.576110 0.000000 0.000000 0.000000 0.000000 0.000000 0.000000 0.000000 0.000000 0.000000 0.000000 0.000000 0.000000 0.989421 2.208471 2.536053 2.413127 2.206217 1.135889 0.000000 0.000000 0.000000 0.000000 
0.000000 0.000000 0.000000 0.000000 0.000000 0.000000 0.000000 0.000000 1.064889 1.883174 0.000000 1.215702 1.084147 0.000000 0.000000 0.000000 0.000000 0.000000 0.000000 0.000000 0.000000 0.000000 0.000000 0.000000 0.000000 0.000000 0.000000 1.723851 1.989769 2.224984 1.986925 1.149308 0.000000 0.000000 0.000000 0.000000 
0.000000 0.000000 0.000000 0.000000 0.000000 0.000000 0.000000 0.000000 1.592277 2.448476 1.876324 1.221995 0.000000 0.000000 0.000000 0.000000 0.000000 0.000000 0.000000 0.000000 0.000000 0.000000 0.000000 0.000000 0.000000 0.000000 0.914552 1.618432 0.000000 1.015505 1.346960 0.000000 0.000000 0.000000 0.000000 0.000000 
0.000000 0.000000 0.000000 0.000000 0.000000 0.000000 0.000000 0.000000 1.700207 2.963619 3.073709 0.000000 0.000000 0.000000 0.000000 0.000000 0.000000 0.000000 0.000000 0.000000 0.000000 0.000000 0.000000 0.000000 0.000000 0.000000 0.000000 0.000000 0.000000 0.000000 0.000000 0.000000 0.000000 0.000000 0.000000 0.000000 
0.000000 0.000000 0.000000 0.000000 0.000000 0.000000 0.000000 0.000000 0.231527 1.285024 1.253349 0.000000 0.000000 0.000000 0.000000 0.000000 0.000000 0.000000 0.000000 0.000000 0.000000 0.000000 0.000000 0.000000 0.000000 0.000000 0.000000 0.000000 0.000000 0.000000 0.000000 0.000000 0.000000 0.000000 0.000000 0.000000 
0.000000 0.000000 0.000000 0.000000 0.000000 0.000000 0.000000 0.000000 0.000000 0.000000 0.000000 0.000000 0.000000 0.000000 0.000000 0.000000 0.000000 0.000000 0.000000 0.000000 0.000000 0.000000 0.000000 0.000000 0.000000 0.000000 0.000000 0.000000 0.000000 0.000000 0.000000 0.000000 0.000000 0.000000 0.000000 0.000000 

Y-24
0.000000 0.000000 0.000000 0.000000 0.000000 0.000000 0.000000 0.000000 0.000000 0.000000 0.000000 0.000000 0.000000 0.000000 0.000000 0.000000 0.000000 0.000000 0.000000 0.000000 0.000000 0.000000 0.000000 0.000000 0.000000 0.000000 0.000000 0.000000 0.000000 0.000000 0.000000 0.000000 0.000000 0.000000 0.000000 0.000000 
0.000000 0.000000 0.000000 0.000000 0.000000 0.000000 0.000000 0.000000 0.000000 0.000000 0.000000 0.000000 0.000000 0.000000 0.000000 0.000000 0.000000 0.000000 0.000000 0.000000 0.000000 0.000000 0.000000 0.000000 0.000000 0.000000 0.000000 0.000000 0.000000 0.000000 0.000000 0.000000 0.000000 0.000000 0.000000 0.000000 
0.000000 0.000000 0.000000 0.000000 0.000000 0.000000 0.000000 0.000000 0.000000 0.000000 0.000000 0.000000 0.000000 0.000000 0.000000 0.000000 0.000000 0.000000 0.000000 0.000000 0.000000 0.000000 0.000000 0.000000 0.000000 0.000000 0.000000 0.000000 0.000000 0.000000 0.000000 0.000000 0.000000 0.000000 0.000000 0.000000 
0.000000 0.000000 0.000000 0.000000 0.000000 0.000000 0.000000 0.000000 0.000000 0.000000 0.000000 0.000000 0.000000 0.000000 0.000000 0.000000 0.000000 2.562550 2.027806 0.000000 0.000000 0.000000 0.000000 0.000000 0.000000 0.000000 0.000000 0.000000 0.000000 0.000000 0.000000 0.000000 0.000000 0.000000 0.000000 0.000000 
0.000000 0.000000 0.000000 0.000000 0.000000 0.000000 0.000000 0.000000 0.000000 0.000000 0.000000 0.000000 0.000000 0.000000 0.000000 0.000000 0.000000 0.000000 2.637019 1.102807 0.000000 0.000000 0.000000 0.000000 0.000000 0.000000 0.000000 0.000000 0.000000 0.000000 0.000000 0.000000 0.000000 0.000000 0.000000 0.000000 
0.000000 0.000000 0.000000 0.000000 0.000000 0.000000 0.000000 0.000000 0.000000 0.000000 0.000000 0.000000 0.000000 0.000000 0.000000 0.000000 0.000000 0.000000 2.506025 2.502742 0.000000 0.000000 0.000000 0.000000 0.000000 0.000000 0.000000 0.000000 0.000000 0.000000 0.000000 0.000000 0.000000 0.000000 0.000000 0.000000 
0.000000 0.000000 0.000000 0.000000 0.000000 0.000000 0.000000 0.000000 0.000000 0.000000 0.000000 0.000000 0.000000 0.000000 1.462184 1.400157 1.597169 1.886383 2.295907 2.292228 1.983415 1.718048 1.481520 1.065968 0.000000 0.000000 0.000000 1.866175 0.922403 0.000000 0.000000 0.000000 0.000000 0.000000 0.000000 0.000000 
0.000000 0.000000 0.000000 0.000000 0.000000 0.000000 0.000000 0.000000 0.000000 0.000000 0.000000 0.000000 0.000000 0.000000 1.571186 1.861827 1.995546 1.994512 2.228426 1.693525 1.668392 0.000000 0.000000 0.000000 1.520350 2.088418 1.998633 1.813511 1.694757 0.000000 0.000000 0.000000 0.000000 0.000000 0.000000 0.000000 
0.000000 0.000000 0.081860 0.000000 0.000000 0.000000 0.000000 0.000000 0.000000 0.000000 0.000000 1.417034 1.715634 1.520335 1.639061 2.096274 1.812867 2.076071 0.000000 1.870351 1.403753 2.344879 1.862153 0.000000 1.742803 2.100344 2.426257 2.206484 1.854865 1.306829 0.000000 0.000000 0.000000 0.000000 0.000000 0.000000 
0.000000 0.000000 0.000000 0.000000 0.000000 0.000000 0.000000 0.000000 0.000000 0.000000 0.000000 0.000000 1.983423 1.806202 2.136843 2.331734 1.716742 1.528258 2.544204 2.225128 1.843980 2.037800 1.878891 1.724538 0.000000 1.723280 2.048241 2.031906 0.000000 1.625609 0.990309 0.000000 0.000000 0.000000 0.000000 0.000000 
0.000000 0.000000 0.000000 1.333002 1.393178 0.000000 1.450031 0.000000 0.000000 0.000000 0.000000 0.000000 2.283562 1.894628 2.203738 2.225942 1.707478 1.530230 1.457361 0.000000 0.000000 2.038446 1.881642 1.643145 0.000000 1.772174 1.758549 1.532235 1.560285 0.000000 1.268902 0.000000 0.000000 0.000000 0.000000 0.000000 
0.000000 0.000000 1.420891 0.974619 0.000000 0.000000 0.862774 1.378429 0.000000 0.000000 0.000000 0.000000 2.628519 2.932427 2.386398 2.157857 2.081821 1.783785 1.704309 0.000000 1.542235 2.056602 2.379520 2.057030 1.609381 1.314208 1.921686 1.312126 0.000000 0.000000 0.000000 0.000000 0.000000 0.000000 0.000000 0.000000 
0.000000 0.000000 0.000000 0.000000 0.000000 0.000000 0.000000 0.000000 1.458201 1.040702 1.779176 2.326485 2.819370 2.682500 2.418001 2.413957 2.383455 2.423855 2.294246 2.201491 2.207578 2.370231 2.264021 2.427555 2.612420 2.179375 1.439557 1.587467 0.000000 1.839322 1.760205 1.144035 0.000000 0.000000 0.000000 0.000000 
0.000000 0.000000 0.000000 0.000000 1.194678 0.000000 1.666029 2.045507 1.905687 1.241546 1.891501 2.470651 2.223756 2.044962 2.627793 2.325894 2.199880 2.233800 2.545491 0.000000 3.110100 2.517809 2.284882 2.021559 2.760724 2.612420 1.827815 1.644364 1.308515 1.084490 0.000000 0.000000 0.000000 0.000000 0.000000 0.000000 
0.000000 0.000000 0.000000 0.000000 0.443022 1.009132 1.966415 0.000000 2.085501 1.880234 1.710987 1.779611 0.000000 1.684872 1.656554 2.380449 2.362376 2.060189 1.767356 0.000000 2.467524 2.172060 2.213793 2.379566 1.716946 2.086440 2.632478 2.904477 1.816568 1.339053 0.882270 0.884475 0.000000 0.000000 0.000000 0.000000 
0.000000 0.000000 0.000000 0.000000 0.000000 0.000000 0.000000 2.607790 2.173169 1.948864 1.734921 1.503537 0.000000 1.453311 0.000000 0.000000 2.062244 1.981221 1.669732 1.669326 1.918779 2.137774 2.328182 3.007959 3.209968 2.981376 2.436859 2.860908 2.475642 1.998711 0.000000 0.000000 0.000000 0.000000 0.000000 0.000000 
0.000000 0.000000 0.000000 0.000000 0.000000 0.000000 1.577518 2.113279 2.021038 1.589962 1.658213 1.154896 0.000000 0.000000 0.000000 0.000000 1.801120 1.567362 1.632748 1.684560 1.613095 2.356417 2.753360 2.744134 2.957309 3.358437 3.242928 3.085418 2.455323 2.226918 0.000000 0.000000 0.000000 0.000000 0.000000 0.000000 
0.000000 0.000000 0.000000 0.000000 0.000000 2.145170 1.695570 1.764185 2.063600 1.816995 1.437814 1.245543 0.000000 0.000000 0.000000 0.000000 0.000000 1.302446 1.899776 1.862465 0.000000 1.252148 1.703032 2.638906 2.781464 2.908531 3.073564 3.627394 0.000000 1.995126 1.290509 0.000000 0.000000 0.000000 0.000000 0.000000 
0.000000 0.000000 0.000000 0.000000 0.000000 0.000000 0.000000 1.506021 1.770057 1.784806 1.528907 1.298865 0.000000 0.000000 0.000000 0.000000 0.000000 0.970823 1.289702 0.000000 0.000000 0.832713 1.330621 2.453260 3.353861 2.731424 2.341432 2.989492 2.236457 1.833537 1.419273 0.000000 0.000000 0.000000 0.000000 0.000000 
0.000000 0.000000 0.000000 0.000000 0.000000 0.000000 0.000000 1.192606 1.186065 1.788598 1.479397 0.982162 0.995941 1.239458 0.000000 0.000000 0.000000 0.000000 0.000000 0.000000 0.000000 0.000000 0.000000 0.000000 0.000000 1.828564 2.428800 2.522036 2.499007 1.546541 1.084343 0.000000 0.000000 0.000000 0.000000 0.000000 
0.000000 0.000000 0.000000 0.000000 0.000000 0.000000 0.000000 0.000000 0.664195 0.903244 0.000000 0.000000 0.746003 0.891603 1.057022 0.909707 0.000000 0.000000 0.000000 0.000000 0.000000 0.000000 0.000000 0.000000 0.000000 1.178618 1.735360 1.917412 2.473455 1.708807 1.634860 0.000000 0.000000 0.000000 0.000000 0.000000 
0.000000 0.000000 0.000000 0.000000 0.000000 0.000000 0.000000 0.000000 1.151458 1.005989 0.778163 1.452214 1.460936 0.459766 0.561731 0.770174 0.000000 0.000000 0.000000 0.000000 0.000000 0.000000 0.000000 0.000000 0.000000 0.000000 0.000000 0.000000 2.116769 2.477971 1.686108 0.000000 0.000000 0.000000 0.000000 0.000000 
0.000000 0.000000 0.000000 0.000000 0.000000 0.000000 1.078903 1.139922 1.547615 1.823170 0.000000 0.000000 1.840215 1.326439 0.000000 0.000000 0.000000 0.000000 0.000000 0.000000 0.000000 0.000000 0.000000 0.000000 0.000000 0.000000 0.000000 1.269069 1.915622 2.233005 2.082822 0.000000 0.000000 0.000000 0.000000 0.000000 
0.000000 0.000000 0.000000 0.000000 0.000000 1.413085 0.991546 1.198358 1.933824 2.132427 0.698212 0.541234 0.958067 1.160737 0.000000 0.000000 0.000000 0.000000 0.000000 0.000000 0.000000 0.000000 0.000000 0.000000 0.000000 0.000000 0.000000 0.000000 2.124533 2.122959 0.000000 0.000000 0.000000 0.000000 0.000000 0.000000 
0.000000 0.000000 0.000000 0.000000 0.000000 0.000000 0.000000 1.186616 0.000000 2.032652 1.997117 0.000000 0.000000 0.000000 0.000000 0.000000 0.000000 0.000000 0.000000 0.000000 0.000000 0.000000 0.000000 0.000000 0.000000 0.000000 0.000000 0.000000 1.326883 1.020352 0.000000 0.000000 0.000000 0.000000 0.000000 0.000000 
0.000000 0.000000 0.000000 0.000000 0.000000 0.000000 0.000000 0.000000 2.211991 2.241979 1.588292 1.336910 0.000000 0.000000 0.000000 0.000000 0.000000 0.000000 0.000000 0.000000 0.000000 0.000000 0.000000 0.000000 0.000000 0.000000 0.000000 0.000000 0.000000 0.000000 0.000000 0.000000 0.000000 0.000000 0.000000 0.000000 
0.000000 0.000000 0.000000 0.000000 0.000000 0.000000 0.000000 0.000000 0.401480 1.206565 0.000000 0.919266 0.000000 0.000000 0.000000 0.000000 0.000000 0.000000 0.000000 0.000000 0.000000 0.000000 0.000000 0.000000 0.000000 0.000000 0.000000 0.000000 0.000000 0.000000 0.000000 0.000000 0.000000 0.000000 0.000000 0.000000 
0.000000 0.000000 0.000000 0.000000 0.000000 0.000000 0.000000 0.000000 0.000000 0.000000 0.000000 0.000000 0.000000 0.000000 0.000000 0.000000 0.000000 0.000000 0.000000 0.000000 0.000000 0.000000 0.000000 0.000000 0.000000 0.000000 0.000000 0.000000 0.000000 0.000000 0.000000 0.000000 0.000000 0.000000 0.000000 0.000000 

Y-25
0.000000 0.000000 0.000000 0.000000 0.000000 0.000000 0.000000 0.000000 0.000000 0.000000 0.000000 0.000000 0.000000 0.000000 0.000000 0.000000 0.000000 0.000000 0.000000 0.000000 0.000000 0.000000 0.000000 0.000000 0.000000 0.000000 0.000000 0.000000 0.000000 0.000000 0.000000 0.000000 0.000000 0.000000 0.000000 0.000000 
0.000000 0.000000 0.000000 0.000000 0.000000 0.000000 0.000000 0.000000 0.000000 0.000000 0.000000 0.000000 0.000000 0.000000 0.000000 0.000000 0.000000 0.000000 0.000000 0.000000 0.000000 0.000000 0.000000 0.000000 0.000000 0.000000 0.000000 0.000000 0.000000 0.000000 0.000000 0.000000 0.000000 0.000000 0.000000 0.000000 
0.000000 0.000000 0.000000 0.000000 0.000000 0.000000 0.000000 0.000000 0.000000 0.000000 0.000000 0.000000 0.000000 0.000000 0.000000 0.000000 0.000000 0.000000 0.000000 0.000000 0.000000 0.000000 0.000000 0.000000 0.000000 0.000000 0.000000 0.000000 0.000000 0.000000 0.000000 0.000000 0.000000 0.000000 0.000000 0.000000 
0.000000 0.000000 0.000000 0.000000 0.000000 0.000000 0.000000 0.000000 0.000000 0.000000 0.000000 0.000000 0.000000 0.000000 0.000000 0.000000 0.000000 1.557711 1.212580 0.000000 0.000000 0.000000 0.000000 0.000000 0.000000 0.000000 0.000000 0.000000 0.000000 0.000000 0.000000 0.000000 0.000000 0.000000 0.000000 0.000000 
0.000000 0.000000 0.000000 0.000000 0.000000 0.000000 0.000000 0.000000 0.000000 0.000000 0.000000 0.000000 0.000000 0.000000 0.000000 0.000000 0.000000 1.669305 0.000000 0.000000 0.000000 0.000000 0.000000 0.000000 0.000000 0.000000 0.000000 0.000000 0.000000 0.000000 0.000000 0.000000 0.000000 0.000000 0.000000 0.000000 
0.000000 0.000000 0.000000 0.000000 0.000000 0.000000 0.000000 0.000000 0.000000 0.000000 0.000000 0.000000 0.000000 0.000000 0.000000 1.528453 0.000000 0.000000 1.718795 0.000000 0.000000 0.000000 0.000000 0.000000 0.000000 0.000000 0.000000 0.000000 0.000000 0.000000 0.000000 0.000000 0.000000 0.000000 0.000000 0.000000 
0.000000 0.000000 0.000000 0.000000 0.000000 0.000000 0.000000 0.000000 0.000000 0.000000 0.000000 0.000000 0.000000 0.000000 0.000000 1.422242 1.687225 1.853941 1.402858 1.499611 1.804332 1.615607 2.300249 1.696442 0.000000 0.000000 0.000000 0.000000 0.000000 0.000000 0.000000 0.000000 0.000000 0.000000 0.000000 0.000000 
0.000000 0.000000 0.000000 0.000000 0.000000 0.000000 0.000000 0.000000 0.000000 0.000000 0.000000 0.000000 0.000000 0.000000 1.742192 1.448619 1.230889 1.968294 1.856630 1.663644 1.874448 1.776225 0.000000 0.000000 1.182690 0.709110 1.058430 1.462910 0.973676 0.000000 0.000000 0.000000 0.000000 0.000000 0.000000 0.000000 
0.000000 0.000000 0.000000 0.000000 0.000000 0.000000 0.000000 0.000000 0.000000 0.000000 0.000000 0.000000 0.000000 1.242047 0.000000 1.433328 1.340932 1.884869 2.294993 2.431814 1.891327 2.015826 1.352601 0.000000 1.302264 1.646771 1.846406 1.527523 1.577334 1.107486 0.000000 0.000000 0.000000 0.000000 0.000000 0.000000 
0.000000 0.000000 0.000000 0.000000 0.000000 0.000000 0.000000 0.000000 0.000000 0.000000 0.000000 0.000000 0.000000 0.000000 1.647324 1.424752 1.401469 1.649629 1.889409 2.434634 2.301994 1.997701 1.798100 0.000000 0.000000 1.567833 2.006678 2.044807 2.017349 1.750994 0.904947 0.000000 0.000000 0.000000 0.000000 0.000000 
0.000000 0.000000 0.000000 0.000000 0.000000 0.000000 0.000000 0.000000 0.000000 0.000000 0.000000 0.000000 2.152442 1.642799 1.559437 1.764010 2.043495 1.982183 1.759328 1.829252 2.108771 1.937923 1.854964 1.559016 1.188137 1.601208 1.837180 2.560784 2.008146 0.000000 1.416989 0.000000 0.000000 0.000000 0.000000 0.000000 
0.000000 0.000000 1.482119 2.222954 0.000000 0.000000 0.000000 0.000000 0.000000 0.000000 0.000000 0.000000 1.764660 2.272105 1.952293 2.037916 2.026197 2.003921 1.708141 1.513108 1.900104 1.936228 2.033758 1.949257 1.729276 1.469161 1.434521 1.776142 1.814788 0.000000 0.000000 0.000000 0.000000 0.000000 0.000000 0.000000 
0.000000 0.000000 0.000000 0.000000 0.000000 0.000000 0.000000 0.000000 0.638717 0.000000 1.436017 1.414206 0.000000 2.341456 2.524132 2.398372 2.118695 2.761058 1.804070 1.869418 1.827761 1.852009 2.057284 2.477055 2.247850 1.953420 1.432186 0.000000 0.000000 1.078578 1.070124 0.000000 0.000000 0.000000 0.000000 0.000000 
0.000000 0.000000 0.000000 0.000000 0.000000 0.000000 0.902049 1.094782 1.293438 1.483035 1.393551 1.120342 0.000000 2.172533 2.606520 2.571174 2.358293 2.487532 2.931382 2.243206 2.321429 2.327437 2.391799 2.244749 2.332596 2.767850 3.128966 0.000000 1.689834 1.104115 0.000000 0.000000 0.000000 0.000000 0.000000 0.000000 
0.000000 0.000000 0.000000 0.000000 0.000000 0.000000 0.930899 0.775659 1.453344 1.948685 1.838616 1.571015 0.000000 2.137174 2.043425 2.012488 2.377979 2.079609 0.000000 1.958777 2.681599 3.167683 2.583199 2.289112 2.010041 2.446732 2.767850 2.163382 1.413092 1.089904 1.014012 0.000000 0.000000 0.000000 0.000000 0.000000 
0.000000 0.000000 0.000000 0.000000 0.000000 0.000000 0.000000 0.000000 1.457999 1.891527 1.420830 1.485719 1.746740 1.811203 0.000000 1.620951 1.708606 2.177892 1.736004 1.677934 1.896274 2.258593 2.177782 2.275787 2.508496 2.141455 2.086440 3.261935 0.000000 0.000000 1.156076 0.899420 0.000000 0.000000 0.000000 0.000000 
0.000000 0.000000 0.000000 0.000000 0.000000 0.000000 0.000000 0.000000 1.736611 2.192902 1.820759 1.038719 1.556261 0.000000 0.000000 0.000000 1.325857 2.355529 2.081468 1.653033 1.641712 1.845306 2.241421 2.300878 2.946971 3.172841 2.881994 2.659910 2.553287 0.000000 0.000000 0.000000 0.000000 0.000000 0.000000 0.000000 
0.000000 0.000000 0.000000 0.000000 0.000000 0.000000 1.858321 1.685526 1.481527 1.779587 1.872949 1.666945 0.000000 0.000000 0.000000 0.000000 1.032409 1.129924 1.643616 1.864713 0.000000 1.431635 1.948572 2.604931 2.668983 3.056225 3.049775 3.422659 2.951552 0.000000 0.000000 0.000000 0.000000 0.000000 0.000000 0.000000 
0.000000 0.000000 0.000000 0.000000 0.000000 1.598314 0.000000 0.000000 2.115444 1.464924 1.569885 1.542560 0.000000 0.000000 0.000000 0.000000 0.000000 0.664810 1.711090 0.000000 0.000000 1.422405 1.098251 1.501860 2.463320 0.000000 0.000000 2.802962 2.799008 1.983406 1.563815 0.000000 0.000000 0.000000 0.000000 0.000000 
0.000000 0.000000 0.000000 0.000000 0.000000 1.852920 1.783057 2.012760 1.439793 1.217313 0.000000 0.000000 0.000000 0.000000 0.000000 0.000000 0.000000 0.000000 0.000000 0.000000 0.000000 0.879960 0.000000 0.000000 1.807488 0.000000 2.202055 0.000000 2.102496 1.777903 1.423162 1.034053 0.454863 0.000000 0.000000 0.000000 
0.000000 0.000000 0.000000 0.000000 0.000000 0.000000 1.893263 1.833549 1.558544 0.970497 1.058540 0.000000 0.000000 0.000000 0.000000 0.000000 0.000000 0.000000 0.000000 0.000000 0.000000 0.000000 0.000000 0.000000 0.000000 0.000000 1.986923 2.163194 2.553054 2.109749 1.480818 0.000000 0.000000 0.000000 0.000000 0.000000 
0.000000 0.000000 0.000000 0.000000 0.000000 0.000000 0.000000 1.755873 1.584143 1.180925 1.661209 1.342521 1.032067 0.000000 0.000000 0.000000 0.000000 0.000000 0.000000 0.000000 0.000000 0.000000 0.000000 0.000000 0.000000 0.000000 0.000000 0.877377 1.059238 2.250178 2.066021 0.000000 0.000000 0.000000 0.000000 0.000000 
0.000000 0.000000 0.000000 0.000000 0.000000 0.000000 1.049298 2.429038 2.382014 1.718611 0.000000 0.000000 0.000000 0.000000 0.000000 0.000000 0.000000 0.000000 0.000000 0.000000 0.000000 0.000000 0.000000 0.000000 0.000000 0.000000 0.000000 0.000000 0.000000 1.897373 2.318560 0.000000 0.000000 0.000000 0.000000 0.000000 
0.000000 0.000000 0.000000 0.000000 0.000000 0.000000 1.806018 2.499459 2.566853 1.116979 0.471962 0.000000 0.000000 0.000000 0.000000 0.000000 0.000000 0.000000 0.000000 0.000000 0.000000 0.000000 0.000000 0.000000 0.000000 0.000000 0.000000 0.000000 0.000000 0.000000 0.000000 0.000000 0.000000 0.000000 0.000000 0.000000 
0.000000 0.000000 0.000000 0.000000 0.000000 0.000000 2.054740 2.773414 2.093231 1.144863 1.299214 0.000000 0.000000 0.000000 0.000000 0.000000 0.000000 0.000000 0.000000 0.000000 0.000000 0.000000 0.000000 0.000000 0.000000 0.000000 0.000000 0.000000 1.109902 0.000000 0.000000 0.000000 0.000000 0.000000 0.000000 0.000000 
0.000000 0.000000 0.000000 0.000000 0.000000 0.000000 0.000000 1.831687 1.376612 0.658671 0.962940 1.189379 0.000000 0.000000 0.000000 0.000000 0.000000 0.000000 0.000000 0.000000 0.000000 0.000000 0.000000 0.000000 0.000000 0.000000 0.000000 0.000000 0.000000 0.000000 0.000000 0.000000 0.000000 0.000000 0.000000 0.000000 
0.000000 0.000000 0.000000 0.000000 0.000000 0.000000 0.000000 0.000000 0.000000 0.000000 0.000000 0.873822 0.000000 0.000000 0.000000 0.000000 0.000000 0.000000 0.000000 0.000000 0.000000 0.000000 0.000000 0.000000 0.000000 0.000000 0.000000 0.000000 0.000000 0.000000 0.000000 0.000000 0.000000 0.000000 0.000000 0.000000 
0.000000 0.000000 0.000000 0.000000 0.000000 0.000000 0.000000 0.000000 0.000000 0.000000 0.000000 0.000000 0.000000 0.000000 0.000000 0.000000 0.000000 0.000000 0.000000 0.000000 0.000000 0.000000 0.000000 0.000000 0.000000 0.000000 0.000000 0.000000 0.000000 0.000000 0.000000 0.000000 0.000000 0.000000 0.000000 0.000000 

Y-26
0.000000 0.000000 0.000000 0.000000 0.000000 0.000000 0.000000 0.000000 0.000000 0.000000 0.000000 0.000000 0.000000 0.000000 0.000000 0.000000 0.000000 0.000000 0.000000 0.000000 0.000000 0.000000 0.000000 0.000000 0.000000 0.000000 0.000000 0.000000 0.000000 0.000000 0.000000 0.000000 0.000000 0.000000 0.000000 0.000000 
0.000000 0.000000 0.000000 0.000000 0.000000 0.000000 0.000000 0.000000 0.000000 0.000000 0.000000 0.000000 0.000000 0.000000 0.000000 0.000000 0.000000 0.000000 0.000000 0.000000 0.000000 0.000000 0.000000 0.000000 0.000000 0.000000 0.000000 0.000000 0.000000 0.000000 0.000000 0.000000 0.000000 0.000000 0.000000 0.000000 
0.000000 0.000000 0.000000 0.000000 0.000000 0.000000 0.000000 0.000000 0.000000 0.000000 0.000000 0.000000 0.000000 0.000000 0.000000 0.000000 0.000000 0.000000 0.000000 0.000000 0.000000 0.000000 0.000000 0.000000 0.000000 0.000000 0.000000 0.000000 0.000000 0.000000 0.000000 0.000000 0.000000 0.000000 0.000000 0.000000 
0.000000 0.000000 0.000000 0.000000 0.000000 0.000000 0.000000 0.000000 0.000000 0.000000 0.000000 0.000000 0.000000 0.000000 0.000000 0.000000 0.000000 0.000000 0.000000 0.000000 0.000000 0.000000 0.000000 0.000000 0.000000 0.000000 0.000000 0.000000 0.000000 0.000000 0.000000 0.000000 0.000000 0.000000 0.000000 0.000000 
0.000000 0.000000 0.000000 0.000000 0.000000 0.000000 0.000000 0.000000 0.000000 0.000000 0.000000 0.000000 0.000000 0.000000 0.000000 0.000000 0.000000 0.000000 0.000000 0.000000 0.000000 0.000000 0.000000 0.000000 0.000000 0.000000 0.000000 0.000000 0.000000 0.000000 0.000000 0.000000 0.000000 0.000000 0.000000 0.000000 
0.000000 0.000000 0.000000 0.000000 0.000000 0.000000 0.000000 0.000000 0.000000 0.000000 0.000000 0.000000 0.000000 0.000000 0.000000 1.090256 1.096934 0.000000 0.000000 0.000000 0.000000 0.000000 0.000000 0.000000 0.000000 0.000000 0.000000 0.000000 0.000000 0.000000 0.000000 0.000000 0.000000 0.000000 0.000000 0.000000 
0.000000 0.000000 0.000000 0.000000 0.000000 0.000000 0.000000 0.000000 0.000000 0.000000 0.000000 0.000000 0.000000 0.000000 1.646350 1.405652 1.999801 0.000000 0.000000 0.000000 0.000000 0.933877 1.398321 0.000000 0.000000 0.000000 0.000000 0.000000 0.000000 0.000000 0.000000 0.000000 0.000000 0.000000 0.000000 0.000000 
0.000000 0.000000 0.000000 0.000000 0.000000 0.000000 0.000000 0.000000 0.000000 0.000000 0.000000 0.000000 0.000000 0.000000 1.569095 1.555744 0.000000 2.047828 1.950263 1.157158 1.369055 1.392043 0.000000 0.000000 0.000000 0.000000 0.971295 1.844848 0.890360 0.000000 0.000000 0.000000 0.000000 0.000000 0.000000 0.000000 
0.000000 0.000000 0.000000 0.000000 0.000000 0.000000 0.000000 0.000000 0.000000 0.000000 0.000000 0.000000 0.000000 0.000000 0.000000 1.177063 1.441811 1.119604 1.523075 1.731707 1.768369 1.706700 1.117014 0.000000 0.000000 0.000000 0.000000 1.054111 1.403248 0.548375 0.000000 0.000000 0.000000 0.000000 0.000000 0.000000 
0.000000 0.000000 0.000000 0.000000 0.000000 0.000000 0.000000 0.000000 0.000000 0.000000 0.000000 0.000000 0.000000 0.000000 0.000000 0.985093 1.387728 1.252719 1.401577 1.743986 2.098989 1.872021 1.396362 0.000000 0.000000 0.000000 1.318875 1.325330 1.538939 1.414182 0.724756 0.000000 0.000000 0.000000 0.000000 0.000000 
0.000000 0.000000 0.000000 0.000000 0.000000 0.000000 0.000000 0.000000 0.000000 0.000000 0.000000 0.000000 0.000000 0.000000 1.112152 0.735344 1.557976 1.449063 1.588148 0.000000 0.000000 2.507021 2.000027 1.548984 1.379776 0.834723 1.428094 2.095349 0.000000 1.687446 1.649642 0.000000 0.000000 0.000000 0.000000 0.000000 
0.000000 0.000000 0.000000 0.000000 0.000000 0.000000 0.000000 0.000000 0.000000 0.000000 0.000000 0.000000 0.000000 0.000000 0.000000 1.409989 1.401260 1.890877 1.967673 1.715628 2.079306 2.433812 1.814287 1.847266 1.722669 1.213233 0.000000 1.796887 0.000000 0.000000 0.000000 0.000000 0.000000 0.000000 0.000000 0.000000 
0.000000 0.000000 0.000000 0.000000 0.000000 0.000000 0.000000 0.000000 0.000000 0.779590 0.954935 1.243669 0.000000 1.827324 1.693188 1.667213 1.760211 2.103889 2.243263 1.878555 1.698969 2.174029 2.071283 1.946864 1.912148 1.472911 1.570429 0.000000 0.000000 0.000000 0.000000 0.000000 0.000000 0.000000 0.000000 0.000000 
0.000000 0.000000 0.000000 0.000000 0.000000 0.000000 0.000000 0.000000 0.000000 0.000000 0.808716 1.037204 0.000000 1.372038 1.953258 2.229833 2.268839 2.172680 2.049689 2.245360 1.737991 0.000000 1.777013 2.026200 2.237686 2.221962 2.499463 0.000000 1.417154 0.000000 0.000000 0.000000 0.000000 0.000000 0.000000 0.000000 
0.000000 0.000000 0.000000 0.000000 0.000000 0.000000 1.528324 0.690687 0.681146 0.787280 1.152749 1.482780 0.000000 1.442558 2.081039 2.469621 2.515823 2.393204 2.167982 1.902548 2.199547 2.379816 2.116436 2.388119 2.213530 2.350028 2.618500 1.989171 1.924958 1.444886 0.000000 0.000000 0.000000 0.000000 0.000000 0.000000 
0.000000 0.000000 0.000000 0.000000 0.000000 0.000000 0.000000 0.000000 0.822075 0.603230 1.141567 1.994638 1.642890 0.000000 0.000000 2.440098 1.996204 1.956896 2.070651 1.920407 1.954629 2.679328 3.547048 2.698029 2.329007 2.053442 2.332601 2.848589 2.134720 0.000000 0.000000 0.908288 0.000000 0.000000 0.000000 0.000000 
0.000000 0.000000 0.000000 0.000000 0.000000 0.000000 0.000000 0.000000 1.247682 1.185653 1.449608 1.793137 1.963461 0.000000 0.000000 1.901897 1.526232 1.445132 1.830477 2.171565 1.846587 1.543831 2.053533 2.201072 2.295067 2.544884 2.305051 3.030867 2.558834 0.000000 0.000000 0.000000 0.000000 0.000000 0.000000 0.000000 
0.000000 0.000000 0.000000 1.034812 1.243896 1.592157 1.662386 1.420785 1.035447 1.139860 1.634216 1.848023 1.645753 0.634168 0.000000 0.000000 0.964418 1.665144 0.000000 0.000000 0.000000 1.202623 1.737171 2.301999 2.321827 2.787949 3.060140 3.219275 2.627104 0.000000 0.000000 0.000000 0.000000 0.000000 0.000000 0.000000 
0.000000 0.000000 0.000000 2.763927 1.168878 1.413261 1.821846 1.786585 1.899695 1.885979 1.497086 1.844250 1.703668 0.000000 0.000000 0.000000 0.608932 0.000000 0.000000 0.000000 0.000000 1.362450 0.000000 1.484738 2.354318 2.367881 2.448898 2.501161 0.000000 0.000000 0.000000 0.000000 0.000000 0.000000 0.000000 0.000000 
0.000000 0.000000 0.000000 3.034841 1.386061 0.991649 1.271665 2.270866 2.147625 2.074993 0.000000 0.958588 1.310783 0.000000 0.000000 0.000000 0.000000 0.000000 0.000000 0.000000 0.000000 0.000000 0.000000 0.000000 1.082463 0.000000 0.000000 2.013886 0.000000 0.000000 1.483230 1.447569 0.000000 0.000000 0.000000 0.000000 
0.000000 0.000000 0.000000 0.000000 1.528019 0.947553 1.103127 1.724853 1.641710 0.000000 0.000000 0.000000 0.000000 0.000000 0.000000 0.000000 0.000000 0.000000 0.000000 0.000000 0.000000 0.000000 0.000000 0.000000 0.000000 0.000000 0.000000 0.000000 0.000000 0.000000 0.000000 0.000000 0.000000 0.000000 0.000000 0.000000 
0.000000 0.000000 0.000000 0.000000 0.965080 1.179339 1.801146 2.054592 0.000000 2.082035 2.504424 0.000000 0.000000 0.000000 0.000000 0.000000 0.000000 0.000000 0.000000 0.000000 0.000000 0.000000 0.000000 0.000000 0.000000 0.000000 0.000000 0.000000 0.000000 0.000000 1.740975 0.000000 0.000000 0.000000 0.000000 0.000000 
0.000000 0.000000 0.000000 0.000000 0.423582 0.000000 1.789946 2.233617 1.792135 1.238987 1.476761 0.000000 0.000000 0.000000 0.000000 0.000000 0.000000 0.000000 0.000000 0.000000 0.000000 0.000000 0.000000 0.000000 0.000000 0.000000 0.000000 0.000000 0.000000 0.000000 0.000000 0.000000 0.000000 0.000000 0.000000 0.000000 
0.000000 0.000000 0.000000 0.000000 0.000000 0.000000 1.689673 1.937713 1.853021 1.478009 0.000000 0.000000 0.000000 0.000000 0.000000 0.000000 0.000000 0.000000 0.000000 0.000000 0.000000 0.000000 0.000000 0.000000 0.000000 0.000000 0.000000 0.000000 0.000000 0.000000 0.000000 0.000000 0.000000 0.000000 0.000000 0.000000 
0.000000 0.000000 0.000000 0.000000 0.000000 0.000000 0.000000 1.588868 1.705322 1.817009 0.000000 0.000000 0.000000 0.000000 0.000000 0.000000 0.000000 0.000000 0.000000 0.000000 0.000000 0.000000 0.000000 0.000000 0.000000 0.000000 0.000000 0.000000 0.000000 0.000000 0.000000 0.000000 0.000000 0.000000 0.000000 0.000000 
0.000000 0.000000 0.000000 0.000000 0.000000 0.000000 0.000000 0.000000 0.000000 1.028697 0.000000 0.000000 0.000000 0.000000 0.000000 0.000000 0.000000 0.000000 0.000000 0.000000 0.000000 0.000000 0.000000 0.000000 0.000000 0.000000 0.000000 0.000000 0.000000 0.000000 0.000000 0.000000 0.000000 0.000000 0.000000 0.000000 
0.000000 0.000000 0.000000 0.000000 0.000000 0.000000 0.000000 0.000000 0.000000 0.000000 0.000000 0.000000 0.000000 0.000000 0.000000 0.000000 0.000000 0.000000 0.000000 0.000000 0.000000 0.000000 0.000000 0.000000 0.000000 0.000000 0.000000 0.000000 0.000000 0.000000 0.000000 0.000000 0.000000 0.000000 0.000000 0.000000 
0.000000 0.000000 0.000000 0.000000 0.000000 0.000000 0.000000 0.000000 0.000000 0.000000 0.000000 0.000000 0.000000 0.000000 0.000000 0.000000 0.000000 0.000000 0.000000 0.000000 0.000000 0.000000 0.000000 0.000000 0.000000 0.000000 0.000000 0.000000 0.000000 0.000000 0.000000 0.000000 0.000000 0.000000 0.000000 0.000000 

Y-27
0.000000 0.000000 0.000000 0.000000 0.000000 0.000000 0.000000 0.000000 0.000000 0.000000 0.000000 0.000000 0.000000 0.000000 0.000000 0.000000 0.000000 0.000000 0.000000 0.000000 0.000000 0.000000 0.000000 0.000000 0.000000 0.000000 0.000000 0.000000 0.000000 0.000000 0.000000 0.000000 0.000000 0.000000 0.000000 0.000000 
0.000000 0.000000 0.000000 0.000000 0.000000 0.000000 0.000000 0.000000 0.000000 0.000000 0.000000 0.000000 0.000000 0.000000 0.000000 0.000000 0.000000 0.000000 0.000000 0.000000 0.000000 0.000000 0.000000 0.000000 0.000000 0.000000 0.000000 0.000000 0.000000 0.000000 0.000000 0.000000 0.000000 0.000000 0.000000 0.000000 
0.000000 0.000000 0.000000 0.000000 0.000000 0.000000 0.000000 0.000000 0.000000 0.000000 0.000000 0.000000 0.000000 0.000000 0.000000 0.000000 0.000000 0.000000 0.000000 0.000000 0.000000 0.000000 0.000000 0.000000 0.000000 0.000000 0.000000 0.000000 0.000000 0.000000 0.000000 0.000000 0.000000 0.000000 0.000000 0.000000 
0.000000 0.000000 0.000000 0.000000 0.000000 0.000000 0.000000 0.000000 0.000000 0.000000 0.000000 0.000000 0.000000 0.000000 0.000000 0.000000 0.000000 0.000000 0.000000 0.000000 0.000000 0.000000 0.000000 0.000000 0.000000 0.000000 0.000000 0.000000 0.000000 0.000000 0.000000 0.000000 0.000000 0.000000 0.000000 0.000000 
0.000000 0.000000 0.000000 0.000000 0.000000 0.000000 0.000000 0.000000 0.000000 0.000000 0.000000 0.000000 0.000000 0.000000 0.000000 0.000000 0.000000 0.000000 0.000000 0.000000 0.000000 0.000000 0.000000 0.000000 0.000000 0.000000 0.000000 0.000000 0.000000 0.000000 0.000000 0.000000 0.000000 0.000000 0.000000 0.000000 
0.000000 0.000000 0.000000 0.000000 0.000000 0.000000 0.000000 0.000000 0.000000 0.000000 0.000000 0.000000 0.000000 0.000000 0.000000 0.000000 0.000000 0.000000 0.000000 0.000000 0.000000 0.000000 0.000000 0.000000 0.000000 0.000000 0.000000 0.000000 0.000000 0.000000 0.000000 0.000000 0.000000 0.000000 0.000000 0.000000 
0.000000 0.000000 0.000000 0.000000 0.000000 0.000000 0.000000 0.000000 0.000000 0.000000 0.000000 0.000000 0.000000 0.000000 0.910162 1.024340 0.000000 0.000000 0.000000 0.000000 0.000000 0.000000 0.000000 0.000000 0.000000 0.000000 0.000000 0.000000 0.000000 0.000000 0.000000 0.000000 0.000000 0.000000 0.000000 0.000000 
0.000000 0.000000 0.000000 0.000000 0.000000 0.000000 0.000000 0.000000 0.000000 0.000000 0.000000 0.000000 0.000000 0.000000 0.000000 1.281644 0.000000 0.730052 0.000000 0.980161 0.697566 0.000000 0.000000 0.000000 0.000000 0.000000 0.598843 2.020551 0.000000 0.000000 0.000000 0.000000 0.000000 0.000000 0.000000 0.000000 
0.000000 0.000000 0.000000 0.000000 0.000000 0.000000 0.000000 0.000000 0.000000 0.000000 0.000000 0.000000 0.000000 0.000000 0.000000 0.000000 1.364560 1.226236 1.494103 1.541827 1.066064 0.000000 0.000000 0.000000 0.000000 0.000000 0.000000 0.000000 0.000000 0.000000 0.000000 0.000000 0.000000 0.000000 0.000000 0.000000 
0.000000 0.000000 0.000000 0.000000 0.000000 0.000000 0.000000 0.000000 0.000000 0.000000 0.000000 0.000000 0.000000 0.000000 0.000000 0.000000 0.000000 1.281404 1.264783 1.417716 0.000000 0.000000 1.056844 0.000000 0.000000 0.000000 0.000000 0.711815 0.000000 0.000000 0.000000 0.000000 0.000000 0.000000 0.000000 0.000000 
0.000000 0.000000 0.000000 0.000000 0.000000 0.000000 0.000000 0.000000 0.000000 0.000000 0.000000 0.000000 0.000000 0.000000 0.000000 0.136177 0.720401 0.754808 0.000000 0.000000 0.000000 1.419609 0.000000 1.090632 0.854364 0.000000 0.000000 0.000000 0.000000 0.000000 0.000000 0.000000 0.000000 0.000000 0.000000 0.000000 
0.000000 0.000000 0.000000 0.000000 0.000000 0.000000 0.000000 0.000000 0.000000 0.000000 0.000000 0.000000 0.000000 0.000000 1.013088 0.698725 0.821889 1.067053 0.000000 0.000000 1.353150 2.023576 2.729947 1.792451 0.000000 0.000000 0.000000 0.000000 0.000000 0.000000 0.000000 0.000000 0.000000 0.000000 0.000000 0.000000 
0.000000 0.000000 0.000000 0.000000 0.000000 0.000000 0.000000 0.000000 0.000000 0.000000 0.741800 0.000000 0.000000 0.000000 1.330363 1.565299 1.333274 1.217607 0.000000 1.180690 1.301035 1.904243 2.608801 1.993598 1.135784 0.000000 0.000000 0.000000 0.000000 0.000000 0.000000 0.000000 0.000000 0.000000 0.000000 0.000000 
0.000000 0.000000 0.000000 0.000000 0.000000 0.000000 0.000000 0.000000 0.000000 0.000000 0.511196 0.000000 0.000000 1.274336 1.265938 1.398966 1.728624 1.672453 1.609465 0.000000 1.604369 0.000000 0.000000 0.000000 1.710036 1.495019 0.000000 0.000000 0.000000 0.000000 0.000000 0.000000 0.000000 0.000000 0.000000 0.000000 
0.000000 0.000000 0.000000 0.000000 0.000000 0.000000 0.000000 0.827861 0.632704 0.000000 0.536345 0.658897 0.000000 0.000000 1.141404 1.380470 1.962678 2.334489 2.352142 2.166190 1.616994 0.000000 1.674351 1.823376 1.908796 2.285681 2.260390 1.510464 1.094222 1.054431 0.000000 0.000000 0.000000 0.000000 0.000000 0.000000 
0.000000 0.000000 0.000000 0.000000 0.000000 0.000000 0.000000 0.000000 1.412521 0.710555 0.611177 1.116823 0.000000 1.703041 1.123857 1.338522 2.061662 2.465160 2.403567 2.257212 2.022763 2.039889 1.912714 2.451426 2.309534 2.376646 2.315838 0.000000 0.000000 1.490570 1.171361 0.000000 0.000000 0.000000 0.000000 0.000000 
0.000000 0.000000 0.000000 0.000000 0.000000 0.000000 0.000000 1.136682 1.218983 0.843351 0.799617 0.749146 1.361758 0.000000 1.398299 1.709667 2.298934 2.748755 1.730831 1.558909 1.600817 1.991254 2.234950 3.279477 2.778562 2.454518 2.275430 2.000526 1.713311 0.000000 0.000000 0.000000 0.000000 0.000000 0.000000 0.000000 
0.000000 0.000000 0.000000 0.000000 1.072193 1.046255 1.277159 1.159044 1.038191 0.980148 1.124443 1.236101 1.334315 0.000000 0.000000 0.000000 1.463744 0.000000 1.500066 1.287744 0.000000 0.000000 1.585826 1.930633 2.226672 2.347415 2.534632 2.158371 2.471354 1.961305 0.000000 0.000000 0.000000 0.000000 0.000000 0.000000 
0.000000 0.000000 0.000000 1.025759 0.742723 0.852446 1.082503 1.183838 1.285010 0.967193 0.000000 1.182073 1.270585 0.000000 0.000000 0.000000 0.000000 0.000000 1.123354 0.000000 0.000000 0.000000 0.000000 1.270465 2.371732 2.454512 2.780799 2.991569 1.871219 1.925744 0.000000 0.000000 0.000000 0.000000 0.000000 0.000000 
0.000000 0.000000 0.000000 1.585935 1.289637 1.053065 1.275881 1.363316 0.000000 0.000000 0.000000 0.000000 0.000000 0.000000 0.000000 0.000000 0.000000 0.000000 0.000000 0.000000 0.000000 0.000000 0.000000 0.000000 0.000000 0.000000 0.000000 0.000000 0.000000 0.000000 0.000000 0.000000 0.000000 0.000000 0.000000 0.000000 
0.000000 0.000000 0.000000 0.000000 1.065730 1.353607 1.416535 1.136232 0.000000 0.000000 0.000000 0.000000 0.000000 0.000000 0.000000 0.000000 0.000000 0.000000 0.000000 0.000000 0.000000 0.000000 0.000000 0.000000 0.000000 0.000000 0.000000 0.000000 0.000000 0.000000 0.000000 0.000000 0.000000 0.000000 0.000000 0.000000 
0.000000 0.000000 0.000000 0.000000 0.000000 1.743170 1.838600 0.000000 0.000000 0.000000 0.000000 0.000000 0.000000 0.000000 0.000000 0.000000 0.000000 0.000000 0.000000 0.000000 0.000000 0.000000 0.000000 0.000000 0.000000 0.000000 0.000000 0.000000 0.000000 0.000000 0.000000 0.000000 0.000000 0.000000 0.000000 0.000000 
0.000000 0.000000 0.000000 0.000000 0.000000 0.000000 0.000000 0.000000 0.000000 0.000000 0.000000 0.000000 0.000000 0.000000 0.000000 0.000000 0.000000 0.000000 0.000000 0.000000 0.000000 0.000000 0.000000 0.000000 0.000000 0.000000 0.000000 0.000000 0.000000 0.000000 0.000000 0.000000 0.000000 0.000000 0.000000 0.000000 
0.000000 0.000000 0.000000 0.000000 0.000000 0.000000 0.000000 0.728413 0.584407 0.000000 0.000000 0.000000 0.000000 0.000000 0.000000 0.000000 0.000000 0.000000 0.000000 0.000000 0.000000 0.000000 0.000000 0.000000 0.000000 0.000000 0.000000 0.000000 0.000000 0.000000 0.000000 0.000000 0.000000 0.000000 0.000000 0.000000 
0.000000 0.000000 0.000000 0.000000 0.000000 0.000000 0.000000 0.549198 0.000000 0.000000 0.000000 0.000000 0.000000 0.000000 0.000000 0.000000 0.000000 0.000000 0.000000 0.000000 0.000000 0.000000 0.000000 0.000000 0.000000 0.000000 0.000000 0.000000 0.000000 0.000000 0.000000 0.000000 0.000000 0.000000 0.000000 0.000000 
0.000000 0.000000 0.000000 0.000000 0.000000 0.000000 0.000000 0.000000 0.000000 0.000000 0.000000 0.000000 0.000000 0.000000 0.000000 0.000000 0.000000 0.000000 0.000000 0.000000 0.000000 0.000000 0.000000 0.000000 0.000000 0.000000 0.000000 0.000000 0.000000 0.000000 0.000000 0.000000 0.000000 0.000000 0.000000 0.000000 
0.000000 0.000000 0.000000 0.000000 0.000000 0.000000 0.000000 0.000000 0.000000 0.000000 0.000000 0.000000 0.000000 0.000000 0.000000 0.000000 0.000000 0.000000 0.000000 0.000000 0.000000 0.000000 0.000000 0.000000 0.000000 0.000000 0.000000 0.000000 0.000000 0.000000 0.000000 0.000000 0.000000 0.000000 0.000000 0.000000 
0.000000 0.000000 0.000000 0.000000 0.000000 0.000000 0.000000 0.000000 0.000000 0.000000 0.000000 0.000000 0.000000 0.000000 0.000000 0.000000 0.000000 0.000000 0.000000 0.000000 0.000000 0.000000 0.000000 0.000000 0.000000 0.000000 0.000000 0.000000 0.000000 0.000000 0.000000 0.000000 0.000000 0.000000 0.000000 0.000000 

Y-28
0.000000 0.000000 0.000000 0.000000 0.000000 0.000000 0.000000 0.000000 0.000000 0.000000 0.000000 0.000000 0.000000 0.000000 0.000000 0.000000 0.000000 0.000000 0.000000 0.000000 0.000000 0.000000 0.000000 0.000000 0.000000 0.000000 0.000000 0.000000 0.000000 0.000000 0.000000 0.000000 0.000000 0.000000 0.000000 0.000000 
0.000000 0.000000 0.000000 0.000000 0.000000 0.000000 0.000000 0.000000 0.000000 0.000000 0.000000 0.000000 0.000000 0.000000 0.000000 0.000000 0.000000 0.000000 0.000000 0.000000 0.000000 0.000000 0.000000 0.000000 0.000000 0.000000 0.000000 0.000000 0.000000 0.000000 0.000000 0.000000 0.000000 0.000000 0.000000 0.000000 
0.000000 0.000000 0.000000 0.000000 0.000000 0.000000 0.000000 0.000000 0.000000 0.000000 0.000000 0.000000 0.000000 0.000000 0.000000 0.000000 0.000000 0.000000 0.000000 0.000000 0.000000 0.000000 0.000000 0.000000 0.000000 0.000000 0.000000 0.000000 0.000000 0.000000 0.000000 0.000000 0.000000 0.000000 0.000000 0.000000 
0.000000 0.000000 0.000000 0.000000 0.000000 0.000000 0.000000 0.000000 0.000000 0.000000 0.000000 0.000000 0.000000 0.000000 0.000000 0.000000 0.000000 0.000000 0.000000 0.000000 0.000000 0.000000 0.000000 0.000000 0.000000 0.000000 0.000000 0.000000 0.000000 0.000000 0.000000 0.000000 0.000000 0.000000 0.000000 0.000000 
0.000000 0.000000 0.000000 0.000000 0.000000 0.000000 0.000000 0.000000 0.000000 0.000000 0.000000 0.000000 0.000000 0.000000 0.000000 0.000000 0.000000 0.000000 0.000000 0.000000 0.000000 0.000000 0.000000 0.000000 0.000000 0.000000 0.000000 0.000000 0.000000 0.000000 0.000000 0.000000 0.000000 0.000000 0.000000 0.000000 
0.000000 0.000000 0.000000 0.000000 0.000000 0.000000 0.000000 0.000000 0.000000 0.000000 0.000000 0.000000 0.000000 0.000000 0.000000 0.000000 0.000000 0.000000 0.000000 0.000000 0.000000 0.000000 0.000000 0.000000 0.000000 0.000000 0.000000 0.000000 0.000000 0.000000 0.000000 0.000000 0.000000 0.000000 0.000000 0.000000 
0.000000 0.000000 0.000000 0.000000 0.000000 0.000000 0.000000 0.000000 0.000000 0.000000 0.000000 0.000000 0.000000 0.000000 0.000000 0.000000 0.000000 0.000000 0.000000 0.000000 0.000000 0.000000 0.000000 0.000000 0.000000 0.000000 0.000000 0.000000 0.000000 0.000000 0.000000 0.000000 0.000000 0.000000 0.000000 0.000000 
0.000000 0.000000 0.000000 0.000000 0.000000 0.000000 0.000000 0.000000 0.000000 0.000000 0.000000 0.000000 0.000000 0.000000 0.000000 0.000000 0.000000 0.000000 0.000000 0.000000 0.000000 0.000000 0.000000 0.000000 0.000000 0.000000 0.000000 0.000000 0.000000 0.000000 0.000000 0.000000 0.000000 0.000000 0.000000 0.000000 
0.000000 0.000000 0.000000 0.000000 0.000000 0.000000 0.000000 0.000000 0.000000 0.000000 0.000000 0.000000 0.000000 0.000000 0.000000 0.000000 0.000000 0.791528 0.000000 0.558441 0.000000 0.000000 0.000000 0.000000 0.000000 0.000000 0.000000 0.000000 0.000000 0.000000 0.000000 0.000000 0.000000 0.000000 0.000000 0.000000 
0.000000 0.000000 0.000000 0.000000 0.000000 0.000000 0.000000 0.000000 0.000000 0.000000 0.000000 0.000000 0.000000 0.000000 0.000000 0.000000 0.000000 1.112125 0.892157 0.615968 0.000000 0.000000 0.000000 0.000000 0.000000 0.000000 0.000000 0.000000 0.000000 0.000000 0.000000 0.000000 0.000000 0.000000 0.000000 0.000000 
0.000000 0.000000 0.000000 0.000000 0.000000 0.000000 0.000000 0.000000 0.000000 0.000000 0.000000 0.000000 0.000000 0.000000 0.000000 0.000000 0.000000 0.000000 0.000000 0.000000 0.000000 0.000000 0.000000 0.000000 0.000000 0.000000 0.000000 0.000000 0.000000 0.000000 0.000000 0.000000 0.000000 0.000000 0.000000 0.000000 
0.000000 0.000000 0.000000 0.000000 0.000000 0.000000 0.000000 0.000000 0.000000 0.000000 0.000000 0.000000 0.000000 0.000000 0.000000 0.000000 0.000000 0.000000 0.000000 0.000000 0.000000 0.000000 1.129001 0.000000 0.000000 0.000000 0.000000 0.000000 0.000000 0.000000 0.000000 0.000000 0.000000 0.000000 0.000000 0.000000 
0.000000 0.000000 0.000000 0.000000 0.000000 0.000000 0.000000 0.000000 0.000000 0.000000 0.000000 0.000000 0.000000 0.000000 0.000000 0.000000 0.720596 0.288538 0.000000 0.000000 0.811627 0.969800 1.430398 0.000000 0.000000 0.000000 0.000000 0.000000 0.000000 0.000000 0.000000 0.000000 0.000000 0.000000 0.000000 0.000000 
0.000000 0.000000 0.000000 0.000000 0.000000 0.000000 0.000000 0.000000 0.000000 0.000000 0.000000 0.000000 0.000000 0.000000 0.000000 1.025574 0.806627 1.249488 0.898752 0.000000 0.841040 1.104414 0.000000 0.000000 0.000000 0.000000 0.000000 0.000000 0.000000 0.000000 0.000000 0.000000 0.000000 0.000000 0.000000 0.000000 
0.000000 0.000000 0.000000 0.000000 0.000000 0.000000 0.000000 0.000000 0.000000 0.000000 0.000000 0.000000 0.000000 0.000000 0.000000 1.228995 1.084436 1.386304 1.528877 1.370521 1.081272 0.000000 1.267076 1.652332 2.266832 1.806541 1.204690 1.279474 0.000000 0.000000 0.000000 0.000000 0.000000 0.000000 0.000000 0.000000 
0.000000 0.000000 0.000000 0.000000 0.000000 0.000000 0.000000 0.000000 1.137153 0.846606 0.000000 0.000000 0.000000 0.595622 0.857679 1.150884 1.184419 1.652113 1.876653 0.000000 0.000000 0.000000 1.298975 1.723525 1.897747 1.939775 2.299854 0.000000 0.000000 1.031103 0.868237 0.000000 0.000000 0.000000 0.000000 0.000000 
0.000000 0.000000 0.000000 0.000000 0.000000 0.000000 0.000000 0.979532 0.845243 0.000000 1.097854 0.672297 0.000000 0.000000 0.000000 0.000000 1.096784 2.018380 2.081037 0.000000 0.000000 0.000000 0.000000 1.876102 2.543086 2.365334 0.000000 0.000000 0.000000 0.000000 0.000000 0.000000 0.000000 0.000000 0.000000 0.000000 
0.000000 0.000000 0.000000 0.000000 0.000000 0.890582 0.888653 1.132641 1.052469 1.221936 1.179364 0.000000 0.000000 0.000000 0.000000 1.008360 0.895898 2.350038 2.926017 0.000000 0.000000 0.000000 1.149487 1.722992 2.744909 2.750108 0.000000 0.000000 1.340107 0.000000 0.000000 0.000000 0.000000 0.000000 0.000000 0.000000 
0.000000 0.000000 0.000000 0.000000 0.000000 0.728859 0.791603 0.923054 0.967544 1.065682 1.226421 0.848820 0.000000 0.000000 0.000000 0.000000 0.000000 1.157968 1.793066 0.000000 0.000000 0.000000 1.116112 1.099270 2.005335 2.249699 2.234649 0.000000 2.060759 0.000000 0.000000 0.000000 0.000000 0.000000 0.000000 0.000000 
0.000000 0.000000 0.000000 0.000000 1.069597 1.001722 1.191570 1.534280 1.228365 1.339083 1.186953 0.903721 0.000000 0.000000 0.000000 0.000000 0.000000 0.000000 0.000000 0.000000 0.000000 0.000000 0.000000 0.000000 0.000000 0.000000 0.000000 0.000000 0.000000 0.000000 0.000000 0.000000 0.000000 0.000000 0.000000 0.000000 
0.000000 0.000000 0.000000 1.293200 1.588527 0.000000 1.144848 1.777175 0.000000 0.648132 1.028434 0.000000 0.000000 0.000000 0.000000 0.000000 0.000000 0.000000 0.000000 0.000000 0.000000 0.000000 0.000000 0.000000 0.000000 0.000000 0.000000 0.000000 0.000000 0.000000 0.000000 0.000000 0.000000 0.000000 0.000000 0.000000 
0.000000 0.000000 0.000000 2.045373 0.000000 0.000000 0.000000 0.000000 0.000000 0.000000 0.000000 0.000000 0.000000 0.000000 0.000000 0.000000 0.000000 0.000000 0.000000 0.000000 0.000000 0.000000 0.000000 0.000000 0.000000 0.000000 0.000000 0.000000 0.000000 0.000000 0.000000 0.000000 0.000000 0.000000 0.000000 0.000000 
0.000000 0.000000 0.000000 0.000000 0.000000 0.000000 0.000000 0.000000 0.000000 0.000000 0.000000 0.000000 0.000000 0.000000 0.000000 0.000000 0.000000 0.000000 0.000000 0.000000 0.000000 0.000000 0.000000 0.000000 0.000000 0.000000 0.000000 0.000000 0.000000 0.000000 0.000000 0.000000 0.000000 0.000000 0.000000 0.000000 
0.000000 0.000000 0.000000 0.000000 0.000000 0.000000 0.000000 0.000000 0.000000 0.000000 0.000000 0.000000 0.000000 0.000000 0.000000 0.000000 0.000000 0.000000 0.000000 0.000000 0.000000 0.000000 0.000000 0.000000 0.000000 0.000000 0.000000 0.000000 0.000000 0.000000 0.000000 0.000000 0.000000 0.000000 0.000000 0.000000 
0.000000 0.000000 0.000000 0.000000 0.000000 0.000000 0.000000 0.000000 0.000000 0.000000 0.000000 0.000000 0.000000 0.000000 0.000000 0.000000 0.000000 0.000000 0.000000 0.000000 0.000000 0.000000 0.000000 0.000000 0.000000 0.000000 0.000000 0.000000 0.000000 0.000000 0.000000 0.000000 0.000000 0.000000 0.000000 0.000000 
0.000000 0.000000 0.000000 0.000000 0.000000 0.000000 0.000000 0.000000 0.000000 0.000000 0.000000 0.000000 0.000000 0.000000 0.000000 0.000000 0.000000 0.000000 0.000000 0.000000 0.000000 0.000000 0.000000 0.000000 0.000000 0.000000 0.000000 0.000000 0.000000 0.000000 0.000000 0.000000 0.000000 0.000000 0.000000 0.000000 
0.000000 0.000000 0.000000 0.000000 0.000000 0.000000 0.000000 0.000000 0.000000 0.000000 0.000000 0.000000 0.000000 0.000000 0.000000 0.000000 0.000000 0.000000 0.000000 0.000000 0.000000 0.000000 0.000000 0.000000 0.000000 0.000000 0.000000 0.000000 0.000000 0.000000 0.000000 0.000000 0.000000 0.000000 0.000000 0.000000 
0.000000 0.000000 0.000000 0.000000 0.000000 0.000000 0.000000 0.000000 0.000000 0.000000 0.000000 0.000000 0.000000 0.000000 0.000000 0.000000 0.000000 0.000000 0.000000 0.000000 0.000000 0.000000 0.000000 0.000000 0.000000 0.000000 0.000000 0.000000 0.000000 0.000000 0.000000 0.000000 0.000000 0.000000 0.000000 0.000000 

Y-29
0.000000 0.000000 0.000000 0.000000 0.000000 0.000000 0.000000 0.000000 0.000000 0.000000 0.000000 0.000000 0.000000 0.000000 0.000000 0.000000 0.000000 0.000000 0.000000 0.000000 0.000000 0.000000 0.000000 0.000000 0.000000 0.000000 0.000000 0.000000 0.000000 0.000000 0.000000 0.000000 0.000000 0.000000 0.000000 0.000000 
0.000000 0.000000 0.000000 0.000000 0.000000 0.000000 0.000000 0.000000 0.000000 0.000000 0.000000 0.000000 0.000000 0.000000 0.000000 0.000000 0.000000 0.000000 0.000000 0.000000 0.000000 0.000000 0.000000 0.000000 0.000000 0.000000 0.000000 0.000000 0.000000 0.000000 0.000000 0.000000 0.000000 0.000000 0.000000 0.000000 
0.000000 0.000000 0.000000 0.000000 0.000000 0.000000 0.000000 0.000000 0.000000 0.000000 0.000000 0.000000 0.000000 0.000000 0.000000 0.000000 0.000000 0.000000 0.000000 0.000000 0.000000 0.000000 0.000000 0.000000 0.000000 0.000000 0.000000 0.000000 0.000000 0.000000 0.000000 0.000000 0.000000 0.000000 0.000000 0.000000 
0.000000 0.000000 0.000000 0.000000 0.000000 0.000000 0.000000 0.000000 0.000000 0.000000 0.000000 0.000000 0.000000 0.000000 0.000000 0.000000 0.000000 0.000000 0.000000 0.000000 0.000000 0.000000 0.000000 0.000000 0.000000 0.000000 0.000000 0.000000 0.000000 0.000000 0.000000 0.000000 0.000000 0.000000 0.000000 0.000000 
0.000000 0.000000 0.000000 0.000000 0.000000 0.000000 0.000000 0.000000 0.000000 0.000000 0.000000 0.000000 0.000000 0.000000 0.000000 0.000000 0.000000 0.000000 0.000000 0.000000 0.000000 0.000000 0.000000 0.000000 0.000000 0.000000 0.000000 0.000000 0.000000 0.000000 0.000000 0.000000 0.000000 0.000000 0.000000 0.000000 
0.000000 0.000000 0.000000 0.000000 0.000000 0.000000 0.000000 0.000000 0.000000 0.000000 0.000000 0.000000 0.000000 0.000000 0.000000 0.000000 0.000000 0.000000 0.000000 0.000000 0.000000 0.000000 0.000000 0.000000 0.000000 0.000000 0.000000 0.000000 0.000000 0.000000 0.000000 0.000000 0.000000 0.000000 0.000000 0.000000 
0.000000 0.000000 0.000000 0.000000 0.000000 0.000000 0.000000 0.000000 0.000000 0.000000 0.000000 0.000000 0.000000 0.000000 0.000000 0.000000 0.000000 0.000000 0.000000 0.000000 0.000000 0.000000 0.000000 0.000000 0.000000 0.000000 0.000000 0.000000 0.000000 0.000000 0.000000 0.000000 0.000000 0.000000 0.000000 0.000000 
0.000000 0.000000 0.000000 0.000000 0.000000 0.000000 0.000000 0.000000 0.000000 0.000000 0.000000 0.000000 0.000000 0.000000 0.000000 0.000000 0.000000 0.000000 0.000000 0.000000 0.000000 0.000000 0.000000 0.000000 0.000000 0.000000 0.000000 0.000000 0.000000 0.000000 0.000000 0.000000 0.000000 0.000000 0.000000 0.000000 
0.000000 0.000000 0.000000 0.000000 0.000000 0.000000 0.000000 0.000000 0.000000 0.000000 0.000000 0.000000 0.000000 0.000000 0.000000 0.000000 0.000000 0.000000 0.000000 0.000000 0.000000 0.000000 0.000000 0.000000 0.000000 0.000000 0.000000 0.000000 0.000000 0.000000 0.000000 0.000000 0.000000 0.000000 0.000000 0.000000 
0.000000 0.000000 0.000000 0.000000 0.000000 0.000000 0.000000 0.000000 0.000000 0.000000 0.000000 0.000000 0.000000 0.000000 0.000000 0.000000 0.000000 0.000000 0.000000 0.000000 0.000000 0.000000 0.000000 0.000000 0.000000 0.000000 0.000000 0.000000 0.000000 0.000000 0.000000 0.000000 0.000000 0.000000 0.000000 0.000000 
0.000000 0.000000 0.000000 0.000000 0.000000 0.000000 0.000000 0.000000 0.000000 0.000000 0.000000 0.000000 0.000000 0.000000 0.000000 0.000000 0.000000 0.000000 0.000000 0.000000 0.000000 0.000000 0.000000 0.000000 0.000000 0.000000 0.000000 0.000000 0.000000 0.000000 0.000000 0.000000 0.000000 0.000000 0.000000 0.000000 
0.000000 0.000000 0.000000 0.000000 0.000000 0.000000 0.000000 0.000000 0.000000 0.000000 0.000000 0.000000 0.000000 0.000000 0.000000 0.000000 0.000000 0.000000 0.000000 0.000000 0.000000 0.000000 0.000000 0.000000 0.000000 0.000000 0.000000 0.000000 0.000000 0.000000 0.000000 0.000000 0.000000 0.000000 0.000000 0.000000 
0.000000 0.000000 0.000000 0.000000 0.000000 0.000000 0.000000 0.000000 0.000000 0.000000 0.000000 0.000000 0.000000 0.000000 0.000000 0.000000 0.000000 0.000000 0.000000 0.000000 0.000000 0.000000 0.000000 0.000000 0.000000 0.000000 0.000000 0.000000 0.000000 0.000000 0.000000 0.000000 0.000000 0.000000 0.000000 0.000000 
0.000000 0.000000 0.000000 0.000000 0.000000 0.000000 0.000000 0.000000 0.000000 0.000000 0.000000 0.000000 0.000000 0.000000 0.000000 0.000000 0.272567 0.000000 0.000000 0.000000 0.000000 0.000000 0.000000 0.000000 0.000000 0.000000 0.000000 0.000000 0.000000 0.000000 0.000000 0.000000 0.000000 0.000000 0.000000 0.000000 
0.000000 0.000000 0.000000 0.000000 0.000000 0.000000 0.000000 0.000000 0.000000 0.000000 0.000000 0.000000 0.000000 0.000000 0.000000 0.623149 1.083379 0.877235 0.882881 1.003148 0.000000 0.000000 0.000000 0.000000 2.039173 2.331151 0.000000 0.000000 0.000000 0.000000 0.000000 0.000000 0.000000 0.000000 0.000000 0.000000 
0.000000 0.000000 0.000000 0.000000 0.000000 0.000000 0.000000 0.000000 0.838974 0.000000 0.000000 0.000000 0.000000 0.000000 0.000000 0.630074 1.058366 1.138887 1.114165 1.399582 1.189362 0.000000 0.000000 0.000000 0.000000 0.000000 0.000000 0.000000 0.000000 0.000000 0.000000 0.000000 0.000000 0.000000 0.000000 0.000000 
0.000000 0.000000 0.000000 0.000000 0.000000 0.000000 0.000000 1.129996 1.092593 1.114803 1.091225 0.709460 0.468715 0.000000 0.000000 0.000000 0.000000 0.000000 0.000000 0.000000 0.000000 0.000000 0.000000 0.000000 1.271286 1.629668 0.000000 0.000000 0.000000 0.000000 0.000000 0.000000 0.000000 0.000000 0.000000 0.000000 
0.000000 0.000000 0.000000 0.000000 0.000000 0.982677 1.107808 1.100092 0.935360 0.876045 0.733769 0.000000 0.000000 0.000000 0.000000 0.000000 0.927652 0.000000 0.000000 0.000000 0.000000 0.000000 0.000000 0.000000 1.201369 2.607771 0.000000 0.000000 0.000000 0.000000 0.000000 0.000000 0.000000 0.000000 0.000000 0.000000 
0.000000 0.000000 0.000000 0.000000 0.000000 1.012538 0.606271 0.887374 0.000000 0.000000 0.000000 0.000000 0.000000 0.000000 0.000000 0.536237 1.026206 0.000000 0.000000 0.000000 0.000000 0.000000 0.000000 0.000000 0.000000 0.000000 0.000000 0.000000 0.000000 0.000000 0.000000 0.000000 0.000000 0.000000 0.000000 0.000000 
0.000000 0.000000 0.000000 0.000000 0.000000 0.820517 1.004448 0.000000 0.000000 0.000000 0.000000 0.000000 0.000000 0.000000 0.000000 0.000000 0.000000 0.000000 0.000000 0.000000 0.000000 0.000000 0.000000 0.000000 0.000000 0.000000 0.000000 0.000000 0.000000 0.000000 0.000000 0.000000 0.000000 0.000000 0.000000 0.000000 
0.000000 0.000000 0.000000 0.000000 1.278773 0.869385 1.426138 1.352353 0.000000 0.000000 0.000000 0.000000 0.000000 0.000000 0.000000 0.000000 0.000000 0.000000 0.000000 0.000000 0.000000 0.000000 0.000000 0.000000 0.000000 0.000000 0.000000 0.000000 0.000000 0.000000 0.000000 0.000000 0.000000 0.000000 0.000000 0.000000 
0.000000 0.000000 0.000000 1.635951 0.000000 0.000000 0.000000 0.000000 0.000000 0.000000 0.000000 0.000000 0.000000 0.000000 0.000000 0.000000 0.000000 0.000000 0.000000 0.000000 0.000000 0.000000 0.000000 0.000000 0.000000 0.000000 0.000000 0.000000 0.000000 0.000000 0.000000 0.000000 0.000000 0.000000 0.000000 0.000000 
0.000000 0.000000 0.000000 0.873377 0.000000 0.000000 0.000000 0.000000 0.000000 0.000000 0.000000 0.000000 0.000000 0.000000 0.000000 0.000000 0.000000 0.000000 0.000000 0.000000 0.000000 0.000000 0.000000 0.000000 0.000000 0.000000 0.000000 0.000000 0.000000 0.000000 0.000000 0.000000 0.000000 0.000000 0.000000 0.000000 
0.000000 0.000000 0.000000 0.000000 0.000000 0.000000 0.000000 0.000000 0.000000 0.000000 0.000000 0.000000 0.000000 0.000000 0.000000 0.000000 0.000000 0.000000 0.000000 0.000000 0.000000 0.000000 0.000000 0.000000 0.000000 0.000000 0.000000 0.000000 0.000000 0.000000 0.000000 0.000000 0.000000 0.000000 0.000000 0.000000 
0.000000 0.000000 0.000000 0.000000 0.000000 0.000000 0.000000 0.000000 0.000000 0.000000 0.000000 0.000000 0.000000 0.000000 0.000000 0.000000 0.000000 0.000000 0.000000 0.000000 0.000000 0.000000 0.000000 0.000000 0.000000 0.000000 0.000000 0.000000 0.000000 0.000000 0.000000 0.000000 0.000000 0.000000 0.000000 0.000000 
0.000000 0.000000 0.000000 0.000000 0.000000 0.000000 0.000000 0.000000 0.000000 0.000000 0.000000 0.000000 0.000000 0.000000 0.000000 0.000000 0.000000 0.000000 0.000000 0.000000 0.000000 0.000000 0.000000 0.000000 0.000000 0.000000 0.000000 0.000000 0.000000 0.000000 0.000000 0.000000 0.000000 0.000000 0.000000 0.000000 
0.000000 0.000000 0.000000 0.000000 0.000000 0.000000 0.000000 0.000000 0.000000 0.000000 0.000000 0.000000 0.000000 0.000000 0.000000 0.000000 0.000000 0.000000 0.000000 0.000000 0.000000 0.000000 0.000000 0.000000 0.000000 0.000000 0.000000 0.000000 0.000000 0.000000 0.000000 0.000000 0.000000 0.000000 0.000000 0.000000 
0.000000 0.000000 0.000000 0.000000 0.000000 0.000000 0.000000 0.000000 0.000000 0.000000 0.000000 0.000000 0.000000 0.000000 0.000000 0.000000 0.000000 0.000000 0.000000 0.000000 0.000000 0.000000 0.000000 0.000000 0.000000 0.000000 0.000000 0.000000 0.000000 0.000000 0.000000 0.000000 0.000000 0.000000 0.000000 0.000000 

Y-30
0.000000 0.000000 0.000000 0.000000 0.000000 0.000000 0.000000 0.000000 0.000000 0.000000 0.000000 0.000000 0.000000 0.000000 0.000000 0.000000 0.000000 0.000000 0.000000 0.000000 0.000000 0.000000 0.000000 0.000000 0.000000 0.000000 0.000000 0.000000 0.000000 0.000000 0.000000 0.000000 0.000000 0.000000 0.000000 0.000000 
0.000000 0.000000 0.000000 0.000000 0.000000 0.000000 0.000000 0.000000 0.000000 0.000000 0.000000 0.000000 0.000000 0.000000 0.000000 0.000000 0.000000 0.000000 0.000000 0.000000 0.000000 0.000000 0.000000 0.000000 0.000000 0.000000 0.000000 0.000000 0.000000 0.000000 0.000000 0.000000 0.000000 0.000000 0.000000 0.000000 
0.000000 0.000000 0.000000 0.000000 0.000000 0.000000 0.000000 0.000000 0.000000 0.000000 0.000000 0.000000 0.000000 0.000000 0.000000 0.000000 0.000000 0.000000 0.000000 0.000000 0.000000 0.000000 0.000000 0.000000 0.000000 0.000000 0.000000 0.000000 0.000000 0.000000 0.000000 0.000000 0.000000 0.000000 0.000000 0.000000 
0.000000 0.000000 0.000000 0.000000 0.000000 0.000000 0.000000 0.000000 0.000000 0.000000 0.000000 0.000000 0.000000 0.000000 0.000000 0.000000 0.000000 0.000000 0.000000 0.000000 0.000000 0.000000 0.000000 0.000000 0.000000 0.000000 0.000000 0.000000 0.000000 0.000000 0.000000 0.000000 0.000000 0.000000 0.000000 0.000000 
0.000000 0.000000 0.000000 0.000000 0.000000 0.000000 0.000000 0.000000 0.000000 0.000000 0.000000 0.000000 0.000000 0.000000 0.000000 0.000000 0.000000 0.000000 0.000000 0.000000 0.000000 0.000000 0.000000 0.000000 0.000000 0.000000 0.000000 0.000000 0.000000 0.000000 0.000000 0.000000 0.000000 0.000000 0.000000 0.000000 
0.000000 0.000000 0.000000 0.000000 0.000000 0.000000 0.000000 0.000000 0.000000 0.000000 0.000000 0.000000 0.000000 0.000000 0.000000 0.000000 0.000000 0.000000 0.000000 0.000000 0.000000 0.000000 0.000000 0.000000 0.000000 0.000000 0.000000 0.000000 0.000000 0.000000 0.000000 0.000000 0.000000 0.000000 0.000000 0.000000 
0.000000 0.000000 0.000000 0.000000 0.000000 0.000000 0.000000 0.000000 0.000000 0.000000 0.000000 0.000000 0.000000 0.000000 0.000000 0.000000 0.000000 0.000000 0.000000 0.000000 0.000000 0.000000 0.000000 0.000000 0.000000 0.000000 0.000000 0.000000 0.000000 0.000000 0.000000 0.000000 0.000000 0.000000 0.000000 0.000000 
0.000000 0.000000 0.000000 0.000000 0.000000 0.000000 0.000000 0.000000 0.000000 0.000000 0.000000 0.000000 0.000000 0.000000 0.000000 0.000000 0.000000 0.000000 0.000000 0.000000 0.000000 0.000000 0.000000 0.000000 0.000000 0.000000 0.000000 0.000000 0.000000 0.000000 0.000000 0.000000 0.000000 0.000000 0.000000 0.000000 
0.000000 0.000000 0.000000 0.000000 0.000000 0.000000 0.000000 0.000000 0.000000 0.000000 0.000000 0.000000 0.000000 0.000000 0.000000 0.000000 0.000000 0.000000 0.000000 0.000000 0.000000 0.000000 0.000000 0.000000 0.000000 0.000000 0.000000 0.000000 0.000000 0.000000 0.000000 0.000000 0.000000 0.000000 0.000000 0.000000 
0.000000 0.000000 0.000000 0.000000 0.000000 0.000000 0.000000 0.000000 0.000000 0.000000 0.000000 0.000000 0.000000 0.000000 0.000000 0.000000 0.000000 0.000000 0.000000 0.000000 0.000000 0.000000 0.000000 0.000000 0.000000 0.000000 0.000000 0.000000 0.000000 0.000000 0.000000 0.000000 0.000000 0.000000 0.000000 0.000000 
0.000000 0.000000 0.000000 0.000000 0.000000 0.000000 0.000000 0.000000 0.000000 0.000000 0.000000 0.000000 0.000000 0.000000 0.000000 0.000000 0.000000 0.000000 0.000000 0.000000 0.000000 0.000000 0.000000 0.000000 0.000000 0.000000 0.000000 0.000000 0.000000 0.000000 0.000000 0.000000 0.000000 0.000000 0.000000 0.000000 
0.000000 0.000000 0.000000 0.000000 0.000000 0.000000 0.000000 0.000000 0.000000 0.000000 0.000000 0.000000 0.000000 0.000000 0.000000 0.000000 0.000000 0.000000 0.000000 0.000000 0.000000 0.000000 0.000000 0.000000 0.000000 0.000000 0.000000 0.000000 0.000000 0.000000 0.000000 0.000000 0.000000 0.000000 0.000000 0.000000 
0.000000 0.000000 0.000000 0.000000 0.000000 0.000000 0.000000 0.000000 0.000000 0.000000 0.000000 0.000000 0.000000 0.000000 0.000000 0.000000 0.000000 0.000000 0.000000 0.000000 0.000000 0.000000 0.000000 0.000000 0.000000 0.000000 0.000000 0.000000 0.000000 0.000000 0.000000 0.000000 0.000000 0.000000 0.000000 0.000000 
0.000000 0.000000 0.000000 0.000000 0.000000 0.000000 0.000000 0.000000 0.000000 0.000000 0.000000 0.000000 0.000000 0.000000 0.000000 0.000000 0.000000 0.000000 0.000000 0.000000 0.000000 0.000000 0.000000 0.000000 0.000000 0.000000 0.000000 0.000000 0.000000 0.000000 0.000000 0.000000 0.000000 0.000000 0.000000 0.000000 
0.000000 0.000000 0.000000 0.000000 0.000000 0.000000 0.000000 0.000000 0.000000 0.000000 0.000000 0.000000 0.000000 0.000000 0.000000 0.000000 0.000000 0.000000 0.000000 0.000000 0.000000 0.000000 0.000000 0.000000 0.803405 1.467893 0.000000 0.000000 0.000000 0.000000 0.000000 0.000000 0.000000 0.000000 0.000000 0.000000 
0.000000 0.000000 0.000000 0.000000 0.000000 0.000000 0.000000 0.000000 0.000000 0.000000 0.000000 0.000000 0.000000 0.000000 0.000000 0.000000 0.000000 0.000000 0.000000 0.599722 0.000000 0.000000 0.000000 0.000000 0.000000 1.636440 0.000000 0.000000 0.000000 0.000000 0.000000 0.000000 0.000000 0.000000 0.000000 0.000000 
0.000000 0.000000 0.000000 0.000000 0.000000 0.000000 0.000000 0.000000 0.000000 0.000000 0.256158 0.453541 0.669775 0.000000 0.000000 0.000000 0.000000 0.000000 0.000000 0.908890 0.936596 0.000000 0.000000 0.000000 0.000000 0.000000 0.000000 0.000000 0.000000 0.000000 0.000000 0.000000 0.000000 0.000000 0.000000 0.000000 
0.000000 0.000000 0.000000 0.000000 0.000000 0.000000 0.000000 0.000000 0.000000 0.000000 0.519656 0.000000 0.000000 0.000000 0.000000 0.000000 0.000000 0.000000 0.000000 0.000000 0.000000 0.000000 0.000000 0.000000 0.000000 0.000000 0.000000 0.000000 0.000000 0.000000 0.000000 0.000000 0.000000 0.000000 0.000000 0.000000 
0.000000 0.000000 0.000000 0.000000 0.000000 0.000000 0.000000 0.000000 0.000000 0.812741 0.841436 0.312305 0.000000 0.000000 0.000000 0.000000 0.000000 0.000000 0.000000 0.000000 0.000000 0.000000 0.000000 0.000000 0.000000 0.000000 0.000000 0.000000 0.000000 0.000000 0.000000 0.000000 0.000000 0.000000 0.000000 0.000000 
0.000000 0.000000 0.000000 0.000000 0.000000 0.000000 0.000000 0.000000 0.000000 0.000000 0.000000 0.000000 0.000000 0.000000 0.000000 0.000000 0.000000 0.000000 0.000000 0.000000 0.000000 0.000000 0.000000 0.000000 0.000000 0.000000 0.000000 0.000000 0.000000 0.000000 0.000000 0.000000 0.000000 0.000000 0.000000 0.000000 
0.000000 0.000000 0.000000 0.000000 0.000000 0.000000 0.000000 0.000000 0.000000 0.000000 0.000000 0.000000 0.000000 0.000000 0.000000 0.000000 0.000000 0.000000 0.000000 0.000000 0.000000 0.000000 0.000000 0.000000 0.000000 0.000000 0.000000 0.000000 0.000000 0.000000 0.000000 0.000000 0.000000 0.000000 0.000000 0.000000 
0.000000 0.000000 0.000000 0.000000 0.000000 0.000000 0.000000 0.000000 0.000000 0.000000 0.000000 0.000000 0.000000 0.000000 0.000000 0.000000 0.000000 0.000000 0.000000 0.000000 0.000000 0.000000 0.000000 0.000000 0.000000 0.000000 0.000000 0.000000 0.000000 0.000000 0.000000 0.000000 0.000000 0.000000 0.000000 0.000000 
0.000000 0.000000 0.000000 0.000000 0.000000 0.000000 0.000000 0.000000 0.000000 0.000000 0.000000 0.000000 0.000000 0.000000 0.000000 0.000000 0.000000 0.000000 0.000000 0.000000 0.000000 0.000000 0.000000 0.000000 0.000000 0.000000 0.000000 0.000000 0.000000 0.000000 0.000000 0.000000 0.000000 0.000000 0.000000 0.000000 
0.000000 0.000000 0.000000 0.000000 0.000000 0.000000 0.000000 0.000000 0.000000 0.000000 0.000000 0.000000 0.000000 0.000000 0.000000 0.000000 0.000000 0.000000 0.000000 0.000000 0.000000 0.000000 0.000000 0.000000 0.000000 0.000000 0.000000 0.000000 0.000000 0.000000 0.000000 0.000000 0.000000 0.000000 0.000000 0.000000 
0.000000 0.000000 0.000000 0.000000 0.000000 0.000000 0.000000 0.000000 0.000000 0.000000 0.000000 0.000000 0.000000 0.000000 0.000000 0.000000 0.000000 0.000000 0.000000 0.000000 0.000000 0.000000 0.000000 0.000000 0.000000 0.000000 0.000000 0.000000 0.000000 0.000000 0.000000 0.000000 0.000000 0.000000 0.000000 0.000000 
0.000000 0.000000 0.000000 0.000000 0.000000 0.000000 0.000000 0.000000 0.000000 0.000000 0.000000 0.000000 0.000000 0.000000 0.000000 0.000000 0.000000 0.000000 0.000000 0.000000 0.000000 0.000000 0.000000 0.000000 0.000000 0.000000 0.000000 0.000000 0.000000 0.000000 0.000000 0.000000 0.000000 0.000000 0.000000 0.000000 
0.000000 0.000000 0.000000 0.000000 0.000000 0.000000 0.000000 0.000000 0.000000 0.000000 0.000000 0.000000 0.000000 0.000000 0.000000 0.000000 0.000000 0.000000 0.000000 0.000000 0.000000 0.000000 0.000000 0.000000 0.000000 0.000000 0.000000 0.000000 0.000000 0.000000 0.000000 0.000000 0.000000 0.000000 0.000000 0.000000 
0.000000 0.000000 0.000000 0.000000 0.000000 0.000000 0.000000 0.000000 0.000000 0.000000 0.000000 0.000000 0.000000 0.000000 0.000000 0.000000 0.000000 0.000000 0.000000 0.000000 0.000000 0.000000 0.000000 0.000000 0.000000 0.000000 0.000000 0.000000 0.000000 0.000000 0.000000 0.000000 0.000000 0.000000 0.000000 0.000000 

Y-31
0.000000 0.000000 0.000000 0.000000 0.000000 0.000000 0.000000 0.000000 0.000000 0.000000 0.000000 0.000000 0.000000 0.000000 0.000000 0.000000 0.000000 0.000000 0.000000 0.000000 0.000000 0.000000 0.000000 0.000000 0.000000 0.000000 0.000000 0.000000 0.000000 0.000000 0.000000 0.000000 0.000000 0.000000 0.000000 0.000000 
0.000000 0.000000 0.000000 0.000000 0.000000 0.000000 0.000000 0.000000 0.000000 0.000000 0.000000 0.000000 0.000000 0.000000 0.000000 0.000000 0.000000 0.000000 0.000000 0.000000 0.000000 0.000000 0.000000 0.000000 0.000000 0.000000 0.000000 0.000000 0.000000 0.000000 0.000000 0.000000 0.000000 0.000000 0.000000 0.000000 
0.000000 0.000000 0.000000 0.000000 0.000000 0.000000 0.000000 0.000000 0.000000 0.000000 0.000000 0.000000 0.000000 0.000000 0.000000 0.000000 0.000000 0.000000 0.000000 0.000000 0.000000 0.000000 0.000000 0.000000 0.000000 0.000000 0.000000 0.000000 0.000000 0.000000 0.000000 0.000000 0.000000 0.000000 0.000000 0.000000 
0.000000 0.000000 0.000000 0.000000 0.000000 0.000000 0.000000 0.000000 0.000000 0.000000 0.000000 0.000000 0.000000 0.000000 0.000000 0.000000 0.000000 0.000000 0.000000 0.000000 0.000000 0.000000 0.000000 0.000000 0.000000 0.000000 0.000000 0.000000 0.000000 0.000000 0.000000 0.000000 0.000000 0.000000 0.000000 0.000000 
0.000000 0.000000 0.000000 0.000000 0.000000 0.000000 0.000000 0.000000 0.000000 0.000000 0.000000 0.000000 0.000000 0.000000 0.000000 0.000000 0.000000 0.000000 0.000000 0.000000 0.000000 0.000000 0.000000 0.000000 0.000000 0.000000 0.000000 0.000000 0.000000 0.000000 0.000000 0.000000 0.000000 0.000000 0.000000 0.000000 
0.000000 0.000000 0.000000 0.000000 0.000000 0.000000 0.000000 0.000000 0.000000 0.000000 0.000000 0.000000 0.000000 0.000000 0.000000 0.000000 0.000000 0.000000 0.000000 0.000000 0.000000 0.000000 0.000000 0.000000 0.000000 0.000000 0.000000 0.000000 0.000000 0.000000 0.000000 0.000000 0.000000 0.000000 0.000000 0.000000 
0.000000 0.000000 0.000000 0.000000 0.000000 0.000000 0.000000 0.000000 0.000000 0.000000 0.000000 0.000000 0.000000 0.000000 0.000000 0.000000 0.000000 0.000000 0.000000 0.000000 0.000000 0.000000 0.000000 0.000000 0.000000 0.000000 0.000000 0.000000 0.000000 0.000000 0.000000 0.000000 0.000000 0.000000 0.000000 0.000000 
0.000000 0.000000 0.000000 0.000000 0.000000 0.000000 0.000000 0.000000 0.000000 0.000000 0.000000 0.000000 0.000000 0.000000 0.000000 0.000000 0.000000 0.000000 0.000000 0.000000 0.000000 0.000000 0.000000 0.000000 0.000000 0.000000 0.000000 0.000000 0.000000 0.000000 0.000000 0.000000 0.000000 0.000000 0.000000 0.000000 
0.000000 0.000000 0.000000 0.000000 0.000000 0.000000 0.000000 0.000000 0.000000 0.000000 0.000000 0.000000 0.000000 0.000000 0.000000 0.000000 0.000000 0.000000 0.000000 0.000000 0.000000 0.000000 0.000000 0.000000 0.000000 0.000000 0.000000 0.000000 0.000000 0.000000 0.000000 0.000000 0.000000 0.000000 0.000000 0.000000 
0.000000 0.000000 0.000000 0.000000 0.000000 0.000000 0.000000 0.000000 0.000000 0.000000 0.000000 0.000000 0.000000 0.000000 0.000000 0.000000 0.000000 0.000000 0.000000 0.000000 0.000000 0.000000 0.000000 0.000000 0.000000 0.000000 0.000000 0.000000 0.000000 0.000000 0.000000 0.000000 0.000000 0.000000 0.000000 0.000000 
0.000000 0.000000 0.000000 0.000000 0.000000 0.000000 0.000000 0.000000 0.000000 0.000000 0.000000 0.000000 0.000000 0.000000 0.000000 0.000000 0.000000 0.000000 0.000000 0.000000 0.000000 0.000000 0.000000 0.000000 0.000000 0.000000 0.000000 0.000000 0.000000 0.000000 0.000000 0.000000 0.000000 0.000000 0.000000 0.000000 
0.000000 0.000000 0.000000 0.000000 0.000000 0.000000 0.000000 0.000000 0.000000 0.000000 0.000000 0.000000 0.000000 0.000000 0.000000 0.000000 0.000000 0.000000 0.000000 0.000000 0.000000 0.000000 0.000000 0.000000 0.000000 0.000000 0.000000 0.000000 0.000000 0.000000 0.000000 0.000000 0.000000 0.000000 0.000000 0.000000 
0.000000 0.000000 0.000000 0.000000 0.000000 0.000000 0.000000 0.000000 0.000000 0.000000 0.000000 0.000000 0.000000 0.000000 0.000000 0.000000 0.000000 0.000000 0.000000 0.000000 0.000000 0.000000 0.000000 0.000000 0.000000 0.000000 0.000000 0.000000 0.000000 0.000000 0.000000 0.000000 0.000000 0.000000 0.000000 0.000000 
0.000000 0.000000 0.000000 0.000000 0.000000 0.000000 0.000000 0.000000 0.000000 0.000000 0.000000 0.000000 0.000000 0.000000 0.000000 0.000000 0.000000 0.000000 0.000000 0.000000 0.000000 0.000000 0.000000 0.000000 0.000000 0.000000 0.000000 0.000000 0.000000 0.000000 0.000000 0.000000 0.000000 0.000000 0.000000 0.000000 
0.000000 0.000000 0.000000 0.000000 0.000000 0.000000 0.000000 0.000000 0.000000 0.000000 0.000000 0.000000 0.000000 0.000000 0.000000 0.000000 0.000000 0.000000 0.000000 0.000000 0.000000 0.000000 0.000000 0.000000 0.000000 0.000000 0.000000 0.000000 0.000000 0.000000 0.000000 0.000000 0.000000 0.000000 0.000000 0.000000 
0.000000 0.000000 0.000000 0.000000 0.000000 0.000000 0.000000 0.000000 0.000000 0.000000 0.000000 0.000000 0.000000 0.000000 0.000000 0.000000 0.000000 0.000000 0.000000 0.000000 0.000000 0.000000 0.000000 0.000000 0.000000 0.000000 0.000000 0.000000 0.000000 0.000000 0.000000 0.000000 0.000000 0.000000 0.000000 0.000000 
0.000000 0.000000 0.000000 0.000000 0.000000 0.000000 0.000000 0.000000 0.000000 0.000000 0.000000 0.000000 0.341004 0.000000 0.000000 0.000000 0.000000 0.000000 0.000000 0.000000 0.000000 0.000000 0.000000 0.000000 0.000000 0.000000 0.000000 0.000000 0.000000 0.000000 0.000000 0.000000 0.000000 0.000000 0.000000 0.000000 
0.000000 0.000000 0.000000 0.000000 0.000000 0.000000 0.000000 0.000000 0.000000 0.000000 0.000000 0.000000 0.000000 0.000000 0.000000 0.000000 0.000000 0.000000 0.000000 0.000000 0.000000 0.000000 0.000000 0.000000 0.000000 0.000000 0.000000 0.000000 0.000000 0.000000 0.000000 0.000000 0.000000 0.000000 0.000000 0.000000 
0.000000 0.000000 0.000000 0.000000 0.000000 0.000000 0.000000 0.000000 0.000000 0.627687 0.710406 0.000000 0.000000 0.000000 0.000000 0.000000 0.000000 0.000000 0.000000 0.000000 0.000000 0.000000 0.000000 0.000000 0.000000 0.000000 0.000000 0.000000 0.000000 0.000000 0.000000 0.000000 0.000000 0.000000 0.000000 0.000000 
0.000000 0.000000 0.000000 0.000000 0.000000 0.000000 0.000000 0.000000 0.000000 1.006590 1.204087 0.773892 0.000000 0.000000 0.000000 0.000000 0.000000 0.000000 0.000000 0.000000 0.000000 0.000000 0.000000 0.000000 0.000000 0.000000 0.000000 0.000000 0.000000 0.000000 0.000000 0.000000 0.000000 0.000000 0.000000 0.000000 
0.000000 0.000000 0.000000 0.000000 0.000000 0.000000 0.000000 0.000000 0.000000 0.092938 0.390570 0.450060 0.000000 0.000000 0.000000 0.000000 0.000000 0.000000 0.000000 0.000000 0.000000 0.000000 0.000000 0.000000 0.000000 0.000000 0.000000 0.000000 0.000000 0.000000 0.000000 0.000000 0.000000 0.000000 0.000000 0.000000 
0.000000 0.000000 0.000000 0.000000 0.000000 0.000000 0.000000 0.000000 0.000000 0.000000 0.000000 0.000000 0.000000 0.000000 0.000000 0.000000 0.000000 0.000000 0.000000 0.000000 0.000000 0.000000 0.000000 0.000000 0.000000 0.000000 0.000000 0.000000 0.000000 0.000000 0.000000 0.000000 0.000000 0.000000 0.000000 0.000000 
0.000000 0.000000 0.000000 0.000000 0.000000 0.000000 0.000000 0.000000 0.000000 0.000000 0.000000 0.000000 0.000000 0.000000 0.000000 0.000000 0.000000 0.000000 0.000000 0.000000 0.000000 0.000000 0.000000 0.000000 0.000000 0.000000 0.000000 0.000000 0.000000 0.000000 0.000000 0.000000 0.000000 0.000000 0.000000 0.000000 
0.000000 0.000000 0.000000 0.000000 0.000000 0.000000 0.000000 0.000000 0.000000 0.000000 0.000000 0.000000 0.000000 0.000000 0.000000 0.000000 0.000000 0.000000 0.000000 0.000000 0.000000 0.000000 0.000000 0.000000 0.000000 0.000000 0.000000 0.000000 0.000000 0.000000 0.000000 0.000000 0.000000 0.000000 0.000000 0.000000 
0.000000 0.000000 0.000000 0.000000 0.000000 0.000000 0.000000 0.000000 0.000000 0.000000 0.000000 0.000000 0.000000 0.000000 0.000000 0.000000 0.000000 0.000000 0.000000 0.000000 0.000000 0.000000 0.000000 0.000000 0.000000 0.000000 0.000000 0.000000 0.000000 0.000000 0.000000 0.000000 0.000000 0.000000 0.000000 0.000000 
0.000000 0.000000 0.000000 0.000000 0.000000 0.000000 0.000000 0.000000 0.000000 0.000000 0.000000 0.000000 0.000000 0.000000 0.000000 0.000000 0.000000 0.000000 0.000000 0.000000 0.000000 0.000000 0.000000 0.000000 0.000000 0.000000 0.000000 0.000000 0.000000 0.000000 0.000000 0.000000 0.000000 0.000000 0.000000 0.000000 
0.000000 0.000000 0.000000 0.000000 0.000000 0.000000 0.000000 0.000000 0.000000 0.000000 0.000000 0.000000 0.000000 0.000000 0.000000 0.000000 0.000000 0.000000 0.000000 0.000000 0.000000 0.000000 0.000000 0.000000 0.000000 0.000000 0.000000 0.000000 0.000000 0.000000 0.000000 0.000000 0.000000 0.000000 0.000000 0.000000 
0.000000 0.000000 0.000000 0.000000 0.000000 0.000000 0.000000 0.000000 0.000000 0.000000 0.000000 0.000000 0.000000 0.000000 0.000000 0.000000 0.000000 0.000000 0.000000 0.000000 0.000000 0.000000 0.000000 0.000000 0.000000 0.000000 0.000000 0.000000 0.000000 0.000000 0.000000 0.000000 0.000000 0.000000 0.000000 0.000000 


Output FAVD XY_plane slices sorted by decreasing Z-coordinate:
Z-28
0.000000 0.000000 0.000000 0.000000 0.000000 0.000000 0.000000 0.000000 0.000000 0.000000 0.000000 0.000000 0.000000 0.000000 0.000000 0.000000 0.000000 0.000000 0.000000 0.000000 0.000000 0.000000 0.000000 0.000000 0.000000 0.000000 0.000000 0.000000 0.000000 0.000000 0.000000 0.000000 0.000000 0.000000 0.000000 0.000000 
0.000000 0.000000 0.000000 0.000000 0.000000 0.000000 0.000000 0.000000 0.000000 0.000000 0.000000 0.000000 0.000000 0.000000 0.000000 0.000000 0.000000 0.000000 0.000000 0.000000 0.000000 0.000000 0.000000 0.000000 0.000000 0.000000 0.000000 0.000000 0.000000 0.000000 0.000000 0.000000 0.000000 0.000000 0.000000 0.000000 
0.000000 0.000000 0.000000 0.000000 0.000000 0.000000 0.000000 0.000000 0.000000 0.000000 0.000000 0.000000 0.000000 0.000000 0.000000 0.000000 0.000000 0.000000 0.000000 0.000000 0.000000 0.000000 0.000000 0.000000 0.000000 0.000000 0.000000 0.000000 0.000000 0.000000 0.000000 0.000000 0.000000 0.000000 0.000000 0.000000 
0.000000 0.000000 0.000000 0.000000 0.000000 0.000000 0.000000 0.000000 0.000000 0.000000 0.000000 0.000000 0.000000 0.000000 0.000000 0.000000 0.000000 0.000000 0.000000 0.000000 0.000000 0.000000 0.000000 0.000000 0.000000 0.000000 0.000000 0.000000 0.000000 0.000000 0.000000 0.000000 0.000000 0.000000 0.000000 0.000000 
0.000000 0.000000 0.000000 0.000000 0.000000 0.000000 0.000000 0.000000 0.000000 0.000000 0.000000 0.000000 0.000000 0.000000 0.000000 0.000000 0.000000 0.000000 0.000000 0.000000 0.000000 0.000000 0.000000 0.000000 0.000000 0.000000 0.000000 0.000000 0.000000 0.000000 0.000000 0.000000 0.000000 0.000000 0.000000 0.000000 
0.000000 0.000000 0.000000 0.000000 0.000000 0.000000 0.000000 0.000000 0.000000 0.000000 0.000000 0.000000 0.000000 0.000000 0.000000 0.000000 0.000000 0.000000 0.000000 0.000000 0.000000 0.000000 0.000000 0.000000 0.000000 0.000000 0.000000 0.000000 0.000000 0.000000 0.000000 0.000000 0.000000 0.000000 0.000000 0.000000 
0.000000 0.000000 0.000000 0.000000 0.000000 0.000000 0.000000 0.000000 0.000000 0.000000 0.000000 0.000000 0.000000 0.000000 0.000000 0.000000 0.000000 0.000000 0.000000 0.000000 0.000000 0.000000 0.000000 0.000000 0.000000 0.000000 0.000000 0.000000 0.000000 0.000000 0.000000 0.000000 0.000000 0.000000 0.000000 0.000000 
0.000000 0.000000 0.000000 0.000000 0.000000 0.000000 0.000000 0.000000 0.000000 0.000000 0.000000 0.000000 0.000000 0.000000 0.000000 0.000000 0.000000 0.000000 0.000000 0.000000 0.000000 0.000000 0.000000 0.000000 0.000000 0.000000 0.000000 0.000000 0.000000 0.000000 0.000000 0.000000 0.000000 0.000000 0.000000 0.000000 
0.000000 0.000000 0.000000 0.000000 0.000000 0.000000 0.000000 0.000000 0.000000 0.000000 0.000000 0.000000 0.000000 0.000000 0.000000 0.000000 0.000000 0.000000 0.000000 0.000000 0.000000 0.000000 0.000000 0.000000 0.000000 0.000000 0.000000 0.000000 0.000000 0.000000 0.000000 0.000000 0.000000 0.000000 0.000000 0.000000 
0.000000 0.000000 0.000000 0.000000 0.000000 0.000000 0.000000 0.000000 0.000000 0.000000 0.000000 0.000000 0.000000 0.000000 0.000000 0.000000 0.000000 0.000000 0.000000 0.000000 0.000000 0.000000 0.000000 0.000000 0.000000 0.000000 0.000000 0.000000 0.000000 0.000000 0.000000 0.000000 0.000000 0.000000 0.000000 0.000000 
0.000000 0.000000 0.000000 0.000000 0.000000 0.000000 0.000000 0.000000 0.000000 0.000000 0.000000 0.000000 0.000000 0.000000 0.000000 0.000000 0.000000 0.000000 0.000000 0.000000 0.000000 0.000000 0.000000 0.000000 0.000000 0.000000 0.000000 0.000000 0.000000 0.000000 0.000000 0.000000 0.000000 0.000000 0.000000 0.000000 
0.000000 0.000000 0.000000 0.000000 0.000000 0.000000 0.000000 0.000000 0.000000 0.000000 0.000000 0.000000 0.000000 0.000000 0.000000 0.000000 0.000000 0.000000 0.000000 0.000000 0.000000 0.000000 0.000000 0.000000 0.000000 0.000000 0.000000 0.000000 0.000000 0.000000 0.000000 0.000000 0.000000 0.000000 0.000000 0.000000 
0.000000 0.000000 0.000000 0.000000 0.000000 0.000000 0.000000 0.000000 0.000000 0.000000 0.000000 0.000000 0.000000 0.000000 0.000000 0.000000 0.000000 0.000000 0.000000 0.000000 0.000000 0.000000 0.000000 0.000000 0.000000 0.000000 0.000000 0.000000 0.000000 0.000000 0.000000 0.000000 0.000000 0.000000 0.000000 0.000000 
0.000000 0.000000 0.000000 0.000000 0.000000 0.000000 0.000000 0.000000 0.000000 0.000000 0.000000 0.000000 0.000000 0.000000 0.000000 0.000000 0.000000 0.000000 0.000000 0.000000 0.000000 0.000000 0.000000 0.000000 0.000000 0.000000 0.000000 0.000000 0.000000 0.000000 0.000000 0.000000 0.000000 0.000000 0.000000 0.000000 
0.000000 0.000000 0.000000 0.000000 0.000000 0.000000 0.000000 0.000000 0.000000 0.000000 0.000000 0.000000 0.000000 0.000000 0.000000 0.000000 0.000000 0.000000 0.000000 0.000000 0.000000 0.000000 0.000000 0.000000 0.000000 0.000000 0.000000 0.000000 0.000000 0.000000 0.000000 0.000000 0.000000 0.000000 0.000000 0.000000 
0.000000 0.000000 0.000000 0.000000 0.000000 0.000000 0.000000 0.000000 0.000000 0.000000 0.000000 0.000000 0.000000 0.000000 0.000000 0.000000 0.000000 0.000000 0.000000 0.000000 0.000000 0.000000 0.000000 0.000000 0.000000 0.000000 0.000000 0.000000 0.000000 0.000000 0.000000 0.000000 0.000000 0.000000 0.000000 0.000000 
0.000000 0.000000 0.000000 0.000000 0.000000 0.000000 0.000000 0.000000 0.000000 0.000000 0.000000 0.000000 0.000000 0.000000 0.000000 0.000000 0.000000 0.000000 0.000000 0.000000 0.000000 0.000000 2.371202 1.701402 0.000000 0.000000 0.000000 0.000000 0.000000 0.000000 0.000000 0.000000 0.000000 0.000000 0.000000 0.000000 
0.000000 0.000000 0.000000 0.000000 0.000000 0.000000 0.000000 0.000000 0.000000 0.000000 0.000000 0.000000 0.000000 0.000000 0.000000 0.000000 0.000000 0.000000 0.000000 0.000000 0.000000 0.000000 2.080462 1.469426 0.000000 0.000000 0.000000 0.000000 0.000000 0.000000 0.000000 0.000000 0.000000 0.000000 0.000000 0.000000 
0.000000 0.000000 0.000000 0.000000 0.000000 0.000000 0.000000 0.000000 0.000000 0.000000 0.000000 0.000000 0.000000 0.000000 0.000000 0.000000 0.000000 0.000000 0.000000 0.000000 0.000000 0.000000 2.126833 0.000000 0.000000 0.000000 0.000000 0.000000 0.000000 0.000000 0.000000 0.000000 0.000000 0.000000 0.000000 0.000000 
0.000000 0.000000 0.000000 0.000000 0.000000 0.000000 0.000000 0.000000 0.000000 0.000000 0.000000 0.000000 0.000000 0.000000 0.000000 0.000000 0.000000 0.000000 0.000000 0.000000 0.000000 0.000000 1.677226 0.000000 0.000000 0.000000 0.000000 0.000000 0.000000 0.000000 0.000000 0.000000 0.000000 0.000000 0.000000 0.000000 
0.000000 0.000000 0.000000 0.000000 0.000000 0.000000 0.000000 0.000000 0.000000 0.000000 0.000000 0.000000 0.000000 0.000000 0.000000 0.000000 0.000000 0.000000 0.000000 0.000000 0.000000 0.000000 0.000000 0.000000 0.000000 0.000000 0.000000 0.000000 0.000000 0.000000 0.000000 0.000000 0.000000 0.000000 0.000000 0.000000 
0.000000 0.000000 0.000000 0.000000 0.000000 0.000000 0.000000 0.000000 0.000000 0.000000 0.000000 0.000000 0.000000 0.000000 0.000000 0.000000 0.000000 0.000000 0.000000 0.000000 0.000000 0.000000 0.000000 0.000000 0.000000 0.000000 0.000000 0.000000 0.000000 0.000000 0.000000 0.000000 0.000000 0.000000 0.000000 0.000000 
0.000000 0.000000 0.000000 0.000000 0.000000 0.000000 0.000000 0.000000 0.000000 0.000000 0.000000 0.000000 0.000000 0.000000 0.000000 0.000000 0.000000 0.000000 0.000000 0.000000 0.000000 0.000000 0.000000 0.000000 0.000000 0.000000 0.000000 0.000000 0.000000 0.000000 0.000000 0.000000 0.000000 0.000000 0.000000 0.000000 
0.000000 0.000000 0.000000 0.000000 0.000000 0.000000 0.000000 0.000000 0.000000 0.000000 0.000000 0.000000 0.000000 0.000000 0.000000 0.000000 0.000000 0.000000 0.000000 0.000000 0.000000 0.000000 0.000000 0.000000 0.000000 0.000000 0.000000 0.000000 0.000000 0.000000 0.000000 0.000000 0.000000 0.000000 0.000000 0.000000 
0.000000 0.000000 0.000000 0.000000 0.000000 0.000000 0.000000 0.000000 0.000000 0.000000 0.000000 0.000000 0.000000 0.000000 0.000000 0.000000 0.000000 0.000000 0.000000 0.000000 0.000000 0.000000 0.000000 0.000000 0.000000 0.000000 0.000000 0.000000 0.000000 0.000000 0.000000 0.000000 0.000000 0.000000 0.000000 0.000000 
0.000000 0.000000 0.000000 0.000000 0.000000 0.000000 0.000000 0.000000 0.000000 0.000000 0.000000 0.000000 0.000000 0.000000 0.000000 0.000000 0.000000 0.000000 0.000000 0.000000 0.000000 0.000000 0.000000 0.000000 0.000000 0.000000 0.000000 0.000000 0.000000 0.000000 0.000000 0.000000 0.000000 0.000000 0.000000 0.000000 
0.000000 0.000000 0.000000 0.000000 0.000000 0.000000 0.000000 0.000000 0.000000 0.000000 0.000000 0.000000 0.000000 0.000000 0.000000 0.000000 0.000000 0.000000 0.000000 0.000000 0.000000 0.000000 0.000000 0.000000 0.000000 0.000000 0.000000 0.000000 0.000000 0.000000 0.000000 0.000000 0.000000 0.000000 0.000000 0.000000 
0.000000 0.000000 0.000000 0.000000 0.000000 0.000000 0.000000 0.000000 0.000000 0.000000 0.000000 0.000000 0.000000 0.000000 0.000000 0.000000 0.000000 0.000000 0.000000 0.000000 0.000000 0.000000 0.000000 0.000000 0.000000 0.000000 0.000000 0.000000 0.000000 0.000000 0.000000 0.000000 0.000000 0.000000 0.000000 0.000000 
0.000000 0.000000 0.000000 0.000000 0.000000 0.000000 0.000000 0.000000 0.000000 0.000000 0.000000 0.000000 0.000000 0.000000 0.000000 0.000000 0.000000 0.000000 0.000000 0.000000 0.000000 0.000000 0.000000 0.000000 0.000000 0.000000 0.000000 0.000000 0.000000 0.000000 0.000000 0.000000 0.000000 0.000000 0.000000 0.000000 
0.000000 0.000000 0.000000 0.000000 0.000000 0.000000 0.000000 0.000000 0.000000 0.000000 0.000000 0.000000 0.000000 0.000000 0.000000 0.000000 0.000000 0.000000 0.000000 0.000000 0.000000 0.000000 0.000000 0.000000 0.000000 0.000000 0.000000 0.000000 0.000000 0.000000 0.000000 0.000000 0.000000 0.000000 0.000000 0.000000 
0.000000 0.000000 0.000000 0.000000 0.000000 0.000000 0.000000 0.000000 0.000000 0.000000 0.000000 0.000000 0.000000 0.000000 0.000000 0.000000 0.000000 0.000000 0.000000 0.000000 0.000000 0.000000 0.000000 0.000000 0.000000 0.000000 0.000000 0.000000 0.000000 0.000000 0.000000 0.000000 0.000000 0.000000 0.000000 0.000000 

Z-27
0.000000 0.000000 0.000000 0.000000 0.000000 0.000000 0.000000 0.000000 0.000000 0.000000 0.000000 0.000000 0.000000 0.000000 0.000000 0.000000 0.000000 0.000000 0.000000 0.000000 0.000000 0.000000 0.000000 0.000000 0.000000 0.000000 0.000000 0.000000 0.000000 0.000000 0.000000 0.000000 0.000000 0.000000 0.000000 0.000000 
0.000000 0.000000 0.000000 0.000000 0.000000 0.000000 0.000000 0.000000 0.000000 0.000000 0.000000 0.000000 0.000000 0.000000 0.000000 0.000000 0.000000 0.000000 0.000000 0.000000 0.000000 0.000000 0.000000 0.000000 0.000000 0.000000 0.000000 0.000000 0.000000 0.000000 0.000000 0.000000 0.000000 0.000000 0.000000 0.000000 
0.000000 0.000000 0.000000 0.000000 0.000000 0.000000 0.000000 0.000000 0.000000 0.000000 0.000000 0.000000 0.000000 0.000000 0.000000 0.000000 0.000000 0.000000 0.000000 0.000000 0.000000 0.000000 0.000000 0.000000 0.000000 0.000000 0.000000 0.000000 0.000000 0.000000 0.000000 0.000000 0.000000 0.000000 0.000000 0.000000 
0.000000 0.000000 0.000000 0.000000 0.000000 0.000000 0.000000 0.000000 0.000000 0.000000 0.000000 0.000000 0.000000 0.000000 0.000000 0.000000 0.000000 0.000000 0.000000 0.000000 0.000000 0.000000 0.000000 0.000000 0.000000 0.000000 0.000000 0.000000 0.000000 0.000000 0.000000 0.000000 0.000000 0.000000 0.000000 0.000000 
0.000000 0.000000 0.000000 0.000000 0.000000 0.000000 0.000000 0.000000 0.000000 0.000000 0.000000 0.000000 0.000000 1.862387 2.735459 2.333281 0.000000 0.000000 0.000000 0.000000 0.000000 0.000000 0.000000 0.000000 0.000000 0.000000 0.000000 0.000000 0.000000 0.000000 0.000000 0.000000 0.000000 0.000000 0.000000 0.000000 
0.000000 0.000000 0.000000 0.000000 0.000000 0.000000 0.000000 0.000000 0.000000 0.000000 0.000000 0.000000 0.000000 1.915810 1.588241 2.721909 0.000000 0.000000 0.000000 0.000000 0.000000 0.000000 0.000000 0.000000 0.000000 0.000000 0.000000 0.000000 0.000000 0.000000 0.000000 0.000000 0.000000 0.000000 0.000000 0.000000 
0.000000 0.000000 0.000000 0.000000 0.000000 0.000000 0.000000 0.000000 0.000000 0.000000 0.000000 0.000000 0.000000 0.000000 2.927004 2.800576 0.000000 0.000000 3.049055 1.920432 0.000000 0.000000 0.000000 0.000000 0.000000 0.000000 0.000000 0.000000 0.000000 0.000000 0.000000 0.000000 0.000000 0.000000 0.000000 0.000000 
0.000000 0.000000 0.000000 0.000000 0.000000 0.000000 0.000000 0.000000 0.000000 2.058475 0.000000 0.000000 0.000000 0.000000 0.000000 0.000000 0.000000 0.000000 0.000000 2.154139 2.709012 3.238053 0.000000 0.000000 0.000000 0.000000 0.000000 0.000000 0.000000 0.000000 0.000000 0.000000 0.000000 0.000000 0.000000 0.000000 
0.000000 0.000000 0.000000 0.000000 0.000000 0.000000 0.000000 0.000000 0.000000 0.000000 0.000000 0.000000 0.000000 0.000000 0.000000 3.062400 0.000000 0.000000 0.000000 2.657569 2.342518 1.937412 0.000000 0.000000 0.000000 0.000000 0.000000 0.000000 0.000000 0.000000 0.000000 0.000000 0.000000 0.000000 0.000000 0.000000 
0.000000 0.000000 0.000000 0.000000 0.000000 0.000000 0.000000 0.000000 0.000000 0.000000 0.000000 0.000000 0.000000 0.000000 0.000000 0.000000 0.000000 0.000000 0.000000 0.000000 0.000000 0.000000 0.000000 0.000000 0.000000 0.000000 0.000000 0.000000 0.000000 0.000000 0.000000 0.000000 0.000000 0.000000 0.000000 0.000000 
0.000000 0.000000 0.000000 0.000000 0.000000 0.000000 0.000000 0.000000 0.000000 0.000000 0.000000 0.000000 0.000000 0.000000 0.000000 0.000000 0.000000 0.000000 0.000000 0.000000 0.000000 0.000000 0.000000 0.000000 0.000000 0.000000 0.000000 0.000000 0.000000 0.000000 0.000000 0.000000 0.000000 0.000000 0.000000 0.000000 
0.000000 0.000000 0.000000 0.000000 0.000000 0.000000 0.000000 0.000000 0.000000 0.000000 0.000000 0.000000 0.000000 0.000000 0.000000 0.000000 0.000000 0.000000 0.000000 0.000000 0.000000 0.000000 0.000000 0.000000 0.000000 0.000000 0.000000 0.000000 0.000000 0.000000 0.000000 0.000000 0.000000 0.000000 0.000000 0.000000 
0.000000 0.000000 0.000000 0.000000 0.000000 0.000000 0.000000 0.000000 0.000000 0.000000 0.000000 0.000000 0.000000 0.000000 0.000000 0.000000 0.000000 0.000000 0.000000 0.000000 0.000000 2.345105 0.000000 0.000000 0.000000 0.000000 0.000000 0.000000 0.000000 0.000000 0.000000 0.000000 0.000000 0.000000 0.000000 0.000000 
0.000000 0.000000 0.000000 0.000000 0.000000 0.000000 0.000000 0.000000 0.000000 0.000000 0.000000 0.000000 0.000000 0.000000 0.000000 0.000000 0.000000 0.000000 0.000000 0.000000 0.000000 0.000000 0.000000 0.000000 0.000000 0.000000 0.000000 0.000000 0.000000 0.000000 0.000000 0.000000 0.000000 0.000000 0.000000 0.000000 
0.000000 0.000000 0.000000 0.000000 0.000000 0.000000 0.000000 0.000000 0.000000 0.000000 0.000000 0.000000 0.000000 0.000000 0.000000 0.000000 0.000000 0.000000 0.000000 0.000000 0.000000 0.000000 0.000000 2.253409 1.606370 0.000000 1.083683 0.000000 0.000000 0.000000 0.000000 0.000000 0.000000 0.000000 0.000000 0.000000 
0.000000 0.000000 0.000000 0.000000 0.000000 0.000000 0.000000 0.000000 0.000000 0.000000 0.000000 0.000000 0.000000 0.000000 0.000000 0.000000 0.000000 0.000000 0.000000 1.813474 2.160350 0.000000 0.000000 2.055352 1.650648 1.622894 1.437547 0.406019 0.000000 0.000000 0.000000 0.000000 0.000000 0.000000 0.000000 0.000000 
0.000000 0.000000 0.000000 0.000000 0.000000 0.000000 0.000000 0.000000 0.000000 0.000000 0.000000 0.000000 0.000000 0.000000 0.000000 0.000000 0.000000 0.000000 0.000000 0.000000 2.390580 0.000000 0.000000 1.779672 1.514414 2.004241 2.059589 0.000000 0.000000 0.000000 0.000000 0.000000 0.000000 0.000000 0.000000 0.000000 
0.000000 0.000000 0.000000 0.000000 0.000000 0.000000 0.000000 0.000000 0.000000 0.000000 0.000000 0.000000 0.000000 0.000000 0.000000 0.000000 0.000000 0.000000 0.000000 0.000000 0.000000 2.594516 0.000000 2.015637 1.356486 0.000000 2.174261 1.584845 0.000000 0.000000 0.000000 0.000000 0.000000 0.000000 0.000000 0.000000 
0.000000 0.000000 0.000000 0.000000 0.000000 0.000000 0.000000 0.000000 0.000000 0.000000 0.000000 0.000000 0.000000 0.000000 0.000000 0.000000 0.000000 0.000000 0.000000 0.000000 0.000000 2.797050 1.975212 2.156587 0.000000 2.009757 0.000000 0.000000 0.000000 0.000000 0.000000 0.000000 0.000000 0.000000 0.000000 0.000000 
0.000000 0.000000 0.000000 0.000000 0.000000 0.000000 0.000000 0.000000 0.000000 0.000000 0.000000 0.000000 0.000000 0.000000 0.000000 0.000000 0.000000 0.000000 0.000000 0.000000 0.000000 0.000000 1.789862 2.265492 2.071872 1.545618 1.001491 0.000000 0.000000 0.000000 0.000000 0.000000 0.000000 0.000000 0.000000 0.000000 
0.000000 0.000000 0.000000 0.000000 0.000000 0.000000 0.000000 0.000000 0.000000 0.000000 0.000000 0.000000 0.000000 0.000000 0.000000 0.000000 0.000000 0.000000 0.000000 0.000000 0.000000 0.000000 1.193758 1.708218 1.626445 1.300548 0.000000 0.000000 0.000000 0.000000 0.000000 0.000000 0.000000 0.000000 0.000000 0.000000 
0.000000 0.000000 0.000000 0.000000 0.000000 0.000000 0.000000 0.000000 0.000000 0.000000 0.000000 0.000000 0.000000 0.000000 0.000000 0.000000 0.000000 0.000000 0.000000 0.000000 0.000000 0.000000 0.000000 0.000000 0.000000 0.000000 0.000000 0.000000 0.000000 0.000000 0.000000 0.000000 0.000000 0.000000 0.000000 0.000000 
0.000000 0.000000 0.000000 0.000000 0.000000 0.000000 0.000000 0.000000 0.000000 0.000000 0.000000 0.000000 0.000000 0.000000 0.000000 0.000000 0.000000 0.000000 0.000000 0.000000 0.000000 0.000000 0.000000 0.000000 0.000000 0.000000 0.000000 0.000000 0.000000 0.000000 0.000000 0.000000 0.000000 0.000000 0.000000 0.000000 
0.000000 0.000000 0.000000 0.000000 0.000000 0.000000 0.000000 0.000000 0.000000 0.000000 0.000000 0.000000 0.000000 0.000000 0.000000 0.000000 0.000000 0.000000 0.000000 0.000000 0.000000 0.000000 0.000000 0.000000 0.000000 0.000000 0.000000 0.000000 0.000000 0.000000 0.000000 0.000000 0.000000 0.000000 0.000000 0.000000 
0.000000 0.000000 0.000000 0.000000 0.000000 0.000000 0.000000 0.000000 0.000000 0.000000 0.000000 0.000000 0.000000 0.000000 0.000000 0.000000 0.000000 0.000000 0.000000 0.000000 0.000000 0.000000 0.000000 0.000000 0.000000 0.000000 0.000000 0.000000 0.000000 0.000000 0.000000 0.000000 0.000000 0.000000 0.000000 0.000000 
0.000000 0.000000 0.000000 0.000000 0.000000 0.000000 0.000000 0.000000 0.000000 0.000000 0.000000 0.000000 0.000000 0.000000 0.000000 0.000000 0.000000 0.000000 0.000000 0.000000 0.000000 0.000000 0.000000 0.000000 0.000000 0.000000 0.000000 0.000000 0.000000 0.000000 0.000000 0.000000 0.000000 0.000000 0.000000 0.000000 
0.000000 0.000000 0.000000 0.000000 0.000000 0.000000 0.000000 0.000000 0.000000 0.000000 0.000000 0.000000 0.000000 0.000000 0.000000 0.000000 0.000000 0.000000 0.000000 0.000000 0.000000 0.000000 0.000000 0.000000 0.000000 0.000000 0.000000 0.000000 0.000000 0.000000 0.000000 0.000000 0.000000 0.000000 0.000000 0.000000 
0.000000 0.000000 0.000000 0.000000 0.000000 0.000000 0.000000 0.000000 0.000000 0.000000 0.000000 0.000000 0.000000 0.000000 0.000000 0.000000 0.000000 0.000000 0.000000 0.000000 0.000000 0.000000 0.000000 0.000000 0.000000 0.000000 0.000000 0.000000 0.000000 0.000000 0.000000 0.000000 0.000000 0.000000 0.000000 0.000000 
0.000000 0.000000 0.000000 0.000000 0.000000 0.000000 0.000000 0.000000 0.000000 0.000000 0.000000 0.000000 0.000000 0.000000 0.000000 0.000000 0.000000 0.000000 0.000000 0.000000 0.000000 0.000000 0.000000 0.000000 0.000000 0.000000 0.000000 0.000000 0.000000 0.000000 0.000000 0.000000 0.000000 0.000000 0.000000 0.000000 
0.000000 0.000000 0.000000 0.000000 0.000000 0.000000 0.000000 0.000000 0.000000 0.000000 0.000000 0.000000 0.000000 0.000000 0.000000 0.000000 0.000000 0.000000 0.000000 0.000000 0.000000 0.000000 0.000000 0.000000 0.000000 0.000000 0.000000 0.000000 0.000000 0.000000 0.000000 0.000000 0.000000 0.000000 0.000000 0.000000 
0.000000 0.000000 0.000000 0.000000 0.000000 0.000000 0.000000 0.000000 0.000000 0.000000 0.000000 0.000000 0.000000 0.000000 0.000000 0.000000 0.000000 0.000000 0.000000 0.000000 0.000000 0.000000 0.000000 0.000000 0.000000 0.000000 0.000000 0.000000 0.000000 0.000000 0.000000 0.000000 0.000000 0.000000 0.000000 0.000000 

Z-26
0.000000 0.000000 0.000000 0.000000 0.000000 0.000000 0.000000 0.000000 0.000000 0.000000 0.000000 0.000000 0.000000 0.000000 0.000000 0.000000 0.000000 0.000000 0.000000 0.000000 0.000000 0.000000 0.000000 0.000000 0.000000 0.000000 0.000000 0.000000 0.000000 0.000000 0.000000 0.000000 0.000000 0.000000 0.000000 0.000000 
0.000000 0.000000 0.000000 0.000000 0.000000 0.000000 0.000000 0.000000 0.000000 0.000000 0.000000 0.000000 0.000000 0.000000 0.000000 0.000000 0.000000 0.000000 0.000000 0.000000 0.000000 0.000000 0.000000 0.000000 0.000000 0.000000 0.000000 0.000000 0.000000 0.000000 0.000000 0.000000 0.000000 0.000000 0.000000 0.000000 
0.000000 0.000000 0.000000 0.000000 0.000000 0.000000 0.000000 0.000000 0.000000 0.000000 0.000000 0.000000 0.000000 0.000000 0.172028 0.147073 0.000000 0.000000 0.000000 0.000000 0.000000 0.000000 0.000000 0.000000 0.000000 0.000000 0.000000 0.000000 0.000000 0.000000 0.000000 0.000000 0.000000 0.000000 0.000000 0.000000 
0.000000 0.000000 0.000000 0.000000 0.000000 0.000000 0.000000 0.000000 0.000000 0.000000 0.000000 0.000000 0.467938 0.000000 2.918169 2.688867 1.474536 0.000000 0.000000 0.000000 2.048154 1.255527 0.000000 0.000000 0.000000 0.000000 0.000000 0.000000 0.000000 0.000000 0.000000 0.000000 0.000000 0.000000 0.000000 0.000000 
0.000000 0.000000 0.000000 0.000000 0.000000 0.000000 0.000000 0.000000 0.000000 0.000000 0.000000 1.391054 1.312629 0.886591 1.858048 2.124757 2.396829 0.000000 0.000000 0.000000 3.453804 2.176632 0.000000 0.000000 0.000000 0.000000 0.000000 0.000000 0.000000 0.000000 0.000000 0.000000 0.000000 0.000000 0.000000 0.000000 
0.000000 0.000000 0.000000 0.000000 0.000000 0.000000 0.000000 0.000000 0.000000 0.000000 0.000000 0.000000 2.005131 2.131932 1.908814 2.195679 0.000000 3.722099 3.026308 2.034810 0.000000 0.000000 0.000000 0.000000 0.000000 0.000000 0.000000 0.000000 0.000000 0.000000 0.000000 0.000000 0.000000 0.000000 0.000000 0.000000 
0.000000 0.000000 0.000000 0.000000 0.000000 0.000000 0.000000 0.000000 2.139268 1.762158 0.000000 0.000000 2.690969 1.950166 0.000000 0.000000 2.704474 3.399554 3.942837 2.851460 2.303365 0.000000 0.000000 0.000000 0.000000 0.000000 0.000000 0.000000 0.000000 0.000000 0.000000 0.000000 0.000000 0.000000 0.000000 0.000000 
0.000000 0.000000 0.000000 0.000000 0.000000 0.000000 0.000000 0.000000 0.000000 1.504426 0.000000 1.889514 0.000000 1.930615 2.132217 0.000000 3.244480 0.000000 4.026541 0.000000 2.170365 0.000000 0.000000 0.000000 0.000000 0.000000 0.000000 0.000000 0.000000 0.000000 0.000000 0.000000 0.000000 0.000000 0.000000 0.000000 
0.000000 0.000000 0.000000 0.000000 0.000000 0.000000 0.000000 0.000000 0.000000 2.613904 2.280765 0.000000 3.074247 3.074247 3.035376 0.000000 3.116043 0.000000 0.000000 0.000000 2.482944 0.000000 0.000000 5.615792 0.000000 0.000000 0.000000 0.000000 0.000000 0.000000 0.000000 0.000000 0.000000 0.000000 0.000000 0.000000 
0.000000 0.000000 0.000000 0.000000 0.000000 0.000000 0.000000 2.475756 2.475756 0.000000 2.680861 0.000000 2.227500 2.638275 0.000000 0.000000 3.070633 0.000000 0.000000 0.000000 0.000000 0.000000 2.382678 3.030372 1.982102 1.510829 0.000000 0.000000 0.000000 0.000000 0.000000 0.000000 0.000000 0.000000 0.000000 0.000000 
0.000000 0.000000 0.000000 0.000000 0.000000 0.000000 0.000000 2.111328 1.508797 1.343148 0.000000 0.000000 0.000000 0.000000 0.000000 0.000000 0.000000 0.000000 0.000000 0.000000 3.332540 0.000000 2.896161 2.126166 1.920853 2.182863 0.000000 0.000000 0.000000 0.000000 0.000000 0.000000 0.000000 0.000000 0.000000 0.000000 
0.000000 0.000000 0.000000 0.000000 0.000000 0.000000 0.000000 1.830883 1.786863 1.853628 0.000000 0.000000 0.000000 0.000000 0.000000 0.000000 0.000000 0.000000 0.000000 3.146426 2.191352 2.431816 2.190708 0.000000 0.000000 0.000000 0.000000 0.000000 0.000000 0.000000 0.000000 0.000000 0.000000 0.000000 0.000000 0.000000 
0.000000 0.000000 0.000000 0.000000 0.000000 0.000000 0.000000 0.000000 0.000000 0.000000 0.000000 0.000000 0.000000 0.000000 0.000000 0.000000 0.000000 0.000000 0.000000 2.231565 1.809970 2.412057 2.612303 3.018064 1.728888 0.000000 0.000000 0.000000 0.000000 0.000000 0.000000 0.000000 0.000000 0.000000 0.000000 0.000000 
0.000000 0.000000 0.000000 0.000000 0.000000 0.000000 0.000000 0.000000 0.000000 0.000000 0.000000 0.000000 0.000000 0.000000 0.000000 0.000000 0.000000 0.000000 2.151172 1.984216 2.758815 2.599496 2.992108 3.009717 2.233885 0.000000 0.000000 0.000000 0.000000 0.000000 0.000000 0.000000 0.000000 0.000000 0.000000 0.000000 
0.000000 0.000000 0.000000 0.000000 0.000000 0.000000 0.000000 0.000000 0.000000 0.000000 0.000000 0.000000 0.000000 0.000000 0.000000 0.000000 0.000000 0.000000 2.820830 2.803626 2.469444 0.000000 0.000000 2.356928 1.798207 0.000000 0.000000 0.000000 0.000000 0.000000 0.000000 0.000000 0.000000 0.000000 0.000000 0.000000 
0.000000 0.000000 0.000000 0.000000 0.000000 0.000000 0.000000 0.000000 0.000000 0.000000 0.000000 0.000000 0.000000 0.000000 0.000000 0.000000 0.000000 0.000000 2.820830 2.210464 1.663815 2.004305 0.000000 2.060261 1.542063 1.791912 0.000000 0.000000 0.000000 0.000000 0.000000 0.000000 0.000000 0.000000 0.000000 0.000000 
0.000000 0.000000 0.000000 0.000000 0.000000 0.000000 0.000000 0.000000 0.000000 0.000000 0.000000 0.000000 0.000000 0.000000 0.000000 0.000000 0.000000 0.000000 2.807372 0.000000 2.572991 2.458882 0.000000 0.000000 1.274987 2.058700 1.665069 0.000000 0.000000 0.000000 0.000000 0.000000 0.000000 0.000000 0.000000 0.000000 
0.000000 0.000000 0.000000 0.000000 0.000000 0.000000 0.000000 0.000000 0.000000 0.000000 0.000000 0.000000 0.000000 0.000000 0.000000 0.000000 0.000000 0.000000 0.000000 0.000000 0.000000 2.380157 2.406521 2.230677 2.090088 2.623241 2.273472 1.270377 0.978019 0.000000 0.000000 0.000000 0.000000 0.000000 0.000000 0.000000 
0.000000 0.000000 0.000000 0.000000 0.000000 0.000000 0.000000 0.000000 0.000000 0.000000 0.000000 0.000000 2.484842 2.531222 0.000000 0.000000 0.000000 0.000000 0.000000 0.000000 2.602705 3.082782 2.270545 2.051877 2.444862 0.000000 1.529735 1.947840 1.089876 0.000000 0.000000 0.000000 0.000000 0.000000 0.000000 0.000000 
0.000000 0.000000 0.000000 0.000000 0.000000 0.000000 0.000000 0.000000 0.000000 0.000000 0.000000 0.000000 2.766563 0.000000 0.000000 0.000000 0.000000 0.000000 0.000000 0.000000 0.000000 3.172730 2.630812 1.862989 2.104664 0.000000 0.000000 0.000000 0.000000 0.000000 0.000000 0.000000 0.000000 0.000000 0.000000 0.000000 
0.000000 0.000000 0.000000 0.000000 0.000000 0.000000 0.000000 0.000000 0.000000 0.000000 0.000000 0.000000 0.000000 1.852263 0.000000 0.000000 0.000000 0.000000 0.000000 0.000000 0.000000 2.013834 2.022417 1.648915 2.155273 0.000000 0.000000 0.000000 0.000000 0.000000 0.000000 0.000000 0.000000 0.000000 0.000000 0.000000 
0.000000 0.000000 0.000000 0.000000 0.000000 0.000000 0.000000 0.000000 0.000000 0.000000 0.000000 0.000000 0.000000 0.000000 0.000000 0.000000 0.000000 0.000000 0.000000 0.000000 0.000000 0.000000 0.000000 0.000000 0.000000 0.000000 0.000000 0.000000 0.000000 0.000000 0.000000 0.000000 0.000000 0.000000 0.000000 0.000000 
0.000000 0.000000 0.000000 0.000000 0.000000 0.000000 0.000000 0.000000 0.000000 0.000000 0.000000 0.000000 0.000000 0.000000 0.000000 0.000000 0.000000 0.000000 0.000000 0.000000 0.000000 0.000000 0.000000 0.000000 0.000000 0.000000 0.000000 0.000000 0.000000 0.000000 0.000000 0.000000 0.000000 0.000000 0.000000 0.000000 
0.000000 0.000000 0.000000 0.000000 0.000000 0.000000 0.000000 0.000000 0.000000 0.000000 0.000000 0.000000 0.000000 0.000000 0.000000 0.000000 0.000000 0.000000 0.000000 0.000000 0.000000 0.000000 0.000000 0.000000 0.000000 0.000000 0.000000 0.000000 0.000000 0.000000 0.000000 0.000000 0.000000 0.000000 0.000000 0.000000 
0.000000 0.000000 0.000000 0.000000 0.000000 0.000000 0.000000 0.000000 0.000000 0.000000 0.000000 0.000000 0.000000 0.000000 0.000000 0.000000 0.000000 0.000000 0.000000 0.000000 0.000000 0.000000 0.000000 0.000000 0.000000 0.000000 0.000000 0.000000 0.000000 0.000000 0.000000 0.000000 0.000000 0.000000 0.000000 0.000000 
0.000000 0.000000 0.000000 0.000000 0.000000 0.000000 0.000000 0.000000 0.000000 0.000000 0.000000 0.000000 0.000000 0.000000 0.000000 0.000000 0.000000 0.000000 0.000000 0.000000 0.000000 0.000000 0.000000 0.000000 0.000000 0.000000 0.000000 0.000000 0.000000 0.000000 0.000000 0.000000 0.000000 0.000000 0.000000 0.000000 
0.000000 0.000000 0.000000 0.000000 0.000000 0.000000 0.000000 0.000000 0.000000 0.000000 0.000000 0.000000 0.000000 0.000000 0.000000 0.000000 0.000000 0.000000 0.000000 0.000000 0.000000 0.000000 0.000000 0.000000 0.000000 0.000000 0.000000 0.000000 0.000000 0.000000 0.000000 0.000000 0.000000 0.000000 0.000000 0.000000 
0.000000 0.000000 0.000000 0.000000 0.000000 0.000000 0.000000 0.000000 0.000000 0.000000 0.000000 0.000000 0.000000 0.000000 0.000000 0.000000 0.000000 0.000000 0.000000 0.000000 0.000000 0.000000 0.000000 0.000000 0.000000 0.000000 0.000000 0.000000 0.000000 0.000000 0.000000 0.000000 0.000000 0.000000 0.000000 0.000000 
0.000000 0.000000 0.000000 0.000000 0.000000 0.000000 0.000000 0.000000 0.000000 0.000000 0.000000 0.000000 0.000000 0.000000 0.000000 0.000000 0.000000 0.000000 0.000000 0.000000 0.000000 0.000000 0.000000 0.000000 0.000000 0.000000 0.000000 0.000000 0.000000 0.000000 0.000000 0.000000 0.000000 0.000000 0.000000 0.000000 
0.000000 0.000000 0.000000 0.000000 0.000000 0.000000 0.000000 0.000000 0.000000 0.000000 0.000000 0.000000 0.000000 0.000000 0.000000 0.000000 0.000000 0.000000 0.000000 0.000000 0.000000 0.000000 0.000000 0.000000 0.000000 0.000000 0.000000 0.000000 0.000000 0.000000 0.000000 0.000000 0.000000 0.000000 0.000000 0.000000 
0.000000 0.000000 0.000000 0.000000 0.000000 0.000000 0.000000 0.000000 0.000000 0.000000 0.000000 0.000000 0.000000 0.000000 0.000000 0.000000 0.000000 0.000000 0.000000 0.000000 0.000000 0.000000 0.000000 0.000000 0.000000 0.000000 0.000000 0.000000 0.000000 0.000000 0.000000 0.000000 0.000000 0.000000 0.000000 0.000000 

Z-25
0.000000 0.000000 0.000000 0.000000 0.000000 0.000000 0.000000 0.000000 0.000000 0.000000 0.000000 0.000000 0.000000 0.000000 0.000000 0.000000 0.000000 0.000000 0.000000 0.000000 0.000000 0.000000 0.000000 0.000000 0.000000 0.000000 0.000000 0.000000 0.000000 0.000000 0.000000 0.000000 0.000000 0.000000 0.000000 0.000000 
0.000000 0.000000 0.000000 0.000000 0.000000 0.000000 0.000000 0.000000 0.000000 0.000000 0.000000 0.000000 0.000000 0.000000 0.000000 0.000000 0.000000 0.000000 0.000000 0.000000 0.000000 0.000000 0.000000 0.000000 0.000000 0.000000 0.000000 0.000000 0.000000 0.000000 0.000000 0.000000 0.000000 0.000000 0.000000 0.000000 
0.000000 0.000000 0.000000 0.000000 0.000000 0.000000 0.000000 0.000000 0.000000 0.000000 0.000000 0.000000 0.000000 0.000000 0.000000 0.000000 0.000000 0.691408 0.384743 0.000000 0.950201 1.288468 0.000000 0.000000 0.000000 0.000000 0.000000 0.000000 0.000000 0.000000 0.000000 0.000000 0.000000 0.000000 0.000000 0.000000 
0.000000 0.000000 0.000000 0.000000 0.000000 0.000000 0.000000 0.000000 0.000000 0.000000 0.000000 0.964879 1.515585 0.786511 0.000000 0.000000 0.000000 1.499836 0.903359 0.000000 1.004531 3.020675 0.397330 0.000000 0.000000 0.000000 0.000000 0.000000 0.000000 0.000000 0.000000 0.000000 0.000000 0.000000 0.000000 0.000000 
0.000000 0.000000 0.000000 0.000000 0.000000 0.000000 0.000000 0.000000 0.000000 0.000000 0.000000 0.921737 1.391054 1.524538 1.852882 1.471068 2.802260 2.391575 2.383217 1.358368 1.325418 3.551694 0.531380 0.000000 0.000000 0.000000 0.000000 0.000000 0.000000 0.000000 0.000000 0.000000 0.000000 0.000000 0.000000 0.000000 
0.000000 0.000000 0.000000 0.000000 0.000000 0.000000 0.000000 0.000000 0.000000 0.000000 0.000000 0.000000 2.198404 2.217536 0.000000 0.000000 2.734963 3.036331 3.726920 2.466869 1.880415 2.459164 0.000000 0.000000 0.000000 0.000000 0.000000 0.000000 0.000000 0.000000 0.000000 0.000000 0.000000 0.000000 0.000000 0.000000 
0.000000 0.000000 0.000000 0.000000 0.000000 0.000000 0.000000 0.000000 0.000000 0.000000 0.000000 2.058475 2.231297 2.690969 0.000000 3.421107 4.223149 2.975761 4.079385 3.818882 2.466232 3.536139 0.000000 0.000000 0.000000 0.000000 0.000000 0.000000 0.000000 0.000000 0.000000 0.000000 0.000000 0.000000 0.000000 0.000000 
0.000000 0.000000 0.000000 0.000000 0.000000 0.000000 0.000000 0.000000 0.000000 0.000000 2.256809 2.091388 1.926797 3.074247 2.649019 2.180192 2.907322 3.866312 0.000000 3.820387 3.249799 2.041501 1.892610 0.000000 0.000000 0.000000 0.000000 0.000000 0.000000 0.000000 0.000000 0.000000 0.000000 0.000000 0.000000 0.000000 
0.000000 0.000000 0.000000 0.000000 0.000000 0.000000 1.748620 0.000000 2.475756 2.475756 2.613904 2.315771 2.486655 3.074247 2.474098 0.000000 2.787451 0.000000 2.596705 0.000000 2.950771 2.359874 2.333340 3.494142 4.248505 0.000000 0.000000 0.000000 0.000000 0.000000 0.000000 0.000000 0.000000 0.000000 0.000000 0.000000 
0.000000 0.000000 0.000000 0.000000 0.000000 0.000000 2.089222 1.936369 2.475756 0.000000 0.000000 2.712125 2.575075 0.000000 2.638275 0.000000 2.139138 0.000000 0.000000 3.914906 0.000000 3.774962 4.044204 2.535868 2.058002 1.936013 2.442625 0.000000 0.000000 0.000000 0.000000 0.000000 0.000000 0.000000 0.000000 0.000000 
0.000000 0.000000 0.000000 0.000000 0.000000 0.000000 0.000000 0.000000 0.000000 1.928835 0.000000 0.000000 2.594963 0.000000 0.000000 0.000000 0.000000 0.000000 0.000000 3.679927 3.365755 3.799581 3.443432 2.486920 2.184162 2.410784 2.586031 0.000000 0.000000 0.000000 0.000000 0.000000 0.000000 0.000000 0.000000 0.000000 
0.000000 0.000000 0.000000 0.000000 0.000000 0.000000 0.000000 1.910008 1.910008 0.000000 1.240343 1.175419 0.000000 0.000000 0.000000 0.000000 0.000000 0.000000 2.482133 3.324765 2.322327 1.836294 2.345801 2.803903 2.874314 0.000000 0.000000 0.000000 0.000000 0.000000 0.000000 0.000000 0.000000 0.000000 0.000000 0.000000 
0.000000 0.000000 0.000000 0.000000 0.000000 0.000000 0.000000 1.956225 1.811085 0.000000 0.000000 0.000000 0.000000 0.000000 0.000000 0.000000 0.000000 0.000000 1.765735 1.957839 2.251827 1.439082 2.082691 0.000000 2.406440 1.681819 0.000000 0.000000 0.000000 0.000000 0.000000 0.000000 0.000000 0.000000 0.000000 0.000000 
0.000000 0.000000 0.000000 0.000000 0.000000 0.000000 0.000000 0.000000 0.000000 0.000000 0.000000 0.000000 0.000000 0.000000 0.000000 0.000000 0.000000 0.000000 0.000000 2.046090 2.237724 2.654444 2.520386 0.000000 2.716028 1.556574 1.636190 0.000000 0.000000 0.000000 0.000000 0.000000 0.000000 0.000000 0.000000 0.000000 
0.000000 0.000000 0.000000 0.000000 0.000000 0.000000 0.000000 0.000000 0.000000 0.000000 0.000000 0.000000 0.000000 0.000000 0.000000 0.000000 0.000000 2.447104 0.000000 2.746774 1.984216 2.405925 2.028918 2.638924 2.139135 1.558768 0.000000 0.000000 0.000000 0.000000 0.000000 0.000000 0.000000 0.000000 0.000000 0.000000 
0.000000 0.000000 0.000000 0.000000 0.000000 0.000000 0.000000 0.000000 0.000000 0.000000 0.000000 0.000000 0.000000 0.000000 0.000000 0.000000 0.000000 0.000000 0.000000 2.840836 2.397164 2.001381 2.222268 2.129068 1.609764 1.552978 1.989194 0.000000 0.000000 0.000000 0.000000 0.000000 0.000000 0.000000 0.000000 0.000000 
0.000000 0.000000 0.000000 0.000000 0.000000 0.000000 0.000000 0.000000 0.000000 0.000000 0.000000 0.000000 0.000000 0.000000 0.000000 0.000000 0.000000 0.000000 0.000000 0.000000 2.240434 1.891277 2.200125 2.277196 1.677274 1.791780 0.000000 0.000000 0.000000 0.000000 0.000000 0.000000 0.000000 0.000000 0.000000 0.000000 
0.000000 0.000000 0.000000 0.000000 0.000000 0.000000 0.000000 0.000000 0.000000 0.000000 0.000000 0.000000 0.000000 2.229005 2.205462 0.000000 0.000000 0.000000 2.554357 2.305602 0.000000 1.813474 2.229046 2.098518 2.073808 1.938975 1.359959 1.184284 0.000000 0.000000 0.000000 0.000000 0.000000 0.000000 0.000000 0.000000 
0.000000 0.000000 0.000000 0.000000 0.000000 0.000000 0.000000 0.000000 0.000000 0.000000 0.000000 0.000000 2.605023 2.766563 2.001844 1.876276 1.603508 0.000000 2.332952 3.209432 3.572351 0.000000 2.458407 1.982984 2.204553 0.000000 0.000000 0.000000 0.000000 0.000000 0.000000 0.000000 0.000000 0.000000 0.000000 0.000000 
0.000000 0.000000 0.000000 0.000000 0.000000 0.000000 0.000000 0.000000 0.000000 0.000000 0.000000 1.845278 2.513992 2.815541 1.621618 1.975685 1.706619 0.000000 2.274306 2.774882 2.478928 3.429063 2.854354 2.226894 1.921812 0.000000 0.000000 0.000000 0.000000 0.000000 0.000000 0.000000 0.000000 0.000000 0.000000 0.000000 
0.000000 0.000000 0.000000 0.000000 0.000000 0.000000 0.000000 0.000000 0.000000 0.000000 0.000000 0.000000 2.095442 0.000000 1.691503 0.000000 1.515701 1.322781 0.000000 1.962124 1.929796 2.451942 2.834770 2.110247 2.166723 0.000000 0.000000 0.000000 0.000000 0.000000 0.000000 0.000000 0.000000 0.000000 0.000000 0.000000 
0.000000 0.000000 0.000000 0.000000 0.000000 0.000000 0.000000 0.000000 0.000000 0.000000 0.000000 0.000000 1.174795 1.640611 2.011443 1.828771 1.518205 1.467028 1.906152 2.687120 1.499973 1.081501 0.770556 1.414959 0.000000 0.000000 0.000000 0.000000 0.000000 0.000000 0.000000 0.000000 0.000000 0.000000 0.000000 0.000000 
0.000000 0.000000 0.000000 0.000000 0.000000 0.000000 0.000000 0.000000 0.000000 0.000000 0.000000 0.000000 0.000000 0.000000 0.000000 0.000000 1.269586 2.067883 2.088735 0.000000 0.000000 0.000000 0.000000 0.000000 0.000000 0.000000 0.000000 0.000000 0.000000 0.000000 0.000000 0.000000 0.000000 0.000000 0.000000 0.000000 
0.000000 0.000000 0.000000 0.000000 0.000000 0.000000 0.000000 0.000000 0.000000 0.000000 0.000000 0.000000 0.000000 0.000000 0.000000 0.000000 0.000000 2.562550 2.027806 0.000000 0.000000 0.000000 0.000000 0.000000 0.000000 0.000000 0.000000 0.000000 0.000000 0.000000 0.000000 0.000000 0.000000 0.000000 0.000000 0.000000 
0.000000 0.000000 0.000000 0.000000 0.000000 0.000000 0.000000 0.000000 0.000000 0.000000 0.000000 0.000000 0.000000 0.000000 0.000000 0.000000 0.000000 1.557711 1.212580 0.000000 0.000000 0.000000 0.000000 0.000000 0.000000 0.000000 0.000000 0.000000 0.000000 0.000000 0.000000 0.000000 0.000000 0.000000 0.000000 0.000000 
0.000000 0.000000 0.000000 0.000000 0.000000 0.000000 0.000000 0.000000 0.000000 0.000000 0.000000 0.000000 0.000000 0.000000 0.000000 0.000000 0.000000 0.000000 0.000000 0.000000 0.000000 0.000000 0.000000 0.000000 0.000000 0.000000 0.000000 0.000000 0.000000 0.000000 0.000000 0.000000 0.000000 0.000000 0.000000 0.000000 
0.000000 0.000000 0.000000 0.000000 0.000000 0.000000 0.000000 0.000000 0.000000 0.000000 0.000000 0.000000 0.000000 0.000000 0.000000 0.000000 0.000000 0.000000 0.000000 0.000000 0.000000 0.000000 0.000000 0.000000 0.000000 0.000000 0.000000 0.000000 0.000000 0.000000 0.000000 0.000000 0.000000 0.000000 0.000000 0.000000 
0.000000 0.000000 0.000000 0.000000 0.000000 0.000000 0.000000 0.000000 0.000000 0.000000 0.000000 0.000000 0.000000 0.000000 0.000000 0.000000 0.000000 0.000000 0.000000 0.000000 0.000000 0.000000 0.000000 0.000000 0.000000 0.000000 0.000000 0.000000 0.000000 0.000000 0.000000 0.000000 0.000000 0.000000 0.000000 0.000000 
0.000000 0.000000 0.000000 0.000000 0.000000 0.000000 0.000000 0.000000 0.000000 0.000000 0.000000 0.000000 0.000000 0.000000 0.000000 0.000000 0.000000 0.000000 0.000000 0.000000 0.000000 0.000000 0.000000 0.000000 0.000000 0.000000 0.000000 0.000000 0.000000 0.000000 0.000000 0.000000 0.000000 0.000000 0.000000 0.000000 
0.000000 0.000000 0.000000 0.000000 0.000000 0.000000 0.000000 0.000000 0.000000 0.000000 0.000000 0.000000 0.000000 0.000000 0.000000 0.000000 0.000000 0.000000 0.000000 0.000000 0.000000 0.000000 0.000000 0.000000 0.000000 0.000000 0.000000 0.000000 0.000000 0.000000 0.000000 0.000000 0.000000 0.000000 0.000000 0.000000 
0.000000 0.000000 0.000000 0.000000 0.000000 0.000000 0.000000 0.000000 0.000000 0.000000 0.000000 0.000000 0.000000 0.000000 0.000000 0.000000 0.000000 0.000000 0.000000 0.000000 0.000000 0.000000 0.000000 0.000000 0.000000 0.000000 0.000000 0.000000 0.000000 0.000000 0.000000 0.000000 0.000000 0.000000 0.000000 0.000000 

Z-24
0.000000 0.000000 0.000000 0.000000 0.000000 0.000000 0.000000 0.000000 0.000000 0.000000 0.000000 0.000000 0.000000 0.000000 0.000000 0.000000 0.000000 0.000000 0.000000 0.000000 0.000000 0.000000 0.000000 0.000000 0.000000 0.000000 0.000000 0.000000 0.000000 0.000000 0.000000 0.000000 0.000000 0.000000 0.000000 0.000000 
0.000000 0.000000 0.000000 0.000000 0.000000 0.000000 0.000000 0.000000 0.000000 0.000000 0.000000 0.000000 0.000000 0.000000 0.000000 0.000000 0.000000 0.000000 0.000000 0.000000 0.000000 0.000000 0.000000 0.000000 0.000000 0.000000 0.000000 0.000000 0.000000 0.000000 0.000000 0.000000 0.000000 0.000000 0.000000 0.000000 
0.000000 0.000000 0.000000 0.000000 0.000000 0.000000 0.000000 0.000000 0.000000 0.000000 0.000000 0.000000 0.000000 0.000000 0.000000 0.000000 1.393426 0.887779 0.998193 0.176452 0.000000 0.000000 0.000000 0.000000 0.000000 0.000000 0.000000 0.000000 0.000000 0.000000 0.000000 0.000000 0.000000 0.000000 0.000000 0.000000 
0.000000 0.000000 0.000000 0.000000 0.000000 0.000000 0.000000 0.000000 0.000000 0.000000 0.000000 0.000000 0.587148 0.000000 0.000000 0.000000 2.276152 1.823564 1.538668 0.673292 0.634707 2.482698 1.796069 0.000000 0.000000 0.000000 0.000000 0.000000 0.000000 0.000000 0.000000 0.000000 0.000000 0.000000 0.000000 0.000000 
0.000000 0.000000 0.000000 0.000000 0.000000 0.000000 0.000000 0.000000 0.000000 0.000000 0.000000 0.000000 0.000000 2.038733 2.005131 1.774739 1.543426 2.805847 3.142830 2.159866 1.449150 1.901465 1.848687 0.000000 0.000000 0.000000 0.000000 0.000000 0.000000 0.000000 0.000000 0.000000 0.000000 0.000000 0.000000 0.000000 
0.000000 0.000000 0.000000 0.000000 0.000000 0.000000 0.000000 0.000000 0.000000 0.000000 0.000000 1.772889 2.052174 2.447634 2.690969 1.389412 3.215009 2.838942 3.165700 3.797938 2.726237 2.110391 3.378596 0.000000 0.000000 0.000000 0.000000 0.000000 0.000000 0.000000 0.000000 0.000000 0.000000 0.000000 0.000000 0.000000 
0.000000 0.000000 0.000000 0.000000 0.000000 0.000000 0.000000 0.000000 0.000000 0.000000 0.000000 2.028091 2.008021 1.889514 0.000000 1.389412 3.819370 3.257395 3.866312 4.224368 3.541025 2.456770 2.800127 0.000000 0.000000 0.000000 0.000000 0.000000 0.000000 0.000000 0.000000 0.000000 0.000000 0.000000 0.000000 0.000000 
0.000000 0.000000 0.000000 0.000000 0.000000 0.000000 1.271431 0.000000 0.000000 0.000000 0.000000 2.423491 2.300916 2.185132 3.074247 2.321769 2.184625 3.116043 4.381783 0.000000 3.534159 2.652385 1.930455 2.153776 0.000000 0.000000 0.000000 0.000000 0.000000 0.000000 0.000000 0.000000 0.000000 0.000000 0.000000 0.000000 
0.000000 0.000000 0.000000 0.000000 0.000000 0.000000 2.637803 1.748620 0.000000 2.475756 2.475756 0.000000 2.573218 2.712125 0.000000 0.000000 2.142769 2.281161 0.000000 3.108297 3.739000 2.284062 4.171536 1.869867 0.000000 0.000000 0.000000 2.384235 0.000000 0.000000 0.000000 0.000000 0.000000 0.000000 0.000000 0.000000 
0.000000 0.000000 0.000000 0.000000 0.000000 0.000000 0.000000 2.264699 2.304503 1.807346 1.807346 0.000000 0.000000 0.000000 0.000000 0.000000 0.000000 2.700701 0.000000 0.000000 4.553618 3.608403 4.367750 3.090700 2.274963 1.933859 2.643175 2.600227 0.838377 0.000000 0.000000 0.000000 0.000000 0.000000 0.000000 0.000000 
0.000000 0.000000 0.000000 0.000000 0.000000 0.000000 0.000000 0.000000 0.000000 2.171686 0.000000 0.000000 0.000000 0.000000 0.000000 0.000000 0.000000 2.143382 0.000000 3.146254 3.255489 2.552606 2.500313 2.522979 2.820957 1.921034 2.659712 2.214481 0.920729 0.000000 0.000000 0.000000 0.000000 0.000000 0.000000 0.000000 
0.000000 0.000000 0.000000 0.000000 0.000000 0.000000 0.000000 2.071228 0.000000 0.000000 1.926159 0.000000 0.000000 0.000000 0.000000 0.000000 0.000000 0.000000 2.424615 2.135316 2.805218 2.522279 2.437337 2.758553 3.302404 1.730028 1.959538 1.765052 1.051365 0.000000 0.000000 0.000000 0.000000 0.000000 0.000000 0.000000 
0.000000 0.000000 0.000000 0.000000 0.000000 0.000000 0.000000 0.000000 0.000000 0.000000 1.557953 1.183461 0.000000 0.000000 0.000000 0.000000 0.000000 0.000000 2.561481 1.968183 2.655715 2.816014 2.466082 3.011689 2.752478 2.084609 1.667213 1.557482 0.000000 0.000000 0.000000 0.000000 0.000000 0.000000 0.000000 0.000000 
0.000000 0.000000 0.000000 0.000000 0.000000 0.000000 0.000000 0.000000 0.000000 0.000000 0.000000 0.000000 0.000000 0.000000 0.000000 0.000000 0.000000 0.000000 2.327514 2.232958 2.537839 2.888735 2.119541 2.385573 2.367609 1.795672 1.761505 0.000000 0.000000 0.000000 0.000000 0.000000 0.000000 0.000000 0.000000 0.000000 
0.000000 0.000000 0.000000 0.000000 0.000000 0.000000 0.000000 0.000000 0.000000 0.000000 0.000000 0.000000 0.000000 0.000000 2.681191 2.815669 0.000000 0.000000 2.358119 2.339568 2.046090 2.237724 2.104814 2.250372 1.792636 1.558367 1.962656 0.000000 0.000000 0.000000 0.000000 0.000000 0.000000 0.000000 0.000000 0.000000 
0.000000 0.000000 0.000000 0.000000 0.000000 0.000000 0.000000 0.000000 1.697396 0.000000 0.000000 0.000000 0.000000 2.141123 1.974703 0.000000 0.000000 0.000000 2.529234 3.552412 3.251179 2.615595 2.619316 2.398172 2.289446 1.615782 2.293515 0.000000 0.000000 0.000000 0.000000 0.000000 0.000000 0.000000 0.000000 0.000000 
0.000000 0.000000 0.000000 0.000000 0.000000 0.000000 0.000000 0.000000 0.000000 0.000000 1.728209 0.000000 1.857944 1.857944 2.411366 0.000000 0.000000 2.512523 0.000000 3.809811 2.365283 2.397164 1.681726 2.189032 1.886138 2.151369 2.552808 0.000000 0.000000 0.000000 0.000000 0.000000 0.000000 0.000000 0.000000 0.000000 
0.000000 0.000000 0.000000 0.000000 0.000000 0.000000 0.000000 0.000000 0.000000 0.000000 0.000000 0.000000 1.748619 2.392684 2.678598 1.897805 0.000000 2.825643 2.235207 1.932188 3.120385 2.240434 1.409489 2.093247 1.993170 2.171937 1.902749 0.000000 0.000000 0.000000 0.000000 0.000000 0.000000 0.000000 0.000000 0.000000 
0.000000 0.000000 0.000000 0.000000 0.000000 0.000000 0.000000 0.000000 0.000000 0.000000 0.000000 1.782042 1.889309 2.592619 0.000000 1.639338 1.866941 1.400692 1.971872 2.554357 3.472973 3.749078 2.672397 2.246028 1.937942 2.209087 1.800467 0.000000 0.000000 0.000000 0.000000 0.000000 0.000000 0.000000 0.000000 0.000000 
0.000000 0.000000 0.000000 0.000000 0.000000 0.000000 0.000000 0.000000 0.000000 0.000000 0.000000 1.960474 2.146743 2.608262 1.922260 1.819409 1.736619 1.937205 2.058697 2.772230 2.816984 2.989146 2.786803 2.410176 2.083579 0.000000 0.000000 0.000000 0.000000 0.000000 0.000000 0.000000 0.000000 0.000000 0.000000 0.000000 
0.000000 0.000000 0.000000 0.000000 0.000000 0.000000 0.000000 0.000000 0.000000 0.000000 0.000000 0.000000 0.000000 2.200535 1.986011 2.239913 1.704070 1.706619 2.269198 2.614714 2.902343 2.037718 2.809751 2.344588 0.000000 0.000000 0.000000 0.000000 0.000000 0.000000 0.000000 0.000000 0.000000 0.000000 0.000000 0.000000 
0.000000 0.000000 0.000000 0.000000 0.000000 0.000000 0.000000 0.000000 0.000000 0.000000 0.000000 0.000000 1.725968 2.210055 2.017130 2.457418 2.364936 1.515701 1.636441 2.464449 0.000000 1.273666 1.983836 2.300693 0.000000 0.000000 0.000000 0.000000 0.000000 0.000000 0.000000 0.000000 0.000000 0.000000 0.000000 0.000000 
0.000000 0.000000 0.000000 0.000000 0.000000 0.000000 0.000000 0.000000 0.000000 0.000000 0.000000 0.000000 0.000000 0.000000 0.000000 1.996113 1.539529 1.518205 2.012492 1.751756 0.000000 0.000000 0.000000 0.000000 0.000000 0.000000 0.000000 0.000000 0.000000 0.000000 0.000000 0.000000 0.000000 0.000000 0.000000 0.000000 
0.000000 0.000000 0.000000 0.000000 0.000000 0.000000 0.000000 0.000000 0.000000 0.000000 0.000000 0.000000 0.000000 0.000000 0.000000 0.000000 0.000000 0.000000 2.637019 1.102807 0.000000 0.000000 0.000000 0.000000 0.000000 0.000000 0.000000 0.000000 0.000000 0.000000 0.000000 0.000000 0.000000 0.000000 0.000000 0.000000 
0.000000 0.000000 0.000000 0.000000 0.000000 0.000000 0.000000 0.000000 0.000000 0.000000 0.000000 0.000000 0.000000 0.000000 0.000000 0.000000 0.000000 1.669305 0.000000 0.000000 0.000000 0.000000 0.000000 0.000000 0.000000 0.000000 0.000000 0.000000 0.000000 0.000000 0.000000 0.000000 0.000000 0.000000 0.000000 0.000000 
0.000000 0.000000 0.000000 0.000000 0.000000 0.000000 0.000000 0.000000 0.000000 0.000000 0.000000 0.000000 0.000000 0.000000 0.000000 0.000000 0.000000 0.000000 0.000000 0.000000 0.000000 0.000000 0.000000 0.000000 0.000000 0.000000 0.000000 0.000000 0.000000 0.000000 0.000000 0.000000 0.000000 0.000000 0.000000 0.000000 
0.000000 0.000000 0.000000 0.000000 0.000000 0.000000 0.000000 0.000000 0.000000 0.000000 0.000000 0.000000 0.000000 0.000000 0.000000 0.000000 0.000000 0.000000 0.000000 0.000000 0.000000 0.000000 0.000000 0.000000 0.000000 0.000000 0.000000 0.000000 0.000000 0.000000 0.000000 0.000000 0.000000 0.000000 0.000000 0.000000 
0.000000 0.000000 0.000000 0.000000 0.000000 0.000000 0.000000 0.000000 0.000000 0.000000 0.000000 0.000000 0.000000 0.000000 0.000000 0.000000 0.000000 0.000000 0.000000 0.000000 0.000000 0.000000 0.000000 0.000000 0.000000 0.000000 0.000000 0.000000 0.000000 0.000000 0.000000 0.000000 0.000000 0.000000 0.000000 0.000000 
0.000000 0.000000 0.000000 0.000000 0.000000 0.000000 0.000000 0.000000 0.000000 0.000000 0.000000 0.000000 0.000000 0.000000 0.000000 0.000000 0.000000 0.000000 0.000000 0.000000 0.000000 0.000000 0.000000 0.000000 0.000000 0.000000 0.000000 0.000000 0.000000 0.000000 0.000000 0.000000 0.000000 0.000000 0.000000 0.000000 
0.000000 0.000000 0.000000 0.000000 0.000000 0.000000 0.000000 0.000000 0.000000 0.000000 0.000000 0.000000 0.000000 0.000000 0.000000 0.000000 0.000000 0.000000 0.000000 0.000000 0.000000 0.000000 0.000000 0.000000 0.000000 0.000000 0.000000 0.000000 0.000000 0.000000 0.000000 0.000000 0.000000 0.000000 0.000000 0.000000 
0.000000 0.000000 0.000000 0.000000 0.000000 0.000000 0.000000 0.000000 0.000000 0.000000 0.000000 0.000000 0.000000 0.000000 0.000000 0.000000 0.000000 0.000000 0.000000 0.000000 0.000000 0.000000 0.000000 0.000000 0.000000 0.000000 0.000000 0.000000 0.000000 0.000000 0.000000 0.000000 0.000000 0.000000 0.000000 0.000000 

Z-23
0.000000 0.000000 0.000000 0.000000 0.000000 0.000000 0.000000 0.000000 0.000000 0.000000 0.000000 0.000000 0.000000 0.000000 0.000000 0.000000 0.000000 0.000000 0.000000 0.000000 0.000000 0.000000 0.000000 0.000000 0.000000 0.000000 0.000000 0.000000 0.000000 0.000000 0.000000 0.000000 0.000000 0.000000 0.000000 0.000000 
0.000000 0.000000 0.000000 0.000000 0.000000 0.000000 0.000000 0.000000 0.000000 0.000000 0.000000 0.000000 0.000000 0.000000 0.000000 0.000000 0.000000 0.000000 0.000000 0.000000 0.000000 0.000000 0.000000 0.000000 0.000000 0.000000 0.000000 0.000000 0.000000 0.000000 0.000000 0.000000 0.000000 0.000000 0.000000 0.000000 
0.000000 0.000000 0.000000 0.000000 0.000000 0.000000 0.000000 0.000000 0.000000 0.000000 0.000000 0.000000 0.000000 0.000000 0.000000 0.531014 1.962179 0.000000 1.362912 1.038446 0.000000 0.000000 0.000000 0.000000 0.000000 0.000000 0.000000 0.000000 0.000000 0.000000 0.000000 0.000000 0.000000 0.000000 0.000000 0.000000 
0.000000 0.000000 0.000000 0.000000 0.000000 0.000000 0.000000 0.000000 0.000000 0.000000 0.000000 0.000000 0.000000 0.202410 0.000000 0.673120 1.678523 2.055962 2.102156 0.000000 0.000000 0.000000 0.000000 0.000000 0.000000 0.000000 0.000000 0.000000 0.000000 0.000000 0.000000 0.000000 0.000000 0.000000 0.000000 0.000000 
0.000000 0.000000 0.000000 0.000000 0.000000 0.000000 0.000000 0.000000 0.000000 0.000000 0.000000 1.214750 1.656320 1.868320 2.038733 2.140425 1.774739 2.390158 3.150625 2.801073 0.000000 0.000000 2.054264 1.783332 0.000000 0.000000 0.000000 0.000000 0.000000 0.000000 0.000000 0.000000 0.000000 0.000000 0.000000 0.000000 
0.000000 0.000000 0.000000 0.000000 0.000000 0.000000 0.000000 0.000000 0.000000 0.000000 0.000000 2.208437 1.772889 1.971385 2.690969 2.924103 0.000000 3.610323 2.704474 3.412830 3.253996 0.000000 0.000000 2.994097 0.000000 0.000000 0.000000 0.000000 0.000000 0.000000 0.000000 0.000000 0.000000 0.000000 0.000000 0.000000 
0.000000 0.000000 0.000000 0.000000 0.000000 0.000000 0.000000 0.000000 0.000000 1.767830 0.000000 3.796732 2.256809 2.091388 1.926797 0.000000 1.389412 0.000000 3.866312 4.074144 3.595275 2.813904 2.027839 1.988133 0.000000 0.000000 0.000000 0.000000 0.000000 0.000000 0.000000 0.000000 0.000000 0.000000 0.000000 0.000000 
0.000000 0.000000 0.000000 0.000000 0.000000 0.000000 0.000000 1.934350 0.000000 0.000000 0.000000 2.202057 2.613904 2.315771 0.000000 2.845636 2.335373 1.389412 0.000000 3.646196 3.316114 2.909080 2.375146 1.869886 0.000000 0.000000 0.000000 0.000000 0.000000 0.000000 0.000000 0.000000 0.000000 0.000000 0.000000 0.000000 
0.000000 0.000000 0.000000 0.000000 0.000000 0.000000 3.292458 0.000000 2.697937 2.196136 2.475756 0.000000 0.000000 2.712125 0.000000 2.469388 2.078692 1.922420 0.000000 0.000000 3.885556 3.555482 4.107251 4.434751 2.048810 0.000000 0.000000 0.000000 0.000000 0.000000 0.000000 0.000000 0.000000 0.000000 0.000000 0.000000 
0.000000 0.000000 0.000000 0.000000 0.000000 0.000000 2.143125 2.145918 2.225916 2.575687 2.242853 1.807346 2.697171 0.000000 0.000000 0.000000 0.000000 2.067722 2.281161 3.196911 3.903659 3.803788 4.046745 3.469234 2.141999 1.829221 0.000000 2.496138 0.000000 0.000000 0.000000 0.000000 0.000000 0.000000 0.000000 0.000000 
0.000000 0.000000 0.000000 0.000000 0.000000 0.000000 0.000000 2.410521 2.410521 2.663546 2.618210 2.697171 2.697171 0.000000 0.000000 0.000000 0.000000 0.000000 2.993950 3.061706 3.469239 0.000000 0.000000 2.332882 2.882946 0.000000 1.797566 2.387825 1.760131 0.656547 0.000000 0.000000 0.000000 0.000000 0.000000 0.000000 
0.000000 0.000000 0.000000 0.000000 0.000000 0.000000 0.000000 0.000000 2.230344 2.251920 2.243202 0.000000 0.000000 0.000000 0.000000 0.000000 3.038351 2.286813 0.000000 2.229271 2.698790 2.958369 2.885542 2.151821 2.997745 2.705821 1.772795 1.734062 1.216799 1.218959 0.000000 0.000000 0.000000 0.000000 0.000000 0.000000 
0.000000 0.000000 0.000000 0.000000 0.000000 0.000000 0.000000 0.000000 2.071228 0.000000 1.929814 1.926159 0.000000 0.000000 0.000000 0.000000 2.258200 0.000000 0.000000 2.495464 2.606308 3.233031 2.924631 2.432173 2.846531 2.820447 1.682619 1.671135 1.277288 0.000000 0.000000 0.000000 0.000000 0.000000 0.000000 0.000000 
0.000000 0.000000 0.000000 0.000000 0.000000 0.000000 0.000000 0.000000 0.000000 0.000000 0.000000 1.628763 0.000000 0.000000 0.000000 0.000000 0.000000 2.643895 0.000000 0.000000 2.351737 0.000000 0.000000 2.217923 2.208490 1.912633 1.786609 2.240414 0.000000 0.000000 0.000000 0.000000 0.000000 0.000000 0.000000 0.000000 
0.000000 0.000000 0.000000 0.000000 0.000000 0.000000 0.000000 0.000000 0.000000 0.000000 1.649892 1.676655 1.617110 0.000000 0.000000 0.000000 0.000000 0.000000 2.687839 2.264455 2.181074 2.106301 2.114331 2.132514 2.065823 1.513395 2.066910 0.000000 0.000000 0.000000 0.000000 0.000000 0.000000 0.000000 0.000000 0.000000 
0.000000 0.000000 0.000000 0.000000 0.000000 0.000000 0.000000 0.000000 0.000000 0.000000 0.000000 1.611948 1.852633 2.451925 0.000000 0.000000 0.000000 0.000000 2.511813 2.358119 2.683002 2.083586 2.227457 2.214377 2.310408 0.000000 2.013330 1.851359 1.322731 2.249702 0.000000 0.000000 0.000000 0.000000 0.000000 0.000000 
0.000000 0.000000 0.000000 0.000000 0.000000 0.000000 0.000000 0.000000 0.000000 1.843937 1.853475 0.000000 0.000000 2.065093 2.217265 0.000000 0.000000 2.795540 0.000000 0.000000 0.000000 2.082151 3.052201 2.282906 1.929785 0.000000 0.000000 1.597529 1.851472 2.287983 1.331137 0.000000 0.000000 0.000000 0.000000 0.000000 
0.000000 0.000000 0.000000 0.000000 0.000000 0.000000 0.000000 0.000000 0.000000 0.000000 1.580234 1.873415 1.749260 0.000000 2.415212 0.000000 0.000000 2.336986 0.000000 2.457279 4.020179 3.120385 0.000000 1.876597 1.678439 1.808750 2.213074 1.846401 1.790830 0.000000 0.000000 0.000000 0.000000 0.000000 0.000000 0.000000 
0.000000 0.000000 0.000000 0.000000 0.000000 0.000000 0.000000 0.000000 0.000000 0.000000 2.054269 2.039943 1.850656 1.946536 2.447566 0.000000 0.000000 2.168831 2.814840 2.235207 2.588368 2.992553 2.521867 0.000000 1.922534 0.000000 1.850290 1.469345 1.070383 0.000000 0.000000 0.000000 0.000000 0.000000 0.000000 0.000000 
0.000000 0.000000 0.000000 0.000000 0.000000 0.000000 0.000000 0.000000 0.000000 0.000000 0.000000 1.795536 3.916091 2.563478 2.232067 1.829428 2.012675 1.702563 1.400692 2.425009 3.032876 3.479656 1.905106 2.005395 2.322987 0.000000 1.907148 1.453099 1.067916 0.000000 0.000000 0.000000 0.000000 0.000000 0.000000 0.000000 
0.000000 0.000000 0.000000 0.000000 0.000000 0.000000 0.000000 0.000000 0.000000 0.000000 0.000000 2.522127 1.884866 1.961614 2.460640 2.308516 2.323215 2.053288 1.889739 2.405843 3.398823 3.418644 2.144854 1.775650 0.000000 0.000000 0.000000 0.000000 0.000000 0.000000 0.000000 0.000000 0.000000 0.000000 0.000000 0.000000 
0.000000 0.000000 0.000000 0.000000 0.000000 0.000000 0.000000 0.000000 0.000000 0.000000 0.000000 1.235809 1.701488 2.162518 2.350883 2.353417 2.336620 1.704070 2.213807 2.485470 2.713144 1.651103 1.953584 0.000000 0.000000 0.000000 0.000000 0.000000 0.000000 0.000000 0.000000 0.000000 0.000000 0.000000 0.000000 0.000000 
0.000000 0.000000 0.000000 0.000000 0.000000 0.000000 0.000000 0.000000 0.000000 0.000000 0.000000 0.000000 1.524629 1.388481 1.662338 1.779780 2.202186 2.305753 2.525714 2.277728 1.567233 1.357941 0.000000 0.000000 0.000000 0.000000 0.000000 0.000000 0.000000 0.000000 0.000000 0.000000 0.000000 0.000000 0.000000 0.000000 
0.000000 0.000000 0.000000 0.000000 0.000000 0.000000 0.000000 0.000000 0.000000 0.000000 0.000000 0.000000 0.000000 0.000000 0.000000 0.000000 0.000000 0.000000 2.506025 2.502742 0.000000 0.000000 0.000000 0.000000 0.000000 0.000000 0.000000 0.000000 0.000000 0.000000 0.000000 0.000000 0.000000 0.000000 0.000000 0.000000 
0.000000 0.000000 0.000000 0.000000 0.000000 0.000000 0.000000 0.000000 0.000000 0.000000 0.000000 0.000000 0.000000 0.000000 0.000000 1.528453 0.000000 0.000000 1.718795 0.000000 0.000000 0.000000 0.000000 0.000000 0.000000 0.000000 0.000000 0.000000 0.000000 0.000000 0.000000 0.000000 0.000000 0.000000 0.000000 0.000000 
0.000000 0.000000 0.000000 0.000000 0.000000 0.000000 0.000000 0.000000 0.000000 0.000000 0.000000 0.000000 0.000000 0.000000 0.000000 1.090256 1.096934 0.000000 0.000000 0.000000 0.000000 0.000000 0.000000 0.000000 0.000000 0.000000 0.000000 0.000000 0.000000 0.000000 0.000000 0.000000 0.000000 0.000000 0.000000 0.000000 
0.000000 0.000000 0.000000 0.000000 0.000000 0.000000 0.000000 0.000000 0.000000 0.000000 0.000000 0.000000 0.000000 0.000000 0.000000 0.000000 0.000000 0.000000 0.000000 0.000000 0.000000 0.000000 0.000000 0.000000 0.000000 0.000000 0.000000 0.000000 0.000000 0.000000 0.000000 0.000000 0.000000 0.000000 0.000000 0.000000 
0.000000 0.000000 0.000000 0.000000 0.000000 0.000000 0.000000 0.000000 0.000000 0.000000 0.000000 0.000000 0.000000 0.000000 0.000000 0.000000 0.000000 0.000000 0.000000 0.000000 0.000000 0.000000 0.000000 0.000000 0.000000 0.000000 0.000000 0.000000 0.000000 0.000000 0.000000 0.000000 0.000000 0.000000 0.000000 0.000000 
0.000000 0.000000 0.000000 0.000000 0.000000 0.000000 0.000000 0.000000 0.000000 0.000000 0.000000 0.000000 0.000000 0.000000 0.000000 0.000000 0.000000 0.000000 0.000000 0.000000 0.000000 0.000000 0.000000 0.000000 0.000000 0.000000 0.000000 0.000000 0.000000 0.000000 0.000000 0.000000 0.000000 0.000000 0.000000 0.000000 
0.000000 0.000000 0.000000 0.000000 0.000000 0.000000 0.000000 0.000000 0.000000 0.000000 0.000000 0.000000 0.000000 0.000000 0.000000 0.000000 0.000000 0.000000 0.000000 0.000000 0.000000 0.000000 0.000000 0.000000 0.000000 0.000000 0.000000 0.000000 0.000000 0.000000 0.000000 0.000000 0.000000 0.000000 0.000000 0.000000 
0.000000 0.000000 0.000000 0.000000 0.000000 0.000000 0.000000 0.000000 0.000000 0.000000 0.000000 0.000000 0.000000 0.000000 0.000000 0.000000 0.000000 0.000000 0.000000 0.000000 0.000000 0.000000 0.000000 0.000000 0.000000 0.000000 0.000000 0.000000 0.000000 0.000000 0.000000 0.000000 0.000000 0.000000 0.000000 0.000000 

Z-22
0.000000 0.000000 0.000000 0.000000 0.000000 0.000000 0.000000 0.000000 0.000000 0.000000 0.000000 0.000000 0.000000 0.000000 0.000000 0.000000 0.000000 0.000000 0.000000 0.000000 0.000000 0.000000 0.000000 0.000000 0.000000 0.000000 0.000000 0.000000 0.000000 0.000000 0.000000 0.000000 0.000000 0.000000 0.000000 0.000000 
0.000000 0.000000 0.000000 0.000000 0.000000 0.000000 0.000000 0.000000 0.000000 0.000000 0.000000 0.000000 0.000000 0.000000 0.000000 0.000000 0.000000 0.000000 0.000000 0.000000 0.000000 0.000000 0.000000 0.000000 0.000000 0.000000 0.000000 0.000000 0.000000 0.000000 0.000000 0.000000 0.000000 0.000000 0.000000 0.000000 
0.000000 0.000000 0.000000 0.000000 0.000000 0.000000 0.000000 0.000000 0.000000 0.000000 0.000000 0.000000 0.000000 0.000000 0.000000 0.000000 0.000000 0.000000 0.000000 0.000000 0.000000 0.000000 0.000000 0.000000 0.000000 0.000000 0.000000 0.000000 0.000000 0.000000 0.000000 0.000000 0.000000 0.000000 0.000000 0.000000 
0.000000 0.000000 0.000000 0.000000 0.000000 0.000000 0.000000 0.000000 0.000000 0.000000 0.000000 0.000000 0.692464 0.000000 0.862228 0.000000 1.035854 1.859878 1.490660 2.270709 0.000000 0.000000 0.000000 0.000000 0.000000 0.000000 0.000000 0.000000 0.000000 0.000000 0.000000 0.000000 0.000000 0.000000 0.000000 0.000000 
0.000000 0.000000 0.000000 0.000000 0.000000 0.000000 0.000000 0.000000 0.000000 0.000000 0.000000 0.000000 1.973732 1.756610 2.043053 2.249352 1.974162 1.983046 3.104968 2.622138 0.000000 0.000000 0.000000 0.000000 0.000000 0.000000 0.000000 0.000000 0.000000 0.000000 0.000000 0.000000 0.000000 0.000000 0.000000 0.000000 
0.000000 0.000000 0.000000 0.000000 0.000000 0.000000 0.000000 0.000000 0.000000 0.000000 0.000000 3.562249 0.000000 2.138818 2.008021 2.685749 2.924103 4.553169 4.223149 3.415040 0.000000 0.000000 1.797443 0.000000 0.000000 0.000000 0.000000 0.000000 0.000000 0.000000 0.000000 0.000000 0.000000 0.000000 0.000000 0.000000 
0.000000 0.000000 0.000000 0.000000 0.000000 0.000000 0.000000 0.000000 0.000000 0.000000 0.000000 3.796732 2.918770 2.256809 2.165543 0.000000 3.166171 2.582852 0.000000 0.000000 3.373003 2.682392 2.251509 1.575098 0.000000 0.000000 0.000000 0.000000 0.000000 0.000000 0.000000 0.000000 0.000000 0.000000 0.000000 0.000000 
0.000000 0.000000 0.000000 0.000000 0.000000 0.000000 0.000000 2.511448 0.000000 0.000000 3.030986 2.546585 2.202057 0.000000 2.607062 0.000000 2.434060 2.618322 0.000000 1.517877 3.439988 3.380098 1.979669 3.516590 0.000000 0.000000 0.000000 0.000000 0.000000 0.000000 0.000000 0.000000 0.000000 0.000000 0.000000 0.000000 
0.000000 0.000000 0.000000 0.000000 0.000000 0.000000 2.992746 2.736418 2.682167 2.648362 2.304503 1.807346 1.807346 0.000000 3.105005 0.000000 2.406627 1.733353 1.389412 0.000000 0.000000 4.372773 3.385639 4.560557 0.000000 0.000000 0.000000 0.000000 0.000000 0.000000 0.000000 0.000000 0.000000 0.000000 0.000000 0.000000 
0.000000 0.000000 0.000000 0.000000 0.000000 0.000000 2.339980 0.000000 0.000000 2.401155 2.663546 2.242853 2.697171 2.697171 0.000000 0.000000 0.000000 2.081654 1.389412 3.178909 2.822170 3.271022 2.697955 2.773702 0.000000 0.000000 0.000000 0.000000 0.000000 0.000000 0.000000 0.000000 0.000000 0.000000 0.000000 0.000000 
0.000000 0.000000 0.000000 0.000000 0.000000 0.000000 1.505386 0.000000 0.000000 0.000000 2.618210 2.428222 0.000000 0.000000 0.000000 0.000000 2.817472 2.510459 2.482039 2.420369 0.000000 0.000000 1.939826 2.332873 2.723058 2.598349 1.916713 2.010907 1.521583 1.086423 0.516848 0.000000 0.976168 1.775361 0.095921 0.000000 
0.000000 0.000000 0.000000 0.000000 0.000000 0.000000 1.754618 1.799362 0.000000 2.626517 0.000000 2.065977 0.000000 2.447559 0.000000 0.000000 0.000000 2.262551 2.416456 2.534533 0.000000 0.000000 3.303148 2.877027 3.026642 2.646279 1.814259 1.789247 1.384060 1.151797 1.187858 0.000000 1.454081 1.733261 0.350616 0.000000 
0.000000 0.000000 0.000000 0.000000 0.000000 0.000000 0.000000 2.394771 0.000000 2.375675 2.153979 1.923088 0.000000 0.000000 0.000000 0.000000 2.598271 0.000000 0.000000 2.428910 2.871977 3.110833 3.669908 2.857886 0.000000 2.307333 1.607057 2.108045 2.228795 0.000000 0.902909 1.695221 1.490599 0.565898 0.000000 0.000000 
0.000000 0.000000 0.000000 0.000000 0.000000 0.000000 0.000000 2.019387 0.000000 2.039415 1.993902 1.893592 2.225356 0.000000 0.000000 2.696942 0.000000 2.863230 0.000000 2.527338 0.000000 2.330709 3.128983 2.533714 2.231711 2.227371 1.425353 2.495662 2.257251 0.000000 0.952553 2.612147 1.714228 0.000000 0.000000 0.000000 
0.000000 0.000000 0.000000 0.000000 0.000000 0.000000 0.000000 1.801468 0.000000 0.000000 0.000000 1.773146 1.748210 0.000000 0.000000 0.000000 0.000000 2.365403 2.660963 2.699715 2.813760 2.539856 1.686982 1.599401 0.000000 1.838832 1.800899 2.388553 0.000000 0.000000 0.000000 1.993878 1.294608 0.000000 0.000000 0.000000 
0.000000 0.000000 0.000000 0.000000 0.000000 0.000000 0.000000 0.000000 0.000000 0.000000 0.000000 1.740331 1.676655 0.000000 0.000000 0.000000 0.000000 0.000000 0.000000 2.769877 2.069167 2.028739 2.106301 2.224265 1.413931 1.469234 2.147150 1.845241 1.637648 2.373679 1.757826 0.000000 0.000000 0.000000 0.000000 0.000000 
0.000000 0.000000 0.000000 0.000000 0.000000 0.000000 0.000000 0.000000 0.000000 0.000000 0.000000 0.000000 1.911603 1.887701 2.154225 0.000000 0.000000 1.939018 0.000000 2.518886 2.358119 2.584744 2.735499 3.169534 2.105550 0.000000 1.789409 1.735332 1.818156 2.069596 0.700614 0.000000 0.000000 0.000000 0.000000 0.000000 
0.000000 0.000000 0.000000 0.000000 0.000000 0.000000 0.000000 0.000000 0.000000 0.000000 1.672493 2.139591 2.281015 1.873203 2.127006 0.000000 0.000000 0.000000 2.268766 0.000000 0.000000 3.749172 2.750501 2.558680 2.158723 0.000000 0.000000 1.773521 1.466244 1.717606 0.823765 1.458398 0.000000 0.000000 0.000000 0.000000 
0.000000 0.000000 0.000000 0.000000 0.000000 0.000000 0.000000 0.000000 0.000000 0.000000 1.991026 1.675445 1.797640 2.311926 1.674014 2.035047 2.340041 0.000000 1.900699 2.457279 3.036045 3.538915 2.312984 1.389668 1.689026 0.000000 0.000000 1.972177 1.955497 1.835316 0.000000 0.000000 0.000000 0.000000 0.000000 0.000000 
0.000000 0.000000 0.000000 0.000000 0.000000 0.000000 0.000000 0.000000 0.000000 0.000000 0.000000 0.000000 2.036415 2.397205 1.980130 2.499644 2.038424 0.000000 2.282203 2.814840 2.725269 3.400352 2.064323 0.000000 0.000000 0.000000 1.558642 1.611036 1.631924 1.012172 0.000000 0.000000 0.000000 0.000000 0.000000 0.000000 
0.000000 0.000000 0.000000 0.000000 0.000000 0.000000 0.000000 0.000000 0.000000 0.000000 1.267140 1.651948 1.660584 2.149770 2.425211 2.627059 1.996539 2.102594 1.897287 2.187719 2.602377 3.307452 2.295154 2.018477 1.895561 0.000000 0.000000 1.989087 1.212800 0.000000 0.000000 0.000000 0.000000 0.000000 0.000000 0.000000 
0.000000 0.000000 0.000000 0.000000 0.000000 0.000000 0.000000 0.000000 0.000000 0.000000 0.000000 1.245781 1.518681 2.041327 2.070869 2.382115 2.171649 2.335653 2.787067 2.667437 2.420157 2.549434 2.207936 2.199125 0.000000 0.000000 0.000000 2.174382 1.073449 0.000000 0.000000 0.000000 0.000000 0.000000 0.000000 0.000000 
0.000000 0.000000 0.000000 0.000000 0.000000 0.000000 0.000000 0.000000 0.000000 0.000000 0.000000 0.000000 1.832388 1.979507 1.866027 2.032865 2.157958 2.495598 2.679583 2.730789 2.160381 2.339852 1.374071 0.000000 0.000000 0.000000 0.000000 2.079146 0.951860 0.000000 0.000000 0.000000 0.000000 0.000000 0.000000 0.000000 
0.000000 0.000000 0.000000 0.000000 0.000000 0.000000 0.000000 0.000000 0.000000 0.000000 0.000000 0.000000 0.000000 0.000000 1.462184 1.400157 1.597169 1.886383 2.295907 2.292228 1.983415 1.718048 1.481520 1.065968 0.000000 0.000000 0.000000 1.866175 0.922403 0.000000 0.000000 0.000000 0.000000 0.000000 0.000000 0.000000 
0.000000 0.000000 0.000000 0.000000 0.000000 0.000000 0.000000 0.000000 0.000000 0.000000 0.000000 0.000000 0.000000 0.000000 0.000000 1.422242 1.687225 1.853941 1.402858 1.499611 1.804332 1.615607 2.300249 1.696442 0.000000 0.000000 0.000000 0.000000 0.000000 0.000000 0.000000 0.000000 0.000000 0.000000 0.000000 0.000000 
0.000000 0.000000 0.000000 0.000000 0.000000 0.000000 0.000000 0.000000 0.000000 0.000000 0.000000 0.000000 0.000000 0.000000 1.646350 1.405652 1.999801 0.000000 0.000000 0.000000 0.000000 0.933877 1.398321 0.000000 0.000000 0.000000 0.000000 0.000000 0.000000 0.000000 0.000000 0.000000 0.000000 0.000000 0.000000 0.000000 
0.000000 0.000000 0.000000 0.000000 0.000000 0.000000 0.000000 0.000000 0.000000 0.000000 0.000000 0.000000 0.000000 0.000000 0.910162 1.024340 0.000000 0.000000 0.000000 0.000000 0.000000 0.000000 0.000000 0.000000 0.000000 0.000000 0.000000 0.000000 0.000000 0.000000 0.000000 0.000000 0.000000 0.000000 0.000000 0.000000 
0.000000 0.000000 0.000000 0.000000 0.000000 0.000000 0.000000 0.000000 0.000000 0.000000 0.000000 0.000000 0.000000 0.000000 0.000000 0.000000 0.000000 0.000000 0.000000 0.000000 0.000000 0.000000 0.000000 0.000000 0.000000 0.000000 0.000000 0.000000 0.000000 0.000000 0.000000 0.000000 0.000000 0.000000 0.000000 0.000000 
0.000000 0.000000 0.000000 0.000000 0.000000 0.000000 0.000000 0.000000 0.000000 0.000000 0.000000 0.000000 0.000000 0.000000 0.000000 0.000000 0.000000 0.000000 0.000000 0.000000 0.000000 0.000000 0.000000 0.000000 0.000000 0.000000 0.000000 0.000000 0.000000 0.000000 0.000000 0.000000 0.000000 0.000000 0.000000 0.000000 
0.000000 0.000000 0.000000 0.000000 0.000000 0.000000 0.000000 0.000000 0.000000 0.000000 0.000000 0.000000 0.000000 0.000000 0.000000 0.000000 0.000000 0.000000 0.000000 0.000000 0.000000 0.000000 0.000000 0.000000 0.000000 0.000000 0.000000 0.000000 0.000000 0.000000 0.000000 0.000000 0.000000 0.000000 0.000000 0.000000 
0.000000 0.000000 0.000000 0.000000 0.000000 0.000000 0.000000 0.000000 0.000000 0.000000 0.000000 0.000000 0.000000 0.000000 0.000000 0.000000 0.000000 0.000000 0.000000 0.000000 0.000000 0.000000 0.000000 0.000000 0.000000 0.000000 0.000000 0.000000 0.000000 0.000000 0.000000 0.000000 0.000000 0.000000 0.000000 0.000000 

Z-21
0.000000 0.000000 0.000000 0.000000 0.000000 0.000000 0.000000 0.000000 0.000000 0.000000 0.000000 0.000000 0.000000 0.000000 0.000000 0.000000 0.000000 0.000000 0.000000 0.000000 0.000000 0.000000 0.000000 0.000000 0.000000 0.000000 0.000000 0.000000 0.000000 0.000000 0.000000 0.000000 0.000000 0.000000 0.000000 0.000000 
0.000000 0.000000 0.000000 0.000000 0.000000 0.000000 0.000000 0.000000 0.000000 0.000000 0.000000 0.000000 0.000000 0.000000 0.000000 0.000000 0.000000 0.000000 0.000000 0.000000 0.000000 0.000000 0.000000 0.000000 0.000000 0.000000 0.000000 0.000000 0.000000 0.000000 0.000000 0.000000 0.000000 0.000000 0.000000 0.000000 
0.000000 0.000000 0.000000 0.000000 0.000000 0.000000 0.000000 0.000000 0.000000 0.000000 0.000000 0.000000 0.000000 0.000000 0.000000 0.000000 0.000000 0.000000 0.000000 0.000000 0.000000 0.000000 0.000000 0.000000 0.000000 0.000000 0.000000 0.000000 0.000000 0.000000 0.000000 0.000000 0.000000 0.000000 0.000000 0.000000 
0.000000 0.000000 0.000000 0.000000 0.000000 0.000000 0.000000 0.000000 0.000000 0.000000 0.000000 0.000000 0.000000 1.027785 0.818010 0.000000 1.352264 1.532669 1.744445 2.562228 0.000000 0.000000 0.000000 0.000000 0.000000 0.000000 0.000000 0.000000 0.000000 0.000000 0.000000 0.000000 0.000000 0.000000 0.000000 0.000000 
0.000000 0.000000 0.000000 0.000000 0.000000 0.000000 0.000000 0.000000 0.000000 0.000000 0.000000 0.000000 0.000000 2.661870 1.772889 2.303315 0.000000 2.748647 3.215009 2.791455 2.589293 3.003994 2.339713 0.000000 0.000000 0.000000 0.000000 0.000000 0.000000 0.000000 0.000000 0.000000 0.000000 0.000000 0.000000 0.000000 
0.000000 0.000000 0.000000 0.000000 0.000000 0.000000 0.000000 0.000000 0.000000 0.000000 0.000000 2.439311 0.000000 3.645705 2.270315 2.027149 0.000000 2.960906 0.000000 2.304889 3.228656 3.705510 3.247120 0.000000 0.000000 0.000000 0.000000 0.000000 0.000000 0.000000 0.000000 0.000000 0.000000 0.000000 0.000000 0.000000 
0.000000 0.000000 0.000000 0.000000 0.000000 0.000000 0.000000 0.000000 0.000000 0.000000 0.000000 0.000000 0.000000 2.223401 2.280765 0.000000 3.071529 2.903666 2.618322 3.303698 3.462707 2.622867 2.591139 0.000000 0.000000 0.000000 0.000000 1.057568 0.000000 0.000000 0.000000 0.000000 0.000000 0.000000 0.000000 0.000000 
0.000000 0.000000 0.000000 0.000000 0.000000 0.000000 0.000000 2.491056 0.000000 0.000000 0.000000 0.000000 2.453193 0.000000 2.706390 2.893583 2.704818 2.464164 0.000000 1.333493 1.669178 2.430928 2.672510 2.899321 0.000000 0.000000 0.000000 1.742365 2.627902 1.158488 0.000000 0.000000 0.000000 0.000000 0.000000 0.000000 
0.000000 0.000000 0.000000 0.000000 0.000000 0.000000 1.966328 2.630185 2.143125 2.145918 2.225916 2.575687 2.242853 1.807346 2.697171 2.594963 2.678570 3.010363 0.000000 0.000000 2.868750 2.979010 2.746595 2.814565 2.027644 0.000000 0.000000 0.000000 0.000000 0.000000 0.000000 0.000000 0.000000 0.000000 0.000000 0.000000 
0.000000 0.000000 0.000000 0.000000 0.000000 0.000000 2.244357 2.339980 0.000000 0.000000 0.000000 2.869426 2.618210 2.697171 0.000000 0.000000 2.068719 2.041388 2.671252 3.169913 2.781497 3.469239 2.178923 1.679309 1.546914 2.281293 2.060977 0.000000 0.000000 0.000000 0.000000 0.000000 0.000000 0.000000 0.000000 0.000000 
0.000000 0.000000 0.000000 0.000000 0.000000 0.000000 0.000000 0.000000 0.000000 2.958622 0.000000 0.000000 2.345858 0.000000 0.000000 0.000000 0.000000 2.401969 2.379302 1.965129 0.000000 0.000000 0.000000 2.766740 2.143096 2.362994 2.286826 1.779450 1.476354 0.000000 1.119769 0.372989 1.134774 0.000000 0.093022 0.000000 
0.000000 0.000000 0.000000 0.000000 0.000000 0.000000 2.367190 2.188014 2.879292 2.958622 0.000000 2.678800 2.678800 2.447559 2.447559 0.000000 2.814603 2.665012 2.549837 2.386327 2.812884 3.106343 3.791175 3.004020 0.000000 2.485673 1.518512 1.861782 2.044299 1.474129 1.476437 0.734639 1.656462 0.000000 0.000000 0.000000 
0.000000 0.000000 0.000000 0.000000 0.000000 0.000000 1.772349 2.240675 1.880930 2.826513 2.626517 0.000000 0.000000 0.000000 0.000000 0.000000 2.730093 2.674318 2.583635 2.475676 2.906398 2.778140 0.000000 3.134146 0.000000 2.078034 0.000000 1.728155 2.464254 1.966200 1.256398 2.128465 0.000000 0.000000 0.000000 0.000000 
0.000000 0.000000 0.000000 0.000000 0.000000 0.000000 1.973360 2.072534 1.947692 1.799362 2.381303 2.435722 0.000000 2.556137 2.488485 0.000000 2.534910 2.372841 2.502957 2.536858 2.405156 2.774879 3.408128 2.350136 2.169263 2.204307 1.658061 2.351911 2.258299 0.000000 1.812024 0.000000 0.000000 0.000000 0.000000 0.000000 
0.000000 0.000000 0.000000 0.000000 0.000000 0.000000 0.000000 1.831862 2.159290 2.254208 0.000000 2.034892 2.119519 2.446458 0.000000 0.000000 2.018985 2.342664 2.659954 2.607885 2.431914 2.527810 2.029558 2.014339 2.088889 1.762870 1.984983 2.364851 1.673085 2.026785 0.000000 1.632967 1.052622 0.227981 0.000000 0.000000 
0.000000 0.000000 0.000000 0.000000 0.000000 0.000000 2.376360 2.147966 2.096454 2.163327 0.000000 0.000000 1.794167 0.000000 1.980882 1.860293 0.000000 2.234905 0.000000 2.508687 2.694112 2.389391 2.400890 2.457894 1.715166 1.369347 1.773439 2.117805 1.844597 2.467976 1.636703 0.000000 0.000000 0.000000 0.000000 0.000000 
0.000000 0.000000 0.000000 0.000000 0.000000 0.000000 0.000000 1.762629 1.833906 1.768184 2.234555 2.020411 2.108493 0.000000 0.000000 0.000000 0.000000 0.000000 1.971632 2.202089 0.000000 2.150638 2.792830 3.051369 2.123258 1.502929 1.914561 2.131838 1.459955 1.747675 1.415003 0.470152 0.000000 0.000000 0.000000 0.000000 
0.000000 0.000000 0.000000 0.000000 0.000000 0.000000 0.000000 0.000000 0.000000 2.881137 2.637028 2.324695 2.013552 1.885509 0.000000 2.721822 2.124596 2.128648 1.949726 2.302158 0.000000 3.038272 2.885995 2.295569 2.007392 0.000000 2.196842 1.925743 1.713434 1.752663 1.278355 2.110675 1.616390 0.000000 0.000000 0.000000 
0.000000 0.000000 0.000000 0.000000 0.000000 0.000000 0.000000 0.000000 0.000000 0.000000 1.801106 1.592798 1.620568 2.326876 2.731560 2.066358 2.356082 2.156547 2.650822 2.745438 2.824005 3.436696 3.639038 1.677283 1.728864 0.000000 2.355675 2.189437 1.827665 1.985724 1.544643 1.387960 0.893057 0.000000 0.000000 0.000000 
0.000000 0.000000 0.000000 0.000000 0.000000 0.000000 0.000000 0.000000 0.000000 0.000000 0.000000 0.000000 1.849833 1.617644 1.930995 2.070915 2.316397 0.000000 2.282153 0.000000 2.728062 3.558927 3.040183 0.000000 1.397660 0.000000 1.505285 1.377277 2.160778 1.685552 1.671691 0.883487 0.000000 0.000000 0.000000 0.000000 
0.000000 0.000000 0.000000 0.000000 0.000000 0.000000 0.000000 0.000000 0.000000 0.000000 0.000000 0.000000 0.000000 1.438291 2.047894 1.953474 2.301365 2.157461 2.567804 3.158040 3.342079 2.614685 2.170453 2.052931 1.587847 1.484052 0.000000 1.380121 1.624651 1.090146 0.000000 0.000000 0.000000 0.000000 0.000000 0.000000 
0.000000 0.000000 0.000000 0.000000 0.000000 0.000000 0.000000 0.000000 0.000000 0.000000 0.000000 1.637608 2.010875 2.411473 2.132015 2.124134 2.111287 2.072309 2.355173 2.475245 2.724714 2.643868 2.406049 1.336089 1.480437 2.252471 2.350857 2.073418 1.840888 0.856550 0.000000 0.000000 0.000000 0.000000 0.000000 0.000000 
0.000000 0.000000 0.000000 0.000000 0.000000 0.000000 0.000000 0.000000 0.000000 0.000000 0.000000 1.587989 1.356117 1.589004 1.714622 1.931697 2.136753 2.001886 2.025449 2.615529 2.320312 0.000000 1.728976 1.179044 0.000000 2.463381 2.411951 2.890441 1.953824 0.909704 0.000000 0.000000 0.000000 0.000000 0.000000 0.000000 
0.000000 0.000000 0.000000 0.000000 0.000000 0.000000 0.000000 0.000000 0.000000 0.000000 0.000000 0.000000 0.000000 0.000000 1.571186 1.861827 1.995546 1.994512 2.228426 1.693525 1.668392 0.000000 0.000000 0.000000 1.520350 2.088418 1.998633 1.813511 1.694757 0.000000 0.000000 0.000000 0.000000 0.000000 0.000000 0.000000 
0.000000 0.000000 0.000000 0.000000 0.000000 0.000000 0.000000 0.000000 0.000000 0.000000 0.000000 0.000000 0.000000 0.000000 1.742192 1.448619 1.230889 1.968294 1.856630 1.663644 1.874448 1.776225 0.000000 0.000000 1.182690 0.709110 1.058430 1.462910 0.973676 0.000000 0.000000 0.000000 0.000000 0.000000 0.000000 0.000000 
0.000000 0.000000 0.000000 0.000000 0.000000 0.000000 0.000000 0.000000 0.000000 0.000000 0.000000 0.000000 0.000000 0.000000 1.569095 1.555744 0.000000 2.047828 1.950263 1.157158 1.369055 1.392043 0.000000 0.000000 0.000000 0.000000 0.971295 1.844848 0.890360 0.000000 0.000000 0.000000 0.000000 0.000000 0.000000 0.000000 
0.000000 0.000000 0.000000 0.000000 0.000000 0.000000 0.000000 0.000000 0.000000 0.000000 0.000000 0.000000 0.000000 0.000000 0.000000 1.281644 0.000000 0.730052 0.000000 0.980161 0.697566 0.000000 0.000000 0.000000 0.000000 0.000000 0.598843 2.020551 0.000000 0.000000 0.000000 0.000000 0.000000 0.000000 0.000000 0.000000 
0.000000 0.000000 0.000000 0.000000 0.000000 0.000000 0.000000 0.000000 0.000000 0.000000 0.000000 0.000000 0.000000 0.000000 0.000000 0.000000 0.000000 0.000000 0.000000 0.000000 0.000000 0.000000 0.000000 0.000000 0.000000 0.000000 0.000000 0.000000 0.000000 0.000000 0.000000 0.000000 0.000000 0.000000 0.000000 0.000000 
0.000000 0.000000 0.000000 0.000000 0.000000 0.000000 0.000000 0.000000 0.000000 0.000000 0.000000 0.000000 0.000000 0.000000 0.000000 0.000000 0.000000 0.000000 0.000000 0.000000 0.000000 0.000000 0.000000 0.000000 0.000000 0.000000 0.000000 0.000000 0.000000 0.000000 0.000000 0.000000 0.000000 0.000000 0.000000 0.000000 
0.000000 0.000000 0.000000 0.000000 0.000000 0.000000 0.000000 0.000000 0.000000 0.000000 0.000000 0.000000 0.000000 0.000000 0.000000 0.000000 0.000000 0.000000 0.000000 0.000000 0.000000 0.000000 0.000000 0.000000 0.000000 0.000000 0.000000 0.000000 0.000000 0.000000 0.000000 0.000000 0.000000 0.000000 0.000000 0.000000 
0.000000 0.000000 0.000000 0.000000 0.000000 0.000000 0.000000 0.000000 0.000000 0.000000 0.000000 0.000000 0.000000 0.000000 0.000000 0.000000 0.000000 0.000000 0.000000 0.000000 0.000000 0.000000 0.000000 0.000000 0.000000 0.000000 0.000000 0.000000 0.000000 0.000000 0.000000 0.000000 0.000000 0.000000 0.000000 0.000000 

Z-20
0.000000 0.000000 0.000000 0.000000 0.000000 0.000000 0.000000 0.000000 0.000000 0.000000 0.000000 0.000000 0.000000 0.000000 0.000000 0.000000 0.000000 0.000000 0.000000 0.000000 0.000000 0.000000 0.000000 0.000000 0.000000 0.000000 0.000000 0.000000 0.000000 0.000000 0.000000 0.000000 0.000000 0.000000 0.000000 0.000000 
0.000000 0.000000 0.000000 0.000000 0.000000 0.000000 0.000000 0.000000 0.000000 0.000000 0.000000 0.000000 0.000000 0.000000 0.000000 0.000000 0.000000 0.000000 0.000000 0.000000 0.000000 0.000000 0.000000 0.000000 0.000000 0.000000 0.000000 0.000000 0.000000 0.000000 0.000000 0.000000 0.000000 0.000000 0.000000 0.000000 
0.000000 0.000000 0.000000 0.000000 0.000000 0.000000 0.000000 0.000000 0.000000 0.000000 0.000000 0.000000 0.000000 0.000000 0.000000 0.000000 0.000000 0.000000 0.000000 0.000000 0.000000 0.000000 0.000000 0.000000 0.000000 0.000000 0.254421 0.000000 0.000000 0.000000 0.000000 0.000000 0.000000 0.000000 0.000000 0.000000 
0.000000 0.000000 0.000000 0.000000 0.000000 0.000000 0.000000 0.000000 0.000000 0.000000 0.000000 0.000000 0.677979 1.470588 0.000000 1.628718 0.000000 0.000000 2.028302 1.887851 2.884437 0.000000 0.000000 0.000000 0.000000 1.890120 1.381399 0.000000 0.000000 0.000000 0.000000 0.000000 0.000000 0.000000 0.000000 0.000000 
0.000000 0.000000 0.000000 0.000000 0.000000 0.000000 0.000000 0.000000 0.000000 0.000000 0.000000 0.000000 3.046117 3.806341 2.751567 1.995418 2.232213 0.000000 2.936881 0.000000 0.000000 0.000000 0.000000 0.000000 0.000000 2.561724 2.525517 0.000000 0.000000 0.000000 0.000000 0.000000 0.000000 0.000000 0.000000 0.000000 
0.000000 0.000000 0.000000 0.000000 0.000000 0.000000 0.000000 0.000000 0.000000 0.000000 0.000000 0.000000 1.792833 3.645705 2.812545 1.995671 2.135739 2.870041 2.844890 2.023133 2.852588 0.000000 3.623179 0.000000 0.000000 0.000000 0.000000 0.000000 0.000000 0.000000 0.000000 0.000000 0.000000 0.000000 0.000000 0.000000 
0.000000 0.000000 0.000000 0.000000 0.000000 0.000000 0.628114 1.152984 0.000000 2.254646 0.000000 2.452284 0.000000 2.562178 2.363255 2.398004 2.472696 2.864439 2.549405 2.638275 2.942198 2.658077 3.425082 0.000000 0.000000 0.000000 0.000000 1.618454 2.434770 2.592747 0.000000 0.000000 0.000000 0.000000 0.000000 0.000000 
0.000000 0.000000 0.000000 0.000000 0.000000 0.917629 1.241325 2.001572 3.154219 3.335696 2.993357 2.646730 2.323868 2.020230 2.342920 2.740873 3.035806 2.762308 2.630676 0.000000 1.772383 1.657770 3.060824 2.951041 0.000000 0.000000 0.000000 1.639203 2.474324 0.000000 0.000000 0.000000 0.000000 0.000000 0.000000 0.000000 
0.000000 0.000000 0.000000 1.538801 1.613483 1.644862 1.314023 2.024968 2.367570 0.000000 0.000000 2.401155 2.663546 0.000000 2.520581 2.388235 0.000000 0.000000 2.184662 0.000000 3.123959 2.821461 2.383134 1.524609 1.357769 1.505502 0.000000 1.543059 1.852488 0.000000 0.000000 0.000000 0.000000 0.000000 0.000000 0.000000 
0.000000 0.000000 0.000000 2.124610 2.220906 1.822949 2.071171 2.736804 0.000000 0.000000 0.000000 0.000000 2.912051 2.511605 2.139580 2.139580 0.000000 3.447133 3.056335 2.467743 1.918540 1.445208 2.427174 1.256819 1.386985 1.977596 2.514513 0.000000 0.000000 0.000000 1.279186 0.165533 0.000000 0.000000 0.000000 0.000000 
0.000000 0.000000 0.000000 0.000000 2.916682 1.951553 0.000000 1.905472 0.000000 2.879292 2.958622 3.734177 2.959482 2.065977 2.447559 2.447559 3.447133 2.890635 2.343167 2.350119 2.487668 2.713288 3.017226 3.165105 2.610244 2.234969 2.413490 1.554477 0.000000 0.907497 1.058965 0.837692 0.000000 1.263820 0.000000 0.000000 
0.000000 0.000000 0.000000 0.000000 2.496143 0.000000 2.100026 0.992845 2.219468 2.471955 0.000000 0.000000 2.678800 0.000000 0.000000 2.538880 0.000000 2.730093 2.659278 2.581882 2.308248 3.185921 2.896864 3.517116 0.000000 2.065821 1.462755 1.386706 2.208629 2.075438 1.425654 1.782981 1.513081 1.302764 0.000000 0.000000 
0.000000 0.000000 0.000000 0.000000 2.805215 2.599415 2.175519 2.079679 1.869319 2.110605 0.000000 0.000000 0.000000 2.921913 2.981279 2.784095 2.757570 2.613981 2.466343 2.662043 2.662809 2.494928 0.000000 0.000000 0.000000 0.000000 0.000000 1.251165 2.722797 1.652571 2.154189 3.083879 1.647589 1.359984 0.000000 0.000000 
0.000000 0.000000 0.000000 0.000000 0.000000 0.000000 2.603363 0.000000 2.016878 2.008992 2.387708 2.626517 2.243852 0.000000 2.645767 2.599002 2.413624 1.945795 2.357998 2.606798 2.582416 0.000000 0.000000 0.000000 2.727380 2.016483 1.576516 1.820628 2.082227 1.361153 2.212142 2.480100 1.208165 0.000000 0.000000 0.000000 
0.000000 0.000000 0.000000 0.000000 0.000000 0.000000 0.000000 2.151489 2.102358 2.126221 2.155567 2.826513 0.000000 2.567470 2.564849 2.089577 2.014985 0.000000 2.279808 2.168299 2.444161 2.237729 3.180610 0.000000 0.000000 2.289528 1.774529 1.967911 1.775001 2.002653 2.403265 0.959845 0.679371 0.000000 0.000000 0.000000 
0.000000 0.000000 0.000000 0.000000 0.000000 0.000000 2.613803 2.020304 1.738862 1.834449 1.906546 2.234555 2.162035 0.000000 0.000000 2.009133 2.201269 0.000000 2.037842 2.019745 2.286714 2.344696 2.483188 2.670483 2.553904 2.042944 1.805479 2.553608 1.908982 2.004975 1.993673 0.000000 0.000000 0.000000 0.000000 0.000000 
0.000000 0.000000 0.000000 0.000000 0.000000 2.049609 2.347605 2.092894 1.791839 1.622749 2.421278 2.637028 2.324695 0.000000 0.000000 0.000000 0.000000 2.265708 2.029275 1.833683 0.000000 2.692971 2.425347 2.570051 1.893268 1.773104 2.112453 2.602319 1.910171 1.957345 2.017789 0.000000 0.000000 0.000000 0.000000 0.000000 
0.000000 0.000000 0.000000 0.000000 0.000000 1.976533 0.000000 0.000000 0.000000 1.811831 2.187308 1.801106 1.654213 1.655095 0.000000 2.294780 0.000000 1.666775 2.088325 2.610117 0.000000 3.215839 0.000000 0.000000 1.603719 0.000000 1.970219 2.093443 2.082709 1.696238 1.811365 1.409728 0.000000 0.000000 0.000000 0.000000 
0.000000 0.000000 0.000000 0.000000 0.000000 0.000000 0.000000 0.000000 0.000000 0.000000 1.887569 1.354405 1.342597 0.000000 2.463044 2.173126 0.000000 2.098961 2.163212 2.194962 2.957003 2.842444 2.922651 1.767847 0.000000 0.000000 1.616191 0.000000 1.965535 1.417454 1.974456 1.040898 0.000000 0.000000 0.000000 0.000000 
0.000000 0.000000 0.000000 1.383179 0.000000 0.000000 0.000000 0.000000 0.000000 0.000000 1.611392 0.962665 0.000000 1.564651 1.584768 2.142024 0.000000 0.000000 2.149175 3.077916 3.390978 3.212439 3.174206 2.047110 1.973151 0.000000 1.931583 0.000000 2.060712 1.426844 1.706511 1.351815 0.000000 0.000000 0.000000 0.000000 
0.000000 0.000000 0.000000 1.182902 1.314263 0.000000 0.000000 0.000000 0.000000 0.000000 0.000000 0.000000 0.000000 1.587195 2.035194 2.118137 1.984964 1.989452 2.443838 2.682711 3.608803 3.475892 2.797133 1.969034 0.000000 0.000000 1.497424 0.000000 1.798634 1.458492 1.288097 0.942912 0.000000 0.000000 0.000000 0.000000 
0.000000 0.000000 1.744179 1.180043 0.000000 0.000000 0.000000 0.000000 0.000000 0.000000 0.000000 1.756200 1.943306 1.796495 1.515373 1.420119 1.881953 1.914942 1.960695 2.253543 2.535556 2.623597 2.671658 1.609318 1.020640 1.577365 1.504244 1.341946 0.000000 1.324714 0.000000 0.000000 0.000000 0.000000 0.000000 0.000000 
0.000000 0.868809 1.009868 0.286160 0.000000 0.000000 0.000000 0.000000 0.000000 0.000000 0.000000 1.584196 1.821098 1.806209 1.703647 1.997415 2.003004 1.914941 2.327706 1.810200 1.755549 2.372198 2.205669 2.240329 1.411105 2.293556 2.144698 2.546769 1.889818 1.439987 0.000000 0.000000 0.000000 0.000000 0.000000 0.000000 
0.000000 0.000000 0.081860 0.000000 0.000000 0.000000 0.000000 0.000000 0.000000 0.000000 0.000000 1.417034 1.715634 1.520335 1.639061 2.096274 1.812867 2.076071 0.000000 1.870351 1.403753 2.344879 1.862153 0.000000 1.742803 2.100344 2.426257 2.206484 1.854865 1.306829 0.000000 0.000000 0.000000 0.000000 0.000000 0.000000 
0.000000 0.000000 0.000000 0.000000 0.000000 0.000000 0.000000 0.000000 0.000000 0.000000 0.000000 0.000000 0.000000 1.242047 0.000000 1.433328 1.340932 1.884869 2.294993 2.431814 1.891327 2.015826 1.352601 0.000000 1.302264 1.646771 1.846406 1.527523 1.577334 1.107486 0.000000 0.000000 0.000000 0.000000 0.000000 0.000000 
0.000000 0.000000 0.000000 0.000000 0.000000 0.000000 0.000000 0.000000 0.000000 0.000000 0.000000 0.000000 0.000000 0.000000 0.000000 1.177063 1.441811 1.119604 1.523075 1.731707 1.768369 1.706700 1.117014 0.000000 0.000000 0.000000 0.000000 1.054111 1.403248 0.548375 0.000000 0.000000 0.000000 0.000000 0.000000 0.000000 
0.000000 0.000000 0.000000 0.000000 0.000000 0.000000 0.000000 0.000000 0.000000 0.000000 0.000000 0.000000 0.000000 0.000000 0.000000 0.000000 1.364560 1.226236 1.494103 1.541827 1.066064 0.000000 0.000000 0.000000 0.000000 0.000000 0.000000 0.000000 0.000000 0.000000 0.000000 0.000000 0.000000 0.000000 0.000000 0.000000 
0.000000 0.000000 0.000000 0.000000 0.000000 0.000000 0.000000 0.000000 0.000000 0.000000 0.000000 0.000000 0.000000 0.000000 0.000000 0.000000 0.000000 0.791528 0.000000 0.558441 0.000000 0.000000 0.000000 0.000000 0.000000 0.000000 0.000000 0.000000 0.000000 0.000000 0.000000 0.000000 0.000000 0.000000 0.000000 0.000000 
0.000000 0.000000 0.000000 0.000000 0.000000 0.000000 0.000000 0.000000 0.000000 0.000000 0.000000 0.000000 0.000000 0.000000 0.000000 0.000000 0.000000 0.000000 0.000000 0.000000 0.000000 0.000000 0.000000 0.000000 0.000000 0.000000 0.000000 0.000000 0.000000 0.000000 0.000000 0.000000 0.000000 0.000000 0.000000 0.000000 
0.000000 0.000000 0.000000 0.000000 0.000000 0.000000 0.000000 0.000000 0.000000 0.000000 0.000000 0.000000 0.000000 0.000000 0.000000 0.000000 0.000000 0.000000 0.000000 0.000000 0.000000 0.000000 0.000000 0.000000 0.000000 0.000000 0.000000 0.000000 0.000000 0.000000 0.000000 0.000000 0.000000 0.000000 0.000000 0.000000 
0.000000 0.000000 0.000000 0.000000 0.000000 0.000000 0.000000 0.000000 0.000000 0.000000 0.000000 0.000000 0.000000 0.000000 0.000000 0.000000 0.000000 0.000000 0.000000 0.000000 0.000000 0.000000 0.000000 0.000000 0.000000 0.000000 0.000000 0.000000 0.000000 0.000000 0.000000 0.000000 0.000000 0.000000 0.000000 0.000000 

Z-19
0.000000 0.000000 0.000000 0.000000 0.000000 0.000000 0.000000 0.000000 0.000000 0.000000 0.000000 0.000000 0.000000 0.000000 0.000000 0.000000 0.000000 0.000000 0.000000 0.000000 0.000000 0.000000 0.000000 0.000000 0.000000 0.000000 0.000000 0.000000 0.000000 0.000000 0.000000 0.000000 0.000000 0.000000 0.000000 0.000000 
0.000000 0.000000 0.000000 0.000000 0.000000 0.000000 0.000000 0.000000 0.000000 0.000000 0.000000 0.000000 0.000000 0.000000 0.000000 0.000000 0.000000 0.000000 0.000000 0.000000 0.000000 0.000000 0.000000 0.000000 0.000000 0.000000 0.000000 0.000000 0.000000 0.000000 0.000000 0.000000 0.000000 0.000000 0.000000 0.000000 
0.000000 0.000000 0.000000 0.000000 0.000000 0.000000 0.000000 0.000000 0.000000 0.000000 0.000000 0.000000 0.000000 0.000000 0.000000 0.000000 0.887955 0.911806 0.000000 0.000000 0.000000 0.000000 0.000000 0.000000 2.333589 1.418591 0.000000 0.000000 0.000000 0.000000 0.000000 0.000000 0.000000 0.000000 0.000000 0.000000 
0.000000 0.000000 0.000000 0.000000 0.000000 0.000000 0.000000 0.000000 0.000000 0.000000 0.000000 0.000000 0.216038 0.000000 0.000000 1.928560 1.798860 2.225004 2.252851 2.079462 0.000000 0.000000 0.000000 2.080204 1.958477 2.798506 2.034645 1.557369 0.000000 0.000000 0.000000 0.000000 0.000000 0.000000 0.000000 0.000000 
0.000000 0.000000 0.000000 0.000000 0.000000 0.000000 0.000000 0.000000 0.000000 0.000000 0.000000 0.970225 1.700410 0.000000 3.541687 3.645705 2.139000 2.446606 2.965105 0.000000 0.000000 0.000000 3.612598 3.497758 2.532398 2.606246 2.702831 3.594146 0.000000 0.000000 0.092486 0.000000 0.000000 0.000000 0.000000 0.000000 
0.000000 0.000000 0.000000 0.000000 0.000000 0.000000 0.000000 0.000000 0.000000 0.000000 1.424613 1.639844 1.985679 2.569709 2.527317 2.313741 2.097099 2.390104 3.166171 2.618322 2.877819 0.000000 0.000000 0.000000 0.000000 1.840295 3.506775 3.398936 1.134564 2.666256 1.960511 0.000000 0.000000 0.000000 0.000000 0.000000 
0.000000 0.000000 0.000000 0.000000 0.000000 0.000000 0.000000 0.000000 0.000000 0.000000 2.714168 3.060512 0.000000 2.833885 2.673718 2.727019 2.501509 2.758977 2.589517 2.638275 1.698135 0.000000 2.562567 2.393878 0.000000 0.000000 1.680249 1.648021 2.027459 2.449444 1.062544 0.000000 0.000000 0.000000 0.000000 0.000000 
0.000000 0.000000 0.000000 0.000000 1.109732 1.043512 1.124539 1.156482 1.330452 2.067357 2.194780 2.066288 2.071529 2.300859 2.542368 2.322770 2.697171 2.789692 0.000000 2.125498 1.555601 2.079597 2.444254 0.000000 0.000000 0.000000 0.000000 1.706555 2.099086 1.573918 0.000000 0.000000 0.000000 0.000000 0.000000 0.000000 
0.000000 0.000000 0.000000 1.723697 2.167482 2.518533 2.436883 2.207884 2.326851 2.540451 0.000000 0.000000 0.000000 3.052241 2.714907 2.388235 2.139580 0.000000 2.153045 2.641532 3.038351 2.591320 2.292184 1.473028 1.684950 1.620824 2.738001 2.036126 1.234120 0.879448 0.000000 0.000000 0.000000 0.000000 0.000000 0.000000 
0.000000 0.000000 0.000000 2.054875 2.009390 2.184992 2.849405 2.277745 2.730724 2.891732 0.000000 2.958622 3.734177 2.912051 0.000000 0.000000 2.447559 3.447133 3.359009 2.532976 2.386867 2.529223 1.998496 1.404612 2.267101 1.982697 2.254911 2.150855 1.102453 0.000000 1.094073 0.761582 0.000000 0.000000 0.000000 0.000000 
0.000000 0.000000 0.000000 2.026289 2.649516 2.494947 2.121895 2.316982 0.000000 3.295308 3.146335 2.879292 0.000000 0.000000 0.000000 2.676546 2.447559 3.541844 2.730093 2.770628 2.600986 2.360624 2.875557 2.805715 0.000000 2.249161 1.879715 1.221142 0.000000 0.000000 0.000000 0.000000 0.000000 0.000000 0.308429 0.000000 
0.000000 0.000000 0.000000 0.000000 2.163814 2.563482 2.453504 1.625519 1.750958 0.000000 2.302620 2.110605 0.000000 3.117458 2.682278 2.817088 0.000000 0.000000 2.625969 2.629739 2.533208 2.923680 2.604829 2.538866 0.000000 2.290800 0.000000 1.251216 0.000000 2.016524 1.477419 0.000000 0.000000 1.188844 0.286885 0.000000 
0.000000 0.000000 0.000000 2.833438 2.812808 2.473791 2.751276 2.431758 0.000000 1.406561 2.505408 0.000000 2.793295 2.601820 2.605864 2.586577 2.590958 2.477584 2.266592 2.331628 0.000000 2.456168 0.000000 0.000000 3.327206 2.135324 0.000000 1.358505 0.000000 1.320599 1.599115 2.632640 2.037890 0.632872 0.000000 0.000000 
0.000000 0.000000 0.000000 3.065273 2.610001 2.570643 3.235691 0.000000 2.305084 2.040084 2.095782 2.387708 1.900108 2.491788 2.928581 2.500347 2.178207 1.976654 0.000000 2.372508 2.463790 2.327820 2.354882 0.000000 0.000000 0.000000 0.000000 0.000000 1.944590 1.647490 0.000000 0.000000 0.652476 0.000000 0.000000 0.000000 
0.000000 0.000000 0.000000 0.000000 2.970523 2.482415 2.311809 2.406271 2.198377 1.992491 1.728137 1.505386 0.000000 1.950326 0.000000 1.979302 1.794539 0.000000 0.000000 2.194472 2.186405 0.000000 2.305028 0.000000 0.000000 2.302333 1.544060 0.000000 0.000000 0.000000 0.000000 0.000000 0.575480 0.000000 0.000000 0.000000 
0.000000 0.000000 0.000000 0.000000 2.229620 2.189829 2.343940 2.523727 2.124934 1.736899 2.082832 2.422066 2.583895 0.000000 0.000000 2.124693 0.000000 3.094649 0.000000 1.993166 2.186432 2.383511 0.000000 0.000000 0.000000 1.656103 2.028158 2.423376 1.705492 1.628117 2.094702 0.890230 0.000000 0.000000 0.000000 0.000000 
0.000000 0.000000 0.000000 0.000000 0.000000 2.466463 2.612378 2.796655 2.494319 2.099872 1.717341 2.177716 1.843776 1.882451 0.000000 0.000000 0.000000 1.869921 2.012868 2.050161 2.461388 2.232798 0.000000 0.000000 1.933406 0.000000 2.017213 2.463909 2.206029 0.000000 2.278799 1.223776 0.000000 0.000000 0.000000 0.000000 
0.000000 0.000000 0.000000 0.000000 0.000000 1.904091 2.300794 2.184176 0.000000 1.903732 1.982428 2.109905 1.659073 1.272974 0.000000 0.000000 1.913269 1.802528 1.905351 2.177013 2.531627 3.104780 0.000000 0.000000 1.858743 0.000000 1.273795 1.948833 2.451617 1.914036 2.103485 1.764353 0.000000 0.000000 0.000000 0.000000 
0.000000 0.000000 0.000000 2.756700 2.421320 2.006123 1.907499 2.075521 2.435936 0.000000 0.000000 0.000000 1.196576 1.327037 1.104013 1.732326 1.789667 1.752955 1.424509 1.404872 3.539276 3.487695 3.308593 1.887491 0.000000 0.000000 0.000000 1.450969 2.179479 1.467090 1.750669 1.885978 0.000000 0.000000 0.000000 0.000000 
0.000000 0.000000 0.000000 2.151293 2.738961 1.845532 2.304471 2.819420 0.000000 2.506052 1.665852 0.000000 1.029044 1.166567 0.000000 2.069018 0.000000 1.956505 2.207344 0.000000 2.662777 3.485734 3.219864 2.377658 1.281272 0.000000 0.000000 0.000000 1.836465 0.000000 1.288940 0.000000 0.000000 0.000000 0.000000 0.000000 
0.000000 0.000000 0.000000 2.038614 1.553778 1.924227 2.805047 3.044166 0.000000 2.006165 1.630053 0.000000 1.648755 2.170630 2.029802 1.911401 0.000000 2.174004 2.101995 2.086811 2.505587 2.862054 2.853038 2.124493 1.191122 1.259625 1.759020 0.000000 2.072353 1.536402 1.377887 0.905519 0.000000 0.000000 0.000000 0.000000 
0.000000 0.000000 0.000000 2.067002 0.888071 0.000000 2.177759 2.348456 0.000000 0.000000 0.000000 0.000000 1.874432 2.036307 1.686025 1.612737 1.985215 1.912534 1.705230 2.574306 2.031283 1.638646 3.174635 2.362104 1.836452 1.428798 1.332205 1.358564 0.982223 1.499622 0.000000 0.000000 0.000000 0.000000 0.000000 0.000000 
0.000000 0.000000 0.000000 1.247197 1.345317 0.000000 1.755345 0.000000 0.000000 0.000000 0.000000 0.000000 0.000000 2.341582 2.026579 1.871523 1.889809 1.614286 2.781996 2.724723 2.054792 1.918914 2.732713 2.842902 2.336749 1.593022 1.680586 1.583237 1.010940 1.110019 0.789515 0.000000 0.000000 0.000000 0.000000 0.000000 
0.000000 0.000000 0.000000 0.000000 0.000000 0.000000 0.000000 0.000000 0.000000 0.000000 0.000000 0.000000 1.983423 1.806202 2.136843 2.331734 1.716742 1.528258 2.544204 2.225128 1.843980 2.037800 1.878891 1.724538 0.000000 1.723280 2.048241 2.031906 0.000000 1.625609 0.990309 0.000000 0.000000 0.000000 0.000000 0.000000 
0.000000 0.000000 0.000000 0.000000 0.000000 0.000000 0.000000 0.000000 0.000000 0.000000 0.000000 0.000000 0.000000 0.000000 1.647324 1.424752 1.401469 1.649629 1.889409 2.434634 2.301994 1.997701 1.798100 0.000000 0.000000 1.567833 2.006678 2.044807 2.017349 1.750994 0.904947 0.000000 0.000000 0.000000 0.000000 0.000000 
0.000000 0.000000 0.000000 0.000000 0.000000 0.000000 0.000000 0.000000 0.000000 0.000000 0.000000 0.000000 0.000000 0.000000 0.000000 0.985093 1.387728 1.252719 1.401577 1.743986 2.098989 1.872021 1.396362 0.000000 0.000000 0.000000 1.318875 1.325330 1.538939 1.414182 0.724756 0.000000 0.000000 0.000000 0.000000 0.000000 
0.000000 0.000000 0.000000 0.000000 0.000000 0.000000 0.000000 0.000000 0.000000 0.000000 0.000000 0.000000 0.000000 0.000000 0.000000 0.000000 0.000000 1.281404 1.264783 1.417716 0.000000 0.000000 1.056844 0.000000 0.000000 0.000000 0.000000 0.711815 0.000000 0.000000 0.000000 0.000000 0.000000 0.000000 0.000000 0.000000 
0.000000 0.000000 0.000000 0.000000 0.000000 0.000000 0.000000 0.000000 0.000000 0.000000 0.000000 0.000000 0.000000 0.000000 0.000000 0.000000 0.000000 1.112125 0.892157 0.615968 0.000000 0.000000 0.000000 0.000000 0.000000 0.000000 0.000000 0.000000 0.000000 0.000000 0.000000 0.000000 0.000000 0.000000 0.000000 0.000000 
0.000000 0.000000 0.000000 0.000000 0.000000 0.000000 0.000000 0.000000 0.000000 0.000000 0.000000 0.000000 0.000000 0.000000 0.000000 0.000000 0.000000 0.000000 0.000000 0.000000 0.000000 0.000000 0.000000 0.000000 0.000000 0.000000 0.000000 0.000000 0.000000 0.000000 0.000000 0.000000 0.000000 0.000000 0.000000 0.000000 
0.000000 0.000000 0.000000 0.000000 0.000000 0.000000 0.000000 0.000000 0.000000 0.000000 0.000000 0.000000 0.000000 0.000000 0.000000 0.000000 0.000000 0.000000 0.000000 0.000000 0.000000 0.000000 0.000000 0.000000 0.000000 0.000000 0.000000 0.000000 0.000000 0.000000 0.000000 0.000000 0.000000 0.000000 0.000000 0.000000 
0.000000 0.000000 0.000000 0.000000 0.000000 0.000000 0.000000 0.000000 0.000000 0.000000 0.000000 0.000000 0.000000 0.000000 0.000000 0.000000 0.000000 0.000000 0.000000 0.000000 0.000000 0.000000 0.000000 0.000000 0.000000 0.000000 0.000000 0.000000 0.000000 0.000000 0.000000 0.000000 0.000000 0.000000 0.000000 0.000000 

Z-18
0.000000 0.000000 0.000000 0.000000 0.000000 0.000000 0.000000 0.000000 0.000000 0.000000 0.000000 0.000000 0.000000 0.000000 0.000000 0.000000 0.000000 0.000000 0.000000 0.000000 0.000000 0.000000 0.000000 0.000000 0.000000 0.000000 0.000000 0.000000 0.000000 0.000000 0.000000 0.000000 0.000000 0.000000 0.000000 0.000000 
0.000000 0.000000 0.000000 0.000000 0.000000 0.000000 0.000000 0.000000 0.000000 0.000000 0.000000 0.000000 0.000000 0.000000 0.000000 0.000000 0.000000 0.000000 0.000000 0.000000 1.302193 0.000000 1.071389 0.326993 0.925542 1.818972 0.273289 0.000000 0.000000 0.000000 0.000000 0.000000 0.000000 0.000000 0.000000 0.000000 
0.000000 0.000000 0.000000 0.000000 0.000000 0.000000 0.000000 0.000000 0.000000 0.000000 0.000000 0.000000 0.000000 0.000000 0.000000 0.000000 0.992303 0.000000 1.443483 1.631691 1.362173 0.000000 2.733290 1.919481 1.545786 2.274768 0.926544 0.000000 0.000000 0.000000 0.000000 0.000000 0.000000 0.000000 0.000000 0.000000 
0.000000 0.000000 0.000000 0.000000 0.000000 0.000000 0.000000 0.000000 0.000000 0.000000 0.000000 0.000000 0.000000 0.000000 2.608267 2.839416 2.130602 1.964523 2.551813 2.737438 2.166722 2.292054 2.992530 3.297168 2.492733 2.638898 2.842412 0.000000 0.000000 0.000000 0.000000 0.000000 0.000000 0.000000 0.000000 0.000000 
0.000000 0.000000 0.000000 0.000000 0.000000 0.000000 0.000000 0.000000 0.000000 0.000000 0.000000 0.000000 0.000000 0.000000 2.048177 3.135272 2.613038 1.946677 2.408738 3.151447 3.052936 2.503516 3.465806 3.516950 3.063272 1.980324 2.133954 3.928570 1.485727 0.000000 0.000000 0.000000 0.000000 0.000000 0.000000 0.000000 
0.000000 0.000000 0.000000 0.000000 0.000000 0.000000 0.000000 0.000000 0.000000 0.000000 0.000000 0.000000 0.000000 0.000000 2.760388 2.562178 2.363255 2.354990 2.708610 2.600886 2.452630 2.850944 2.686312 2.537184 2.207143 2.761059 1.723734 3.026694 1.377430 0.000000 1.731848 0.000000 0.000000 0.000000 0.000000 0.000000 
0.000000 0.000000 0.000000 0.000000 0.000000 0.883148 0.000000 0.000000 0.000000 1.257659 2.390158 0.000000 0.000000 0.000000 2.497020 2.211912 2.342920 0.000000 2.862040 2.716942 2.375912 0.000000 2.204581 0.000000 0.000000 2.706767 1.838904 1.541664 1.800491 2.377277 0.991072 0.000000 0.000000 0.000000 0.000000 0.000000 
0.000000 0.000000 0.000000 0.620555 1.232594 1.408818 0.000000 0.000000 0.000000 1.579834 2.431712 1.926027 1.136232 1.611135 2.670033 0.000000 2.348570 0.000000 3.239427 2.630059 1.859207 2.413589 2.284800 0.000000 1.849783 0.000000 1.928564 2.274367 0.000000 1.518024 0.569119 0.000000 0.000000 0.000000 0.000000 0.000000 
0.000000 0.000000 0.000000 0.953069 1.207953 1.695593 2.679373 2.837778 1.694526 2.113969 1.841175 1.733367 2.457711 1.462136 2.681268 2.438558 2.139580 2.454791 3.140127 2.951271 2.414785 2.272985 0.000000 0.000000 2.200333 2.165687 2.504062 2.223249 0.000000 0.000000 0.000000 0.000000 0.000000 0.000000 0.000000 0.000000 
0.000000 0.000000 0.000000 0.000000 1.931427 1.957219 3.022476 2.684361 2.209770 2.929022 3.217487 3.146335 2.879292 3.734177 0.000000 2.617251 2.447559 2.447559 3.486176 2.682222 2.536342 2.493070 2.042102 2.374210 4.071167 3.404087 2.535773 2.078597 0.887653 0.000000 0.955966 0.000000 0.000000 0.000000 0.000000 0.000000 
0.000000 0.000000 0.000000 1.725026 2.196168 1.932091 2.041653 2.445516 2.601150 2.871134 2.493590 2.511191 2.110605 0.000000 0.000000 2.716461 2.817088 3.541844 3.026819 2.807560 2.714453 2.359689 2.822160 2.476768 2.931170 2.788243 1.949994 1.453162 0.989198 0.000000 0.000000 0.000000 0.000000 0.000000 0.000000 0.000000 
0.000000 0.000000 0.000000 2.182543 2.231064 2.456171 2.476342 2.258408 2.738463 2.418437 2.036135 1.975011 1.660940 3.117458 3.117458 3.150340 0.000000 2.655220 2.938697 2.488348 2.368416 0.000000 0.000000 2.750972 1.980195 2.522332 0.000000 1.160602 1.267961 0.000000 0.000000 0.000000 0.000000 0.000000 0.000000 0.000000 
0.000000 0.000000 0.000000 2.360089 2.343184 2.301820 2.348363 2.467535 2.553136 2.120307 2.332807 0.000000 2.017843 1.900108 2.388443 2.647858 2.417541 2.238304 2.003316 2.333526 0.000000 0.000000 0.000000 0.000000 3.376211 2.685081 0.000000 0.000000 1.357164 1.220250 0.000000 0.000000 0.000000 0.000000 0.000000 0.000000 
0.000000 0.000000 0.000000 2.528153 0.000000 2.610473 2.385950 0.000000 2.224703 1.725479 1.549089 0.000000 2.054869 1.884517 1.554427 2.016459 2.006676 1.949126 2.263975 2.542628 1.990003 2.073879 2.160753 0.000000 0.000000 0.000000 0.000000 1.430418 1.877661 1.401153 0.000000 0.000000 0.000000 0.000000 0.000000 0.000000 
0.000000 0.000000 0.000000 0.000000 2.517418 2.008795 1.975254 2.293304 2.451241 2.200202 1.504194 1.239665 1.793049 2.205879 1.795531 1.852563 1.890797 0.000000 0.000000 2.463607 1.966459 2.058267 2.012644 0.000000 0.000000 1.656234 1.675970 1.889600 1.965343 0.000000 0.000000 0.000000 0.000000 0.000000 0.000000 0.000000 
0.000000 0.000000 0.000000 2.269888 2.517418 2.113235 2.121425 2.278352 2.362159 2.301073 2.207515 1.951751 2.396515 2.060537 1.788926 0.000000 2.683765 0.000000 0.000000 0.000000 0.000000 0.000000 0.000000 0.000000 0.000000 1.293293 1.779514 1.987985 1.559031 0.000000 1.610903 0.000000 0.000000 0.000000 0.000000 0.000000 
0.000000 0.000000 0.000000 0.000000 2.543072 2.383648 2.469288 2.445589 2.488073 2.161555 1.649216 1.962427 2.074077 1.762107 1.720903 0.000000 0.000000 0.000000 1.963252 1.886117 2.330240 3.058405 0.000000 2.274017 2.365586 1.643448 1.716954 1.707184 0.000000 1.708408 1.757275 2.150366 0.000000 0.000000 0.000000 0.000000 
0.000000 0.000000 0.000000 2.231426 2.467618 2.634354 2.537342 2.147566 2.082487 2.664705 2.714298 2.120823 1.379015 0.989036 0.000000 0.000000 0.000000 0.000000 1.498846 0.000000 1.070700 2.802851 0.000000 0.000000 1.895818 2.026155 1.039961 0.000000 0.000000 1.560114 1.479817 2.034193 0.728611 0.000000 0.000000 0.000000 
0.000000 0.000000 2.256011 2.248880 2.284829 2.240588 1.737425 2.184176 3.009007 3.413102 2.836145 1.726322 1.036681 0.876866 0.984273 0.000000 0.000000 0.000000 1.629162 1.399469 1.621048 2.684618 3.371730 2.719900 0.000000 0.000000 0.000000 0.000000 1.689137 0.000000 0.000000 1.780790 0.532638 0.000000 0.000000 0.000000 
0.000000 0.000000 2.433217 2.304315 2.794223 3.056799 2.901234 2.856117 3.108864 3.241399 1.628754 1.326445 1.679908 1.525333 1.360222 0.000000 0.000000 1.831213 1.830193 1.423989 1.905921 2.296553 2.343009 3.047861 0.000000 0.000000 0.000000 1.215267 1.277270 0.000000 0.000000 1.184724 0.000000 0.000000 0.000000 0.000000 
1.677554 1.943396 2.484864 2.209077 2.607897 2.060021 3.409708 3.104405 2.771016 2.584231 1.876928 2.088957 2.305605 1.738831 2.115839 1.875044 0.000000 1.923806 0.000000 2.164363 2.472437 2.127739 2.573178 3.159090 1.886840 1.305881 1.307206 1.533259 1.327572 1.261824 1.105260 0.000000 0.000000 0.000000 0.000000 0.000000 
0.000000 0.665963 1.149804 0.000000 2.194534 1.706204 2.255768 1.928599 2.362730 2.338991 2.607293 2.601790 2.718337 2.539714 2.775227 2.151850 2.219137 2.168681 2.003260 2.608430 2.243539 2.001466 2.811985 2.847744 2.650428 2.145960 1.570881 1.521470 0.000000 1.506165 1.323542 0.000000 0.000000 0.000000 0.000000 0.000000 
0.000000 0.000000 0.000000 0.389010 1.051827 2.039399 1.644299 1.574660 1.778179 1.876688 1.713337 2.320722 2.456466 2.314532 2.256398 2.359197 1.883142 1.609269 1.606735 0.000000 2.165447 2.403316 2.247872 2.368611 1.913793 1.914137 1.443694 1.237936 1.239939 0.973684 1.358118 0.000000 0.000000 0.000000 0.000000 0.000000 
0.000000 0.000000 0.000000 1.333002 1.393178 0.000000 1.450031 0.000000 0.000000 0.000000 0.000000 0.000000 2.283562 1.894628 2.203738 2.225942 1.707478 1.530230 1.457361 0.000000 0.000000 2.038446 1.881642 1.643145 0.000000 1.772174 1.758549 1.532235 1.560285 0.000000 1.268902 0.000000 0.000000 0.000000 0.000000 0.000000 
0.000000 0.000000 0.000000 0.000000 0.000000 0.000000 0.000000 0.000000 0.000000 0.000000 0.000000 0.000000 2.152442 1.642799 1.559437 1.764010 2.043495 1.982183 1.759328 1.829252 2.108771 1.937923 1.854964 1.559016 1.188137 1.601208 1.837180 2.560784 2.008146 0.000000 1.416989 0.000000 0.000000 0.000000 0.000000 0.000000 
0.000000 0.000000 0.000000 0.000000 0.000000 0.000000 0.000000 0.000000 0.000000 0.000000 0.000000 0.000000 0.000000 0.000000 1.112152 0.735344 1.557976 1.449063 1.588148 0.000000 0.000000 2.507021 2.000027 1.548984 1.379776 0.834723 1.428094 2.095349 0.000000 1.687446 1.649642 0.000000 0.000000 0.000000 0.000000 0.000000 
0.000000 0.000000 0.000000 0.000000 0.000000 0.000000 0.000000 0.000000 0.000000 0.000000 0.000000 0.000000 0.000000 0.000000 0.000000 0.136177 0.720401 0.754808 0.000000 0.000000 0.000000 1.419609 0.000000 1.090632 0.854364 0.000000 0.000000 0.000000 0.000000 0.000000 0.000000 0.000000 0.000000 0.000000 0.000000 0.000000 
0.000000 0.000000 0.000000 0.000000 0.000000 0.000000 0.000000 0.000000 0.000000 0.000000 0.000000 0.000000 0.000000 0.000000 0.000000 0.000000 0.000000 0.000000 0.000000 0.000000 0.000000 0.000000 0.000000 0.000000 0.000000 0.000000 0.000000 0.000000 0.000000 0.000000 0.000000 0.000000 0.000000 0.000000 0.000000 0.000000 
0.000000 0.000000 0.000000 0.000000 0.000000 0.000000 0.000000 0.000000 0.000000 0.000000 0.000000 0.000000 0.000000 0.000000 0.000000 0.000000 0.000000 0.000000 0.000000 0.000000 0.000000 0.000000 0.000000 0.000000 0.000000 0.000000 0.000000 0.000000 0.000000 0.000000 0.000000 0.000000 0.000000 0.000000 0.000000 0.000000 
0.000000 0.000000 0.000000 0.000000 0.000000 0.000000 0.000000 0.000000 0.000000 0.000000 0.000000 0.000000 0.000000 0.000000 0.000000 0.000000 0.000000 0.000000 0.000000 0.000000 0.000000 0.000000 0.000000 0.000000 0.000000 0.000000 0.000000 0.000000 0.000000 0.000000 0.000000 0.000000 0.000000 0.000000 0.000000 0.000000 
0.000000 0.000000 0.000000 0.000000 0.000000 0.000000 0.000000 0.000000 0.000000 0.000000 0.000000 0.000000 0.000000 0.000000 0.000000 0.000000 0.000000 0.000000 0.000000 0.000000 0.000000 0.000000 0.000000 0.000000 0.000000 0.000000 0.000000 0.000000 0.000000 0.000000 0.000000 0.000000 0.000000 0.000000 0.000000 0.000000 

Z-17
0.000000 0.000000 0.000000 0.000000 0.000000 0.000000 0.000000 0.000000 0.000000 0.000000 0.000000 0.000000 0.000000 0.000000 0.000000 0.000000 0.000000 0.000000 0.000000 0.000000 0.000000 0.000000 0.000000 0.000000 0.000000 0.000000 0.000000 0.000000 0.000000 0.000000 0.000000 0.000000 0.000000 0.000000 0.000000 0.000000 
0.000000 0.000000 0.000000 0.000000 0.000000 0.000000 0.000000 0.000000 0.000000 0.000000 0.000000 0.000000 0.000000 0.000000 0.000000 0.000000 0.000000 0.000000 0.459153 0.801985 0.765574 1.099847 1.388849 1.447008 0.605649 0.000000 1.151055 0.000000 0.000000 0.000000 0.000000 0.000000 0.000000 0.000000 0.000000 0.000000 
0.000000 0.000000 0.000000 0.000000 0.000000 0.000000 0.000000 0.000000 0.000000 0.000000 0.000000 0.000000 0.000000 0.000000 0.000000 0.000000 1.927884 1.602752 1.755720 2.015079 2.011508 1.441326 2.435776 2.843524 2.215699 2.081814 2.633255 1.113542 0.000000 0.000000 0.000000 0.000000 0.000000 0.000000 0.000000 0.000000 
0.000000 0.000000 0.000000 0.000000 0.000000 0.000000 0.000000 0.000000 0.000000 0.000000 0.000000 0.000000 0.000000 0.000000 1.428736 0.000000 3.557754 2.409873 2.025634 2.722131 3.141384 2.494410 2.492091 3.434234 3.408536 2.805014 2.556361 2.042482 0.000000 0.000000 0.000000 0.000000 0.000000 0.000000 0.000000 0.000000 
0.000000 0.000000 0.000000 0.000000 0.000000 0.000000 0.000000 0.000000 0.000000 0.000000 0.000000 0.000000 0.000000 0.000000 1.884454 2.153838 2.709935 2.184636 2.146968 2.561043 3.492408 2.417293 2.666706 3.362716 3.226480 2.354552 0.000000 0.000000 0.000000 0.000000 0.000000 0.000000 0.000000 0.000000 0.000000 0.000000 
0.000000 0.000000 0.000000 0.000000 0.000000 0.000000 0.000000 0.000000 0.000000 0.000000 0.000000 0.000000 0.000000 0.000000 3.086209 2.863777 2.586426 1.901446 2.624959 2.727138 2.554576 1.863063 2.693276 2.097978 2.076201 2.519492 2.969961 1.774320 1.636926 0.000000 0.000000 0.000000 0.000000 0.000000 0.000000 0.000000 
0.000000 0.000000 0.000000 0.000000 0.000000 0.000000 0.000000 0.000000 0.000000 0.877447 0.000000 1.951901 2.432404 0.000000 0.000000 0.000000 2.483190 0.000000 0.000000 3.187209 2.614274 2.544312 2.813164 2.334732 1.927178 1.999204 2.153814 1.961791 1.552307 0.000000 0.000000 0.000000 0.000000 0.000000 0.000000 0.000000 
0.000000 0.000000 0.000000 0.000000 0.000000 0.821448 1.817388 0.000000 0.000000 0.000000 2.183134 2.454278 1.357871 1.189998 2.009658 0.000000 2.545883 0.000000 1.768220 1.852666 1.823028 2.787216 2.782716 2.123233 2.181738 1.915509 1.388449 2.805842 1.926851 1.025908 0.000000 0.000000 0.000000 0.000000 0.000000 0.000000 
0.000000 0.000000 0.000000 0.000000 1.437680 1.526834 1.749699 2.679199 2.863859 2.279265 2.584152 3.203648 2.523270 1.911218 2.254025 2.599851 2.453816 2.660643 2.596152 3.447133 2.814603 2.426624 0.000000 2.712708 2.598841 2.955617 2.647084 2.652309 0.000000 0.922849 0.000000 0.000000 0.000000 0.000000 0.000000 0.000000 
0.000000 0.000000 0.000000 1.801533 1.602118 1.488089 2.200314 2.083830 2.599636 2.434257 2.793366 3.424148 2.460683 2.134594 1.976019 2.414253 2.817088 2.676546 3.118150 2.955675 2.744234 2.657771 2.364096 2.424956 2.683875 3.547324 2.560108 1.937361 1.053158 0.000000 0.000000 0.000000 0.000000 0.000000 0.000000 0.000000 
0.000000 0.000000 1.245345 1.524815 1.967694 2.648865 2.341600 2.126484 2.981157 2.613959 2.432235 2.012455 1.894574 1.680935 2.746885 2.551394 2.716461 2.416521 2.632891 2.738372 2.389083 2.162187 2.355443 2.192262 2.505386 3.202951 2.574089 1.842491 0.953780 0.000000 0.000000 0.000000 0.000000 0.000000 0.000000 0.000000 
0.000000 0.000000 1.914752 2.591484 2.559866 2.918252 3.035156 2.490111 2.106786 2.914379 2.543363 0.000000 1.637416 1.821321 2.806982 2.400260 2.563652 2.454398 2.320341 1.932112 2.308042 0.000000 0.000000 2.640248 2.890238 3.478706 2.866895 1.042337 0.000000 0.000000 0.000000 0.000000 0.000000 0.000000 0.000000 0.000000 
0.000000 0.000000 3.004898 2.736614 2.823564 0.000000 2.079090 2.312162 2.168851 2.316765 0.000000 0.000000 0.000000 1.564207 1.504076 1.402694 1.952959 1.788423 0.000000 0.000000 0.000000 0.000000 0.000000 0.000000 0.000000 2.687987 0.000000 0.000000 0.000000 0.000000 0.000000 0.000000 0.000000 0.000000 0.000000 0.000000 
0.000000 0.000000 2.210832 2.487482 1.958575 2.239444 2.088740 2.014334 2.137391 1.982289 1.851930 1.659604 0.000000 3.227999 0.000000 1.237566 0.000000 0.000000 0.000000 0.000000 0.000000 1.787183 1.792561 0.000000 0.000000 0.000000 0.000000 1.545122 0.000000 1.121439 0.000000 0.000000 0.000000 0.000000 0.000000 0.000000 
0.000000 2.584404 2.472430 2.134000 2.121235 2.394075 2.065458 2.115856 2.303536 2.432161 1.784984 1.420124 2.313671 2.954357 0.000000 0.000000 0.000000 0.000000 0.000000 0.000000 1.813384 1.680315 2.203367 0.000000 0.000000 1.493814 1.554944 1.837774 1.745585 0.000000 0.000000 0.000000 0.000000 0.000000 0.000000 0.000000 
0.000000 3.043402 2.029221 2.134609 2.627728 2.504896 2.549291 2.360871 2.268998 2.519525 2.145438 1.743500 0.000000 1.687092 1.847658 0.000000 0.000000 0.000000 0.000000 0.000000 1.765613 0.000000 0.000000 0.000000 0.000000 0.000000 1.526408 1.370889 1.409498 0.000000 1.101928 1.483515 0.977491 0.299188 0.000000 0.000000 
0.000000 2.335669 2.573542 1.804257 1.804257 2.417047 2.778437 2.420630 2.192212 2.096033 2.428343 2.550836 2.187842 1.219733 0.941001 0.000000 0.000000 0.000000 0.000000 0.000000 1.277792 0.000000 0.000000 0.000000 0.000000 0.000000 1.551502 1.459245 1.575768 1.528507 1.221100 1.583641 1.389848 0.317907 0.000000 0.000000 
0.000000 0.000000 0.000000 2.832189 2.381698 2.301878 2.926635 2.742171 2.175634 3.232884 3.555452 2.761245 1.805038 0.000000 0.000000 0.000000 0.000000 0.000000 0.000000 0.000000 0.000000 1.809601 0.000000 0.000000 0.000000 0.000000 1.136742 1.687558 1.566880 1.610614 1.130015 1.465397 0.000000 0.000000 0.000000 0.000000 
0.000000 0.000000 0.000000 1.812576 2.166487 2.382925 2.794146 2.779442 3.124548 4.073458 3.671265 2.265102 1.122169 0.000000 0.000000 1.284392 0.000000 0.000000 1.929463 1.837168 0.000000 1.705824 2.423349 0.000000 0.000000 0.000000 1.483563 1.471982 1.857600 1.692522 1.206973 1.516006 0.000000 0.000000 0.000000 0.000000 
0.000000 2.297755 2.424304 2.085152 2.256011 2.313033 2.784351 2.319840 3.120118 2.851352 2.545783 1.874330 1.984043 2.108786 1.810741 1.883772 0.000000 0.000000 0.000000 1.735193 2.321479 2.260632 1.636403 2.918795 0.000000 0.000000 0.000000 0.000000 0.000000 0.000000 0.000000 0.000000 0.000000 0.000000 0.000000 0.000000 
0.000000 2.413035 2.198336 0.000000 2.342680 2.708156 3.158924 2.921574 2.430721 2.259711 2.428109 2.241873 2.289519 2.862522 2.465526 2.536250 1.897983 2.042133 0.000000 0.000000 0.000000 1.831051 2.023700 2.820284 2.912652 0.000000 0.000000 0.000000 0.000000 0.000000 0.000000 0.000000 0.000000 0.000000 0.000000 0.000000 
0.000000 1.747834 1.691167 2.068901 2.575036 1.915045 3.066771 2.802491 2.825607 2.421761 1.928781 2.067755 1.937371 2.185578 2.638589 2.276637 2.453194 2.158028 0.000000 2.172404 0.000000 1.923227 2.396194 2.167248 1.800045 0.000000 1.313528 1.121738 0.000000 0.000000 0.000000 0.000000 0.000000 0.000000 0.000000 0.000000 
0.000000 0.000000 0.000000 0.000000 1.827226 2.200625 0.000000 1.758932 1.628615 2.026517 0.000000 2.383506 2.175270 2.532531 2.531589 2.739588 2.431335 2.015298 2.250761 0.000000 0.000000 2.037491 2.243449 2.051392 1.635185 1.673935 2.170723 0.000000 0.000000 0.000000 0.000000 0.000000 0.000000 0.000000 0.000000 0.000000 
0.000000 0.000000 1.420891 0.974619 0.000000 0.000000 0.862774 1.378429 0.000000 0.000000 0.000000 0.000000 2.628519 2.932427 2.386398 2.157857 2.081821 1.783785 1.704309 0.000000 1.542235 2.056602 2.379520 2.057030 1.609381 1.314208 1.921686 1.312126 0.000000 0.000000 0.000000 0.000000 0.000000 0.000000 0.000000 0.000000 
0.000000 0.000000 1.482119 2.222954 0.000000 0.000000 0.000000 0.000000 0.000000 0.000000 0.000000 0.000000 1.764660 2.272105 1.952293 2.037916 2.026197 2.003921 1.708141 1.513108 1.900104 1.936228 2.033758 1.949257 1.729276 1.469161 1.434521 1.776142 1.814788 0.000000 0.000000 0.000000 0.000000 0.000000 0.000000 0.000000 
0.000000 0.000000 0.000000 0.000000 0.000000 0.000000 0.000000 0.000000 0.000000 0.000000 0.000000 0.000000 0.000000 0.000000 0.000000 1.409989 1.401260 1.890877 1.967673 1.715628 2.079306 2.433812 1.814287 1.847266 1.722669 1.213233 0.000000 1.796887 0.000000 0.000000 0.000000 0.000000 0.000000 0.000000 0.000000 0.000000 
0.000000 0.000000 0.000000 0.000000 0.000000 0.000000 0.000000 0.000000 0.000000 0.000000 0.000000 0.000000 0.000000 0.000000 1.013088 0.698725 0.821889 1.067053 0.000000 0.000000 1.353150 2.023576 2.729947 1.792451 0.000000 0.000000 0.000000 0.000000 0.000000 0.000000 0.000000 0.000000 0.000000 0.000000 0.000000 0.000000 
0.000000 0.000000 0.000000 0.000000 0.000000 0.000000 0.000000 0.000000 0.000000 0.000000 0.000000 0.000000 0.000000 0.000000 0.000000 0.000000 0.000000 0.000000 0.000000 0.000000 0.000000 0.000000 1.129001 0.000000 0.000000 0.000000 0.000000 0.000000 0.000000 0.000000 0.000000 0.000000 0.000000 0.000000 0.000000 0.000000 
0.000000 0.000000 0.000000 0.000000 0.000000 0.000000 0.000000 0.000000 0.000000 0.000000 0.000000 0.000000 0.000000 0.000000 0.000000 0.000000 0.000000 0.000000 0.000000 0.000000 0.000000 0.000000 0.000000 0.000000 0.000000 0.000000 0.000000 0.000000 0.000000 0.000000 0.000000 0.000000 0.000000 0.000000 0.000000 0.000000 
0.000000 0.000000 0.000000 0.000000 0.000000 0.000000 0.000000 0.000000 0.000000 0.000000 0.000000 0.000000 0.000000 0.000000 0.000000 0.000000 0.000000 0.000000 0.000000 0.000000 0.000000 0.000000 0.000000 0.000000 0.000000 0.000000 0.000000 0.000000 0.000000 0.000000 0.000000 0.000000 0.000000 0.000000 0.000000 0.000000 
0.000000 0.000000 0.000000 0.000000 0.000000 0.000000 0.000000 0.000000 0.000000 0.000000 0.000000 0.000000 0.000000 0.000000 0.000000 0.000000 0.000000 0.000000 0.000000 0.000000 0.000000 0.000000 0.000000 0.000000 0.000000 0.000000 0.000000 0.000000 0.000000 0.000000 0.000000 0.000000 0.000000 0.000000 0.000000 0.000000 

Z-16
0.000000 0.000000 0.000000 0.000000 0.000000 0.000000 0.000000 0.000000 0.000000 0.000000 0.000000 0.000000 0.000000 0.000000 0.000000 0.000000 0.000000 0.000000 0.000000 0.000000 0.000000 0.000000 0.000000 0.000000 0.000000 0.000000 0.000000 0.000000 0.000000 0.000000 0.000000 0.000000 0.000000 0.000000 0.000000 0.000000 
0.000000 0.000000 0.000000 0.000000 0.000000 0.000000 0.000000 0.000000 0.000000 0.000000 0.000000 0.000000 0.000000 0.000000 0.000000 0.000000 0.407666 0.758706 0.629927 0.000000 0.984367 1.235653 1.359987 2.036582 0.000000 0.000000 0.000000 0.000000 0.000000 0.000000 0.000000 0.000000 0.000000 0.000000 0.000000 0.000000 
0.000000 0.000000 0.000000 0.000000 0.000000 0.000000 0.000000 0.000000 0.000000 0.000000 0.000000 0.000000 0.000000 0.000000 0.000000 0.000000 1.692539 2.782549 1.828012 2.032467 2.433633 2.358708 1.912271 0.000000 2.301037 2.339935 0.000000 0.000000 0.000000 0.000000 0.000000 0.000000 0.000000 0.000000 0.000000 0.000000 
0.000000 0.000000 0.000000 0.000000 0.000000 0.000000 0.000000 0.000000 0.000000 0.000000 0.000000 0.000000 0.000000 0.000000 0.000000 1.395487 2.271791 3.578009 2.626901 2.074708 2.651565 3.275675 1.945920 3.362835 3.390543 3.132091 1.996776 2.027725 0.000000 0.000000 0.000000 0.000000 0.000000 0.000000 0.000000 0.000000 
0.000000 0.000000 0.000000 0.000000 0.000000 0.000000 0.000000 0.000000 0.000000 0.000000 0.000000 0.000000 0.000000 1.478931 1.994880 2.585763 2.774760 2.562178 2.282779 2.329601 2.813331 2.594799 2.445554 2.952532 2.431335 2.298224 2.862426 2.427101 2.789140 0.000000 0.000000 0.000000 0.000000 0.000000 0.000000 0.000000 
0.000000 0.000000 0.000000 0.000000 0.000000 0.000000 0.000000 0.000000 0.000000 0.000000 0.000000 0.000000 0.000000 3.089424 3.456719 2.955209 2.611814 2.280306 2.184156 3.228962 3.274791 2.628977 2.526374 2.133467 1.948745 2.233782 2.822211 2.013964 1.621851 0.000000 0.000000 0.000000 0.000000 0.000000 0.000000 0.000000 
0.000000 0.000000 0.000000 0.000000 0.000000 0.000000 0.000000 0.000000 0.000000 0.000000 0.000000 1.646617 0.000000 2.644319 1.959594 1.710304 0.000000 2.544681 2.512110 2.807010 2.559688 2.160380 2.693981 2.620312 2.380317 1.971630 1.901039 2.153223 2.059102 1.178732 0.000000 0.000000 0.000000 0.000000 0.000000 0.000000 
0.000000 0.000000 0.000000 0.000000 0.000000 0.000000 0.000000 0.000000 1.573980 2.494169 2.640083 2.528835 2.619570 0.000000 1.854216 2.762789 0.000000 2.508002 0.000000 0.000000 0.000000 3.081511 0.000000 0.000000 3.228775 2.325512 3.568944 2.673210 2.322146 0.000000 0.000000 0.000000 0.000000 0.000000 0.000000 0.000000 
0.000000 0.000000 0.000000 0.000000 1.512301 1.566858 0.000000 0.000000 2.217040 2.759661 2.444646 3.115221 0.000000 2.966259 1.929331 2.238885 2.768441 2.512344 2.630067 2.115898 2.334800 2.229578 0.000000 2.353960 2.558990 3.544897 3.474671 2.405427 1.747348 0.000000 0.000000 0.000000 0.000000 0.000000 0.000000 0.000000 
0.000000 0.000000 0.000000 1.156418 1.481161 1.769033 1.467786 1.693255 2.268200 0.000000 2.519817 0.000000 0.000000 1.828686 0.000000 1.507647 2.562716 2.817088 2.608436 2.914983 2.823871 0.000000 2.182650 2.364308 2.576997 2.735586 2.739071 2.188383 1.371579 0.000000 0.000000 0.000000 0.000000 0.000000 0.000000 0.000000 
0.000000 0.000000 1.244932 0.000000 1.517688 2.855226 2.933163 3.007175 2.567647 2.679348 0.000000 0.000000 2.041040 1.687466 1.723128 1.753982 2.214156 2.464464 2.454398 2.390068 1.985321 0.000000 2.236721 2.424896 2.723248 2.969858 2.827014 2.329748 0.000000 0.000000 0.000000 0.000000 0.000000 0.000000 0.000000 0.000000 
0.000000 0.000000 1.753126 2.325698 2.577672 2.471292 3.019783 3.058059 2.750780 2.704196 2.526298 0.000000 0.000000 1.479137 1.669664 1.549021 1.847850 2.064608 1.732837 1.822624 2.358581 0.000000 1.978160 2.419232 2.643148 3.139941 3.080469 2.129579 1.080559 0.000000 0.000000 0.000000 0.000000 0.000000 0.000000 0.000000 
0.000000 0.000000 0.000000 2.136287 2.040477 2.587694 2.753658 2.716369 2.402635 2.096598 0.000000 0.000000 1.992248 1.994099 2.899068 1.331052 1.398121 1.645954 0.000000 0.000000 0.000000 0.000000 1.672405 2.302935 1.831238 2.209981 2.262829 0.000000 0.000000 0.000000 0.000000 0.000000 0.000000 0.000000 0.000000 0.000000 
0.000000 0.000000 2.324194 2.539313 2.389488 2.017028 2.293842 2.140025 2.238002 2.209073 1.799557 1.952192 2.316442 4.118668 3.080991 1.296815 1.289921 1.600598 0.000000 0.000000 0.000000 0.000000 0.000000 0.000000 0.000000 0.000000 0.000000 0.000000 0.000000 0.000000 0.000000 0.000000 0.000000 0.000000 0.000000 0.000000 
2.032623 2.280872 2.385871 2.702460 2.253026 1.953301 2.279419 2.103309 2.153114 1.986989 1.907937 1.830128 2.114039 0.000000 2.085263 0.000000 0.000000 2.329892 0.000000 0.000000 0.000000 0.000000 0.000000 0.000000 0.000000 0.000000 1.226222 1.501962 0.000000 0.000000 0.000000 0.000000 0.000000 0.000000 0.000000 0.000000 
1.774169 1.961284 0.000000 2.421802 2.385787 2.449181 2.405555 2.565760 2.440921 0.000000 0.000000 1.803954 0.000000 1.968514 1.805786 0.000000 0.000000 0.000000 0.000000 0.000000 0.000000 0.000000 0.000000 0.000000 0.000000 1.208064 0.000000 1.246748 0.000000 0.000000 0.000000 0.000000 1.220815 0.675432 0.000000 0.000000 
0.000000 1.665266 2.940254 3.043402 2.323791 2.216828 2.630703 2.684796 3.102094 2.091406 2.332353 2.859605 2.595704 0.000000 0.000000 0.000000 0.000000 0.000000 0.000000 0.000000 0.000000 0.000000 0.000000 0.000000 0.000000 1.711002 0.775611 1.209181 1.502746 1.723137 1.558658 0.000000 0.863981 0.498335 0.000000 0.000000 
0.000000 0.000000 0.000000 2.127204 2.798736 2.035103 2.157410 3.116613 3.116613 3.528912 3.807977 3.106422 2.291192 1.189446 1.295854 0.000000 0.000000 0.000000 0.000000 0.000000 0.000000 0.000000 0.000000 0.000000 0.000000 0.000000 1.072636 1.240897 1.621550 1.596484 1.279654 1.247486 1.116906 0.796584 0.000000 0.000000 
0.000000 0.000000 0.000000 0.000000 2.465399 2.180862 2.391429 2.746530 3.404410 3.448770 3.328869 2.842273 1.788275 2.352476 2.043630 1.740902 0.000000 0.000000 0.000000 0.000000 0.000000 0.000000 0.000000 0.000000 0.000000 0.000000 2.028386 1.515510 1.534412 0.000000 1.144179 1.366575 1.638159 1.051374 0.000000 0.000000 
0.000000 1.749721 1.914280 2.539012 1.894631 1.812576 2.669723 2.708787 2.981803 3.041407 2.890162 2.767923 2.150699 2.236169 1.825324 0.000000 0.000000 0.000000 0.000000 0.000000 0.000000 0.000000 0.000000 2.136603 0.000000 0.000000 0.000000 0.000000 0.000000 0.000000 1.058191 1.399354 1.657116 0.000000 0.000000 0.000000 
0.000000 0.000000 2.542348 2.817485 2.456013 2.282765 2.657238 3.027334 2.941973 2.319498 2.329635 1.780699 1.941782 1.958745 0.000000 1.716164 2.043676 0.000000 1.713086 0.000000 0.000000 1.927242 1.970271 2.445343 0.000000 0.000000 0.000000 0.000000 0.000000 0.000000 0.000000 0.000000 0.000000 0.000000 0.000000 0.000000 
0.000000 0.000000 1.899221 2.181865 2.425464 2.613714 2.818870 3.020204 0.000000 2.493795 2.111688 2.152418 2.066817 1.846575 2.344322 2.249980 2.607024 0.000000 2.167703 2.034526 0.000000 1.694011 1.807359 1.981804 1.598795 2.206050 1.819203 1.471874 0.000000 0.000000 0.000000 0.000000 0.000000 0.000000 0.000000 0.000000 
0.000000 0.000000 1.001076 1.120555 1.872470 2.811527 2.520286 1.956231 2.089707 2.070994 2.770599 2.444259 2.200965 2.650373 2.362141 2.454221 2.297810 2.311637 2.636290 0.000000 2.126415 2.013429 2.028716 2.483408 2.114179 1.801790 1.608437 0.000000 0.000000 1.566534 1.512049 0.000000 0.000000 0.000000 0.000000 0.000000 
0.000000 0.000000 0.000000 0.000000 0.000000 0.000000 0.000000 0.000000 1.458201 1.040702 1.779176 2.326485 2.819370 2.682500 2.418001 2.413957 2.383455 2.423855 2.294246 2.201491 2.207578 2.370231 2.264021 2.427555 2.612420 2.179375 1.439557 1.587467 0.000000 1.839322 1.760205 1.144035 0.000000 0.000000 0.000000 0.000000 
0.000000 0.000000 0.000000 0.000000 0.000000 0.000000 0.000000 0.000000 0.638717 0.000000 1.436017 1.414206 0.000000 2.341456 2.524132 2.398372 2.118695 2.761058 1.804070 1.869418 1.827761 1.852009 2.057284 2.477055 2.247850 1.953420 1.432186 0.000000 0.000000 1.078578 1.070124 0.000000 0.000000 0.000000 0.000000 0.000000 
0.000000 0.000000 0.000000 0.000000 0.000000 0.000000 0.000000 0.000000 0.000000 0.779590 0.954935 1.243669 0.000000 1.827324 1.693188 1.667213 1.760211 2.103889 2.243263 1.878555 1.698969 2.174029 2.071283 1.946864 1.912148 1.472911 1.570429 0.000000 0.000000 0.000000 0.000000 0.000000 0.000000 0.000000 0.000000 0.000000 
0.000000 0.000000 0.000000 0.000000 0.000000 0.000000 0.000000 0.000000 0.000000 0.000000 0.741800 0.000000 0.000000 0.000000 1.330363 1.565299 1.333274 1.217607 0.000000 1.180690 1.301035 1.904243 2.608801 1.993598 1.135784 0.000000 0.000000 0.000000 0.000000 0.000000 0.000000 0.000000 0.000000 0.000000 0.000000 0.000000 
0.000000 0.000000 0.000000 0.000000 0.000000 0.000000 0.000000 0.000000 0.000000 0.000000 0.000000 0.000000 0.000000 0.000000 0.000000 0.000000 0.720596 0.288538 0.000000 0.000000 0.811627 0.969800 1.430398 0.000000 0.000000 0.000000 0.000000 0.000000 0.000000 0.000000 0.000000 0.000000 0.000000 0.000000 0.000000 0.000000 
0.000000 0.000000 0.000000 0.000000 0.000000 0.000000 0.000000 0.000000 0.000000 0.000000 0.000000 0.000000 0.000000 0.000000 0.000000 0.000000 0.000000 0.000000 0.000000 0.000000 0.000000 0.000000 0.000000 0.000000 0.000000 0.000000 0.000000 0.000000 0.000000 0.000000 0.000000 0.000000 0.000000 0.000000 0.000000 0.000000 
0.000000 0.000000 0.000000 0.000000 0.000000 0.000000 0.000000 0.000000 0.000000 0.000000 0.000000 0.000000 0.000000 0.000000 0.000000 0.000000 0.000000 0.000000 0.000000 0.000000 0.000000 0.000000 0.000000 0.000000 0.000000 0.000000 0.000000 0.000000 0.000000 0.000000 0.000000 0.000000 0.000000 0.000000 0.000000 0.000000 
0.000000 0.000000 0.000000 0.000000 0.000000 0.000000 0.000000 0.000000 0.000000 0.000000 0.000000 0.000000 0.000000 0.000000 0.000000 0.000000 0.000000 0.000000 0.000000 0.000000 0.000000 0.000000 0.000000 0.000000 0.000000 0.000000 0.000000 0.000000 0.000000 0.000000 0.000000 0.000000 0.000000 0.000000 0.000000 0.000000 

Z-15
0.000000 0.000000 0.000000 0.000000 0.000000 0.000000 0.000000 0.000000 0.000000 0.000000 0.000000 0.000000 0.000000 0.000000 0.000000 0.000000 0.000000 0.000000 0.000000 0.000000 0.000000 0.487201 0.000000 0.000000 0.000000 0.000000 0.000000 0.000000 0.000000 0.000000 0.000000 0.000000 0.000000 0.000000 0.000000 0.000000 
0.000000 0.000000 0.000000 0.000000 0.000000 0.000000 0.000000 0.000000 0.000000 0.000000 0.000000 0.000000 0.000000 0.000000 0.000000 0.000000 0.000000 0.000000 0.000000 0.000000 0.000000 1.273922 1.313297 0.000000 0.000000 0.000000 0.000000 0.000000 0.000000 0.000000 0.000000 0.000000 0.000000 0.000000 0.000000 0.000000 
0.000000 0.000000 0.000000 0.000000 0.000000 0.000000 0.000000 0.000000 0.000000 0.000000 0.000000 0.000000 0.000000 0.000000 0.585924 0.468913 0.000000 2.236364 2.931623 2.433439 2.319200 2.768749 2.517812 1.741094 0.000000 0.000000 0.000000 0.000000 0.000000 0.000000 0.000000 0.000000 0.000000 0.000000 0.000000 0.000000 
0.000000 0.000000 0.000000 0.000000 0.000000 0.000000 0.000000 0.000000 0.000000 0.000000 0.000000 0.000000 0.000000 1.132484 1.132413 1.076250 1.650223 2.006919 2.519261 0.000000 1.993612 2.913527 3.111101 2.434913 2.967605 0.000000 0.000000 0.000000 0.000000 0.000000 0.000000 0.000000 0.000000 0.000000 0.000000 0.000000 
0.000000 0.000000 0.000000 0.000000 0.000000 0.000000 0.000000 0.000000 0.000000 0.000000 0.000000 0.000000 0.000000 1.315047 2.498231 3.036661 3.036503 2.819941 2.523843 1.692829 2.493630 2.778221 2.644155 2.758997 2.026474 1.933723 0.000000 0.000000 0.000000 0.000000 0.000000 0.000000 0.000000 0.000000 0.000000 0.000000 
0.000000 0.000000 0.000000 0.000000 0.000000 0.000000 0.000000 0.000000 0.000000 0.000000 0.000000 0.000000 0.000000 1.756038 2.495886 2.320575 2.341387 2.526860 2.523241 2.451111 3.174517 2.926041 3.489500 2.824581 2.153190 1.821787 1.840974 2.073333 2.070075 1.257643 0.000000 0.000000 0.000000 0.000000 0.000000 0.000000 
0.000000 0.000000 0.000000 0.000000 0.000000 0.000000 0.000000 0.000000 0.000000 0.000000 0.000000 0.000000 0.000000 3.151684 3.020025 1.670401 1.817718 2.611079 0.000000 2.427647 1.762227 3.067162 0.000000 0.000000 2.623120 2.607080 2.300942 1.902417 2.787918 1.551662 0.000000 0.000000 0.000000 0.000000 0.000000 0.000000 
0.000000 0.000000 0.000000 0.000000 0.000000 0.000000 0.000000 0.000000 1.012742 1.397500 1.984557 0.000000 2.707290 3.521529 3.322124 2.875063 3.018639 2.721368 0.000000 1.990420 2.445789 3.350659 0.000000 2.441328 2.822117 3.245478 3.768588 3.114136 2.153828 1.277951 0.000000 0.000000 0.000000 0.000000 0.000000 0.000000 
0.000000 0.000000 0.000000 0.000000 0.000000 0.000000 0.000000 0.794200 1.220098 0.000000 2.027928 0.000000 0.000000 3.333571 2.070928 1.765588 2.158032 2.678486 2.282425 2.203807 2.053688 2.322144 2.258673 2.157236 2.553140 2.839689 3.710912 2.932066 1.913365 0.728586 0.000000 0.000000 0.000000 0.000000 0.000000 0.000000 
0.000000 0.000000 0.000000 0.000000 0.000000 0.000000 1.648618 1.736402 2.106178 1.973886 0.000000 0.000000 0.000000 2.637158 1.532876 1.604084 2.443657 0.000000 2.672270 2.298530 2.208786 2.064585 2.146458 2.244932 2.373360 2.914902 3.249048 2.843579 1.455664 0.812486 0.000000 0.000000 0.000000 0.000000 0.000000 0.000000 
0.000000 0.000000 0.000000 0.000000 0.000000 2.007435 2.798019 2.406950 2.401931 2.508580 0.000000 0.000000 2.701773 2.313741 1.708031 1.410875 1.669969 0.000000 2.153633 1.988971 1.772249 0.000000 2.276555 2.238599 2.542777 3.170545 3.620114 3.096665 0.800449 0.000000 0.000000 0.000000 0.000000 0.000000 0.000000 0.000000 
0.000000 0.000000 1.163729 1.577673 2.314778 2.359357 2.340042 3.074207 2.421120 1.945096 2.217962 0.000000 2.167796 1.884887 1.778184 1.873136 1.308158 0.000000 1.671554 0.000000 0.000000 2.923066 1.968772 1.748245 2.291537 2.403123 2.230204 1.958640 1.472025 0.000000 0.000000 0.000000 0.000000 0.000000 0.000000 0.000000 
0.000000 1.759229 1.555911 2.364433 2.166666 1.959159 1.774909 2.144103 2.716617 2.250879 1.762971 0.000000 2.232700 2.162247 2.963051 2.913481 1.304558 0.000000 0.000000 0.000000 0.000000 0.000000 1.640937 1.724636 2.223529 1.984059 1.900976 1.645788 1.924428 0.000000 0.000000 0.000000 0.000000 0.000000 0.000000 0.000000 
1.900194 1.881826 2.130519 0.000000 2.342736 2.096030 1.960534 2.108880 2.415522 0.000000 0.000000 0.000000 0.000000 1.851023 2.098645 1.765222 1.177361 0.000000 0.000000 0.000000 0.000000 0.000000 0.000000 1.948807 2.045525 2.070295 0.000000 0.000000 0.000000 0.000000 0.000000 0.000000 0.000000 0.000000 0.000000 0.000000 
1.889929 2.394564 1.773796 2.003627 2.237076 2.307572 2.219007 2.453161 2.326925 0.000000 0.000000 1.294422 0.000000 0.000000 2.110024 0.000000 0.000000 0.000000 0.000000 0.000000 0.000000 0.000000 0.000000 0.000000 0.000000 0.000000 1.524565 1.807227 0.000000 0.000000 0.000000 0.000000 0.000000 0.000000 0.000000 0.000000 
0.000000 1.971999 1.838225 1.940573 2.615007 2.612049 2.300339 2.194820 2.566448 0.000000 1.557326 1.742531 0.000000 2.040897 2.051253 0.000000 0.000000 0.000000 0.000000 0.000000 0.000000 0.000000 0.000000 0.000000 0.000000 1.800940 0.000000 0.956124 0.000000 0.000000 1.184744 0.000000 0.000000 0.000000 0.000000 0.000000 
0.000000 1.755331 1.861251 2.537313 2.169060 2.335576 2.803634 2.306697 2.805801 2.488042 1.905771 2.711983 2.842564 0.000000 0.000000 0.000000 0.000000 0.000000 0.000000 0.000000 0.000000 0.000000 0.000000 0.000000 0.000000 1.982701 0.000000 0.000000 0.000000 1.479106 1.451348 0.000000 0.000000 0.000000 0.000000 0.000000 
2.140537 2.427699 0.000000 1.610562 2.599231 2.610719 2.872819 2.460490 3.137364 3.061313 3.164758 2.757045 2.536410 0.000000 0.000000 0.000000 0.000000 0.000000 0.000000 0.000000 0.000000 0.000000 0.000000 0.000000 0.000000 0.000000 0.000000 0.000000 0.000000 1.181570 0.000000 1.100897 0.000000 0.000000 0.000000 0.000000 
0.000000 0.000000 0.000000 1.262968 2.279305 2.440820 2.830303 1.885636 2.874989 3.265521 3.492165 3.170628 2.516338 2.164410 1.858167 0.000000 0.000000 0.000000 0.000000 0.000000 1.377431 0.000000 2.560888 0.000000 0.000000 0.000000 0.000000 0.000000 0.000000 0.908406 1.135906 1.440167 1.105214 0.000000 0.000000 0.000000 
0.000000 1.643772 1.470687 0.000000 2.494199 1.889791 2.001719 2.452332 2.854255 2.971079 2.728778 2.509165 1.817662 2.022955 1.838981 1.366348 1.750451 0.000000 0.000000 0.000000 2.022345 2.001018 2.093774 3.063666 0.000000 0.000000 0.000000 0.000000 0.000000 0.000000 1.142910 1.442337 1.554628 0.000000 0.000000 0.000000 
0.000000 2.658107 2.614035 2.294235 2.222323 1.974832 2.335825 2.570102 2.739561 2.399301 2.508528 2.561285 2.666783 2.730611 1.701452 1.993917 2.050220 2.055125 2.256776 0.000000 0.000000 2.176431 1.808467 2.154297 0.000000 2.173807 2.015718 2.607055 0.000000 0.000000 0.000000 0.000000 0.000000 0.000000 0.000000 0.000000 
0.000000 0.000000 1.499453 0.000000 2.859530 2.350605 3.145051 2.842865 0.000000 1.776114 1.891405 2.249159 2.568656 2.341372 2.763656 2.115198 1.848467 0.000000 0.000000 1.902060 0.000000 2.274716 2.289502 2.369765 2.522538 2.853315 2.687938 2.042282 0.000000 0.000000 0.000000 0.000000 0.000000 0.000000 0.000000 0.000000 
0.000000 0.000000 0.109645 0.000000 2.487338 3.115054 3.583756 2.547927 1.728634 1.783823 1.869298 2.647966 0.000000 2.241985 2.522063 2.108830 2.297884 2.028701 2.513445 2.291326 2.143284 2.231727 2.039563 1.844052 2.086440 2.666109 2.652297 1.558898 1.503055 1.275493 0.000000 0.000000 0.000000 0.000000 0.000000 0.000000 
0.000000 0.000000 0.000000 0.000000 1.194678 0.000000 1.666029 2.045507 1.905687 1.241546 1.891501 2.470651 2.223756 2.044962 2.627793 2.325894 2.199880 2.233800 2.545491 0.000000 3.110100 2.517809 2.284882 2.021559 2.760724 2.612420 1.827815 1.644364 1.308515 1.084490 0.000000 0.000000 0.000000 0.000000 0.000000 0.000000 
0.000000 0.000000 0.000000 0.000000 0.000000 0.000000 0.902049 1.094782 1.293438 1.483035 1.393551 1.120342 0.000000 2.172533 2.606520 2.571174 2.358293 2.487532 2.931382 2.243206 2.321429 2.327437 2.391799 2.244749 2.332596 2.767850 3.128966 0.000000 1.689834 1.104115 0.000000 0.000000 0.000000 0.000000 0.000000 0.000000 
0.000000 0.000000 0.000000 0.000000 0.000000 0.000000 0.000000 0.000000 0.000000 0.000000 0.808716 1.037204 0.000000 1.372038 1.953258 2.229833 2.268839 2.172680 2.049689 2.245360 1.737991 0.000000 1.777013 2.026200 2.237686 2.221962 2.499463 0.000000 1.417154 0.000000 0.000000 0.000000 0.000000 0.000000 0.000000 0.000000 
0.000000 0.000000 0.000000 0.000000 0.000000 0.000000 0.000000 0.000000 0.000000 0.000000 0.511196 0.000000 0.000000 1.274336 1.265938 1.398966 1.728624 1.672453 1.609465 0.000000 1.604369 0.000000 0.000000 0.000000 1.710036 1.495019 0.000000 0.000000 0.000000 0.000000 0.000000 0.000000 0.000000 0.000000 0.000000 0.000000 
0.000000 0.000000 0.000000 0.000000 0.000000 0.000000 0.000000 0.000000 0.000000 0.000000 0.000000 0.000000 0.000000 0.000000 0.000000 1.025574 0.806627 1.249488 0.898752 0.000000 0.841040 1.104414 0.000000 0.000000 0.000000 0.000000 0.000000 0.000000 0.000000 0.000000 0.000000 0.000000 0.000000 0.000000 0.000000 0.000000 
0.000000 0.000000 0.000000 0.000000 0.000000 0.000000 0.000000 0.000000 0.000000 0.000000 0.000000 0.000000 0.000000 0.000000 0.000000 0.000000 0.272567 0.000000 0.000000 0.000000 0.000000 0.000000 0.000000 0.000000 0.000000 0.000000 0.000000 0.000000 0.000000 0.000000 0.000000 0.000000 0.000000 0.000000 0.000000 0.000000 
0.000000 0.000000 0.000000 0.000000 0.000000 0.000000 0.000000 0.000000 0.000000 0.000000 0.000000 0.000000 0.000000 0.000000 0.000000 0.000000 0.000000 0.000000 0.000000 0.000000 0.000000 0.000000 0.000000 0.000000 0.000000 0.000000 0.000000 0.000000 0.000000 0.000000 0.000000 0.000000 0.000000 0.000000 0.000000 0.000000 
0.000000 0.000000 0.000000 0.000000 0.000000 0.000000 0.000000 0.000000 0.000000 0.000000 0.000000 0.000000 0.000000 0.000000 0.000000 0.000000 0.000000 0.000000 0.000000 0.000000 0.000000 0.000000 0.000000 0.000000 0.000000 0.000000 0.000000 0.000000 0.000000 0.000000 0.000000 0.000000 0.000000 0.000000 0.000000 0.000000 

Z-14
0.000000 0.000000 0.000000 0.000000 0.000000 0.000000 0.000000 0.000000 0.000000 0.000000 0.000000 0.000000 0.000000 0.000000 0.000000 0.000000 0.000000 0.000000 0.000000 0.000000 0.000000 0.000000 0.000000 0.000000 0.000000 0.000000 0.000000 0.000000 0.000000 0.000000 0.000000 0.000000 0.000000 0.000000 0.000000 0.000000 
0.000000 0.000000 0.000000 0.000000 0.000000 0.000000 0.000000 0.000000 0.000000 0.000000 0.000000 0.000000 0.000000 0.000000 0.000000 0.000000 0.000000 0.386903 1.069710 0.000000 0.000000 0.000000 1.513917 0.000000 0.000000 0.000000 0.000000 0.000000 0.000000 0.000000 0.000000 0.000000 0.000000 0.000000 0.000000 0.000000 
0.000000 0.000000 0.000000 0.000000 0.000000 0.000000 0.000000 0.000000 0.000000 0.000000 0.000000 0.000000 0.000000 0.000000 1.133579 0.000000 0.000000 1.246811 2.076583 3.295392 2.403261 2.218459 2.796741 2.852801 1.484529 0.000000 0.000000 0.000000 0.000000 0.000000 0.000000 0.000000 0.000000 0.000000 0.000000 0.000000 
0.000000 0.000000 0.000000 0.000000 0.000000 0.000000 0.000000 0.000000 0.000000 0.000000 0.000000 0.000000 0.000000 0.617536 1.204618 1.524481 0.000000 0.000000 2.420051 2.311615 1.985772 2.312815 2.666087 2.055526 2.706953 0.000000 0.000000 0.000000 0.000000 0.000000 0.000000 0.000000 0.000000 0.000000 0.000000 0.000000 
0.000000 0.000000 0.000000 0.000000 0.000000 0.000000 0.000000 0.000000 0.000000 0.000000 0.000000 0.000000 0.000000 0.777621 1.289211 2.622772 3.239339 0.000000 2.483713 2.051173 2.175211 3.288514 3.106975 2.483668 2.306196 0.000000 0.000000 0.000000 0.000000 0.000000 0.000000 0.000000 0.000000 0.000000 0.000000 0.000000 
0.000000 0.000000 0.000000 0.000000 0.000000 0.000000 0.000000 0.000000 0.000000 0.000000 0.000000 0.000000 1.766878 1.973154 2.103113 2.724544 1.838943 1.966804 2.421483 2.614481 2.456887 2.685431 3.344931 3.941157 2.940994 2.476981 1.634149 0.000000 0.000000 0.000000 0.000000 0.000000 0.000000 0.000000 0.000000 0.000000 
0.000000 0.000000 0.000000 0.000000 0.000000 0.000000 0.000000 0.000000 0.000000 0.000000 0.000000 0.000000 3.015438 3.177639 3.520563 3.268392 2.900455 0.000000 0.000000 2.531297 1.817653 2.224022 3.465983 2.769401 2.600762 2.866086 0.000000 2.622558 0.000000 0.000000 0.000000 0.000000 0.000000 0.000000 0.000000 0.000000 
0.000000 0.000000 0.000000 0.000000 0.000000 0.000000 0.000000 0.000000 0.000000 0.000000 0.000000 0.000000 2.268393 3.403704 3.998556 2.857518 2.132418 0.000000 0.000000 2.542127 2.367941 2.344848 2.094172 2.102649 2.355252 2.607949 2.929246 3.163532 2.294138 1.328538 0.000000 0.000000 0.000000 0.000000 0.000000 0.000000 
0.000000 0.000000 0.000000 0.000000 0.000000 0.000000 0.000000 0.000000 0.000000 0.000000 0.000000 0.000000 2.639099 3.733054 2.682844 1.894584 1.559109 2.588333 0.000000 0.000000 3.219661 2.520039 2.304039 2.182843 2.220737 2.408056 2.928331 3.520227 2.233629 1.001146 0.000000 0.000000 0.000000 0.000000 0.000000 0.000000 
0.000000 0.000000 0.000000 0.000000 0.000000 0.000000 1.467243 1.717787 0.000000 0.000000 0.000000 0.000000 0.000000 3.231999 2.454661 1.938535 1.733348 0.000000 2.035817 2.115758 2.089328 1.786742 2.308905 2.229128 2.327010 2.828655 3.661387 3.973225 2.500717 0.695514 0.000000 0.000000 0.000000 0.000000 0.000000 0.000000 
1.661841 2.557196 1.736855 1.017557 0.000000 0.000000 2.438668 2.718079 0.000000 0.000000 0.000000 0.000000 2.200211 2.559532 2.381423 1.773060 1.939942 0.000000 1.247609 0.000000 1.722077 2.301589 2.696186 2.015853 1.988918 2.380543 2.587153 2.663897 1.977889 0.000000 0.000000 0.000000 0.000000 0.000000 0.000000 0.000000 
1.063995 1.370810 1.496441 1.444354 1.617739 0.000000 2.067441 1.989693 0.000000 0.000000 0.000000 0.000000 1.514520 2.311845 2.768610 2.939244 2.474087 0.000000 0.000000 0.000000 0.000000 0.000000 2.266065 1.553673 2.102254 2.058032 2.300294 1.775051 0.000000 1.960681 0.000000 0.000000 0.000000 0.000000 0.000000 0.000000 
1.235372 1.611120 1.836474 1.819003 2.055868 1.945289 2.233106 2.069595 1.977826 0.000000 1.342074 0.000000 1.741473 1.960518 2.030623 2.456062 1.923446 0.000000 0.000000 0.000000 0.000000 0.000000 0.000000 0.000000 2.350047 2.243578 1.885430 1.174099 1.775973 1.763939 0.000000 0.000000 0.000000 0.000000 0.000000 0.000000 
1.265378 1.905231 1.844379 2.031182 1.917585 1.748802 1.557487 1.937319 2.092521 1.784391 1.515896 0.000000 1.630598 1.725933 1.655507 1.918349 1.277474 0.000000 0.000000 0.000000 0.000000 0.000000 0.000000 1.118007 2.247251 1.946435 0.000000 0.000000 1.227380 0.000000 0.000000 0.000000 0.000000 0.000000 0.000000 0.000000 
2.066768 2.359476 2.692040 2.245742 1.703809 1.817905 2.141039 1.589705 1.706917 1.860506 0.000000 0.000000 0.000000 0.000000 2.506447 1.907329 0.654016 0.000000 0.000000 0.000000 0.000000 0.000000 0.000000 0.000000 0.000000 2.018282 0.000000 0.000000 0.000000 0.000000 0.000000 0.910412 0.000000 0.000000 0.000000 0.000000 
0.000000 1.901169 1.909235 1.994379 2.004183 2.238246 2.158946 2.422801 2.392806 2.148450 0.000000 0.000000 0.000000 0.000000 0.000000 0.000000 0.000000 0.000000 0.000000 0.000000 0.000000 0.000000 0.000000 0.000000 0.000000 0.000000 0.000000 0.000000 0.000000 0.000000 0.000000 0.815551 0.688502 0.000000 0.000000 0.000000 
2.051020 1.779638 2.177154 2.410897 2.097607 1.787835 2.533028 2.708980 2.356539 2.983894 1.729738 1.829705 1.992077 0.000000 0.000000 0.000000 0.000000 0.000000 0.000000 0.000000 0.000000 0.000000 0.000000 0.000000 0.000000 0.000000 0.000000 0.000000 0.000000 1.324116 0.000000 0.834230 0.000000 0.000000 0.000000 0.000000 
0.000000 0.000000 0.000000 1.263952 0.737345 0.000000 3.312901 2.699769 2.504229 2.739666 2.474665 2.276720 0.000000 1.298902 1.038746 0.000000 0.000000 0.000000 0.000000 0.000000 1.287657 1.012240 0.000000 0.000000 0.000000 0.000000 0.000000 0.000000 0.000000 0.903449 0.000000 0.863921 0.875659 0.000000 0.000000 0.000000 
0.000000 0.000000 0.000000 0.000000 0.000000 2.939987 3.446409 3.079262 2.441960 2.833161 2.923098 2.794794 2.126126 1.617421 1.669256 0.000000 0.000000 0.000000 0.000000 1.933713 1.779081 1.792527 1.604293 2.147461 1.818874 0.000000 1.517945 1.184852 0.000000 1.082916 0.000000 0.000000 1.174602 0.000000 0.000000 0.000000 
0.000000 1.870030 0.000000 0.000000 0.000000 1.742884 1.998609 2.404233 2.682367 2.721335 2.574544 2.456873 2.344864 2.749181 0.000000 1.510477 0.000000 0.000000 0.000000 1.966331 2.261595 2.108677 1.928421 2.307975 2.621121 1.954133 1.594195 1.479253 0.000000 1.554828 1.278591 0.000000 1.216568 0.000000 0.000000 0.000000 
0.000000 1.603755 0.000000 0.000000 1.818242 1.863577 1.901446 2.802849 2.765986 2.387244 1.872646 1.921763 1.925655 3.220443 2.393587 2.347134 0.000000 0.000000 0.000000 0.000000 2.169459 2.288785 2.343171 2.661452 3.279200 3.121297 2.315189 2.167548 1.637402 1.715437 1.596875 0.000000 0.000000 0.000000 0.000000 0.000000 
0.000000 0.000000 1.275918 1.852276 2.642818 2.664293 2.934001 3.141406 2.408271 1.792068 1.786817 1.538821 2.257069 2.696100 2.346099 0.000000 1.763775 0.000000 0.000000 0.000000 0.000000 2.564109 2.844436 2.616869 3.008420 2.862065 2.389177 2.180269 2.308413 1.730098 0.000000 0.000000 0.000000 0.000000 0.000000 0.000000 
0.000000 0.000000 0.000000 0.000000 2.099256 2.631485 3.130445 2.297814 1.875855 1.634721 1.388129 1.450850 1.988526 1.806895 2.076451 0.000000 2.041390 0.000000 1.651743 1.985652 0.000000 2.426153 0.000000 2.831046 2.812230 2.454583 2.898699 2.613131 2.273915 1.796041 1.026597 0.000000 0.000000 0.000000 0.000000 0.000000 
0.000000 0.000000 0.000000 0.000000 0.443022 1.009132 1.966415 0.000000 2.085501 1.880234 1.710987 1.779611 0.000000 1.684872 1.656554 2.380449 2.362376 2.060189 1.767356 0.000000 2.467524 2.172060 2.213793 2.379566 1.716946 2.086440 2.632478 2.904477 1.816568 1.339053 0.882270 0.884475 0.000000 0.000000 0.000000 0.000000 
0.000000 0.000000 0.000000 0.000000 0.000000 0.000000 0.930899 0.775659 1.453344 1.948685 1.838616 1.571015 0.000000 2.137174 2.043425 2.012488 2.377979 2.079609 0.000000 1.958777 2.681599 3.167683 2.583199 2.289112 2.010041 2.446732 2.767850 2.163382 1.413092 1.089904 1.014012 0.000000 0.000000 0.000000 0.000000 0.000000 
0.000000 0.000000 0.000000 0.000000 0.000000 0.000000 1.528324 0.690687 0.681146 0.787280 1.152749 1.482780 0.000000 1.442558 2.081039 2.469621 2.515823 2.393204 2.167982 1.902548 2.199547 2.379816 2.116436 2.388119 2.213530 2.350028 2.618500 1.989171 1.924958 1.444886 0.000000 0.000000 0.000000 0.000000 0.000000 0.000000 
0.000000 0.000000 0.000000 0.000000 0.000000 0.000000 0.000000 0.827861 0.632704 0.000000 0.536345 0.658897 0.000000 0.000000 1.141404 1.380470 1.962678 2.334489 2.352142 2.166190 1.616994 0.000000 1.674351 1.823376 1.908796 2.285681 2.260390 1.510464 1.094222 1.054431 0.000000 0.000000 0.000000 0.000000 0.000000 0.000000 
0.000000 0.000000 0.000000 0.000000 0.000000 0.000000 0.000000 0.000000 0.000000 0.000000 0.000000 0.000000 0.000000 0.000000 0.000000 1.228995 1.084436 1.386304 1.528877 1.370521 1.081272 0.000000 1.267076 1.652332 2.266832 1.806541 1.204690 1.279474 0.000000 0.000000 0.000000 0.000000 0.000000 0.000000 0.000000 0.000000 
0.000000 0.000000 0.000000 0.000000 0.000000 0.000000 0.000000 0.000000 0.000000 0.000000 0.000000 0.000000 0.000000 0.000000 0.000000 0.623149 1.083379 0.877235 0.882881 1.003148 0.000000 0.000000 0.000000 0.000000 2.039173 2.331151 0.000000 0.000000 0.000000 0.000000 0.000000 0.000000 0.000000 0.000000 0.000000 0.000000 
0.000000 0.000000 0.000000 0.000000 0.000000 0.000000 0.000000 0.000000 0.000000 0.000000 0.000000 0.000000 0.000000 0.000000 0.000000 0.000000 0.000000 0.000000 0.000000 0.000000 0.000000 0.000000 0.000000 0.000000 0.803405 1.467893 0.000000 0.000000 0.000000 0.000000 0.000000 0.000000 0.000000 0.000000 0.000000 0.000000 
0.000000 0.000000 0.000000 0.000000 0.000000 0.000000 0.000000 0.000000 0.000000 0.000000 0.000000 0.000000 0.000000 0.000000 0.000000 0.000000 0.000000 0.000000 0.000000 0.000000 0.000000 0.000000 0.000000 0.000000 0.000000 0.000000 0.000000 0.000000 0.000000 0.000000 0.000000 0.000000 0.000000 0.000000 0.000000 0.000000 

Z-13
0.000000 0.000000 0.000000 0.000000 0.000000 0.000000 0.000000 0.000000 0.000000 0.000000 0.000000 0.000000 0.000000 0.000000 0.000000 0.000000 0.000000 0.000000 0.000000 0.000000 0.000000 0.000000 0.000000 0.000000 0.000000 0.000000 0.000000 0.000000 0.000000 0.000000 0.000000 0.000000 0.000000 0.000000 0.000000 0.000000 
0.000000 0.000000 0.000000 0.000000 0.000000 0.000000 0.000000 0.000000 0.000000 0.000000 0.000000 0.000000 0.000000 0.000000 0.000000 0.000000 0.000000 0.352914 0.000000 1.567447 2.165203 1.658075 1.757070 1.823835 0.000000 0.000000 0.000000 0.000000 0.000000 0.000000 0.000000 0.000000 0.000000 0.000000 0.000000 0.000000 
0.000000 0.000000 0.000000 0.000000 0.000000 0.000000 0.000000 0.000000 0.000000 0.000000 0.000000 0.000000 0.000000 0.000000 0.000000 0.000000 0.000000 1.018156 1.317653 2.074364 2.346642 2.070049 2.068329 2.945513 2.784899 2.332967 2.654930 0.000000 0.000000 0.000000 0.000000 0.000000 0.000000 0.000000 0.000000 0.000000 
0.000000 0.000000 0.000000 0.000000 0.000000 0.000000 0.000000 0.000000 0.000000 0.000000 0.000000 0.000000 0.000000 0.505998 0.591761 0.000000 0.000000 2.573650 2.706906 2.509596 2.308990 1.899932 0.000000 2.149465 2.081707 2.267615 1.660103 0.000000 0.000000 0.000000 0.000000 0.000000 0.000000 0.000000 0.000000 0.000000 
0.000000 0.000000 0.000000 0.000000 0.000000 0.000000 0.000000 0.000000 0.000000 0.000000 0.000000 0.000000 0.000000 1.110887 1.184809 1.374655 2.163171 2.382827 1.975598 2.264510 2.447780 2.283625 2.944806 2.805252 2.988816 2.567994 1.755458 0.000000 0.000000 0.000000 0.000000 0.000000 0.000000 0.000000 0.000000 0.000000 
0.000000 0.000000 0.000000 0.000000 0.000000 0.000000 0.000000 0.000000 0.000000 0.000000 0.000000 0.897258 1.576556 2.532042 2.814963 3.017371 3.182419 2.443125 0.000000 2.489918 2.473362 2.259873 2.439297 3.784135 2.930266 2.844686 2.144714 0.000000 0.000000 0.000000 0.000000 0.000000 0.000000 0.000000 0.000000 0.000000 
0.000000 0.000000 0.000000 0.000000 0.000000 0.000000 0.000000 0.000000 0.000000 0.000000 0.000000 1.247567 2.022564 2.254897 2.526768 3.566295 3.992941 0.000000 0.000000 2.424118 2.284950 2.053541 3.162369 2.282945 2.190836 2.406232 0.000000 0.000000 2.674948 0.000000 0.000000 0.000000 0.000000 0.000000 0.000000 0.000000 
0.000000 0.000000 0.000000 0.000000 0.000000 0.000000 0.000000 0.000000 0.000000 0.951887 1.244994 2.263967 2.276142 2.379453 3.317931 3.721853 2.266650 0.000000 0.000000 2.419771 0.000000 2.614669 2.330787 2.270557 2.208169 2.329365 2.468440 2.434497 2.433456 1.795965 0.000000 0.000000 0.000000 0.000000 0.000000 0.000000 
0.000000 0.000000 0.000000 0.000000 0.000000 0.000000 0.000000 0.000000 1.272329 2.029074 3.022108 0.000000 2.603958 2.833500 3.336098 2.737591 1.963861 1.639531 0.000000 0.000000 2.671158 2.229883 1.761186 2.244617 2.281938 2.369714 2.875171 0.000000 2.550183 1.074943 0.000000 0.000000 0.000000 0.000000 0.000000 0.000000 
0.440896 0.672698 0.000000 0.000000 0.000000 0.000000 1.011156 0.000000 0.000000 1.671613 0.000000 0.000000 1.939421 2.410814 2.345784 2.485650 1.918270 1.823754 1.421075 0.000000 1.668360 1.676469 2.267300 2.666563 2.026596 2.023420 2.626386 0.000000 2.383150 0.000000 0.000000 0.000000 0.000000 0.000000 0.000000 0.000000 
0.947311 0.884470 0.934854 1.003365 0.000000 0.000000 1.791721 1.778305 0.000000 0.000000 0.000000 0.000000 1.188007 1.782038 2.188994 2.484117 2.436947 0.000000 0.000000 0.000000 1.604480 0.000000 3.198550 2.271723 1.462069 0.000000 1.629678 1.992038 1.504104 0.000000 1.536200 0.843104 0.961307 0.000000 0.000000 0.000000 
0.000000 0.000000 1.150691 0.000000 1.398540 0.000000 1.886860 0.000000 0.000000 0.000000 0.000000 0.000000 0.000000 1.063987 1.828747 2.220661 2.438911 0.000000 0.000000 0.000000 0.000000 0.000000 1.560616 1.410311 0.000000 0.000000 1.918496 1.791484 0.000000 0.000000 1.746650 1.188768 0.000000 0.000000 0.000000 0.000000 
0.000000 1.198253 1.628969 1.635573 1.845544 1.514869 1.446554 1.748408 1.619856 1.454836 0.000000 0.000000 1.317497 0.000000 1.416217 1.974948 2.031687 0.000000 0.000000 0.000000 0.000000 0.000000 0.000000 1.023105 0.000000 0.000000 1.746244 1.384873 0.000000 0.000000 1.737375 0.980033 0.000000 0.000000 0.000000 0.000000 
1.271418 1.816086 1.798359 2.023439 2.485756 2.078137 1.528886 1.860370 2.410934 1.680897 0.000000 0.000000 1.812177 1.427301 1.397923 2.291913 0.000000 0.000000 0.000000 0.000000 0.000000 0.000000 0.000000 0.000000 0.000000 0.000000 0.000000 0.000000 0.000000 0.000000 1.591504 1.085658 0.000000 0.000000 0.000000 0.000000 
0.000000 1.176074 2.369768 2.022824 1.902474 1.977103 2.251330 1.924368 1.977824 2.469598 1.594980 0.000000 0.000000 0.000000 0.000000 2.149516 0.000000 0.000000 0.000000 0.000000 0.000000 0.000000 0.000000 0.000000 0.000000 0.000000 0.000000 1.469912 1.339272 1.749819 1.492046 1.056269 0.900570 0.502734 0.000000 0.000000 
0.981308 1.789206 1.863814 2.191274 0.000000 2.244770 1.343713 1.620674 2.257509 1.894438 1.476896 0.000000 0.000000 0.000000 0.000000 0.000000 0.000000 0.000000 0.000000 0.000000 0.000000 0.000000 0.000000 0.000000 2.361944 1.992785 0.000000 2.094639 1.820395 1.558946 0.986083 0.791854 1.094916 0.000000 0.000000 0.000000 
0.000000 0.951708 1.372951 2.099255 1.737902 0.000000 1.316934 2.666907 3.180810 2.104474 2.065186 0.000000 0.000000 0.000000 0.000000 0.000000 0.000000 0.000000 0.000000 0.000000 0.000000 1.127677 0.000000 2.077534 1.766723 1.590040 1.496253 0.000000 0.000000 0.000000 0.000000 1.039036 1.100366 0.000000 0.000000 0.000000 
0.000000 0.979021 1.456919 0.000000 1.196922 2.965592 3.067425 3.104682 2.345275 2.402534 2.616513 0.000000 0.000000 1.519860 1.369272 0.995882 0.000000 0.000000 0.000000 0.000000 0.000000 2.029796 0.000000 0.000000 1.713847 1.539837 1.321643 1.220845 0.000000 0.000000 0.000000 1.029097 1.158318 0.000000 0.000000 0.000000 
0.000000 0.000000 0.000000 0.000000 0.000000 2.441443 2.267832 3.026385 2.831485 2.680770 2.936598 0.000000 1.723201 0.000000 1.291208 0.000000 0.000000 0.000000 0.000000 0.000000 0.000000 1.965892 1.843514 1.473478 2.139997 0.000000 1.347631 1.073765 0.000000 1.231831 0.000000 0.000000 0.000000 0.000000 0.000000 0.000000 
0.000000 0.000000 0.000000 0.000000 1.636280 1.760570 1.594131 2.452269 3.869063 3.707984 2.933074 1.887252 1.481030 1.203255 0.000000 1.556824 0.000000 0.000000 0.000000 0.000000 0.000000 1.932862 2.061995 2.058026 2.889056 1.822111 1.887787 1.603416 0.711392 1.302903 0.000000 0.000000 0.738609 0.000000 0.000000 0.000000 
0.000000 0.000000 0.000000 0.000000 1.490376 1.707486 1.958479 2.054798 2.687470 2.764254 1.992295 1.683027 0.000000 1.895798 2.531687 1.992897 0.000000 0.000000 0.000000 0.000000 2.403995 2.528897 2.643490 2.521556 3.011836 3.146051 2.169250 1.700150 1.172062 1.066550 0.000000 0.000000 0.000000 0.000000 0.000000 0.000000 
0.000000 0.000000 0.000000 0.000000 2.167478 2.203212 1.995451 1.435967 1.676225 1.954038 2.036754 1.902851 1.692093 1.807372 1.858899 0.000000 0.000000 0.000000 0.000000 1.847007 2.366190 2.502080 2.502069 2.667910 3.334088 3.913676 3.198320 2.332064 2.287153 1.692482 0.868764 0.000000 0.000000 0.000000 0.000000 0.000000 
0.000000 0.000000 0.000000 0.000000 1.830733 0.000000 2.222613 2.487388 1.942289 1.878859 1.705466 1.928600 0.000000 1.649809 0.000000 0.000000 1.884605 1.591654 1.705585 1.843272 0.000000 2.631371 2.707325 2.942815 3.309258 3.222518 3.078963 2.571414 2.600257 2.409110 1.141610 0.000000 0.000000 0.000000 0.000000 0.000000 
0.000000 0.000000 0.000000 0.000000 0.000000 0.000000 0.000000 2.607790 2.173169 1.948864 1.734921 1.503537 0.000000 1.453311 0.000000 0.000000 2.062244 1.981221 1.669732 1.669326 1.918779 2.137774 2.328182 3.007959 3.209968 2.981376 2.436859 2.860908 2.475642 1.998711 0.000000 0.000000 0.000000 0.000000 0.000000 0.000000 
0.000000 0.000000 0.000000 0.000000 0.000000 0.000000 0.000000 0.000000 1.457999 1.891527 1.420830 1.485719 1.746740 1.811203 0.000000 1.620951 1.708606 2.177892 1.736004 1.677934 1.896274 2.258593 2.177782 2.275787 2.508496 2.141455 2.086440 3.261935 0.000000 0.000000 1.156076 0.899420 0.000000 0.000000 0.000000 0.000000 
0.000000 0.000000 0.000000 0.000000 0.000000 0.000000 0.000000 0.000000 0.822075 0.603230 1.141567 1.994638 1.642890 0.000000 0.000000 2.440098 1.996204 1.956896 2.070651 1.920407 1.954629 2.679328 3.547048 2.698029 2.329007 2.053442 2.332601 2.848589 2.134720 0.000000 0.000000 0.908288 0.000000 0.000000 0.000000 0.000000 
0.000000 0.000000 0.000000 0.000000 0.000000 0.000000 0.000000 0.000000 1.412521 0.710555 0.611177 1.116823 0.000000 1.703041 1.123857 1.338522 2.061662 2.465160 2.403567 2.257212 2.022763 2.039889 1.912714 2.451426 2.309534 2.376646 2.315838 0.000000 0.000000 1.490570 1.171361 0.000000 0.000000 0.000000 0.000000 0.000000 
0.000000 0.000000 0.000000 0.000000 0.000000 0.000000 0.000000 0.000000 1.137153 0.846606 0.000000 0.000000 0.000000 0.595622 0.857679 1.150884 1.184419 1.652113 1.876653 0.000000 0.000000 0.000000 1.298975 1.723525 1.897747 1.939775 2.299854 0.000000 0.000000 1.031103 0.868237 0.000000 0.000000 0.000000 0.000000 0.000000 
0.000000 0.000000 0.000000 0.000000 0.000000 0.000000 0.000000 0.000000 0.838974 0.000000 0.000000 0.000000 0.000000 0.000000 0.000000 0.630074 1.058366 1.138887 1.114165 1.399582 1.189362 0.000000 0.000000 0.000000 0.000000 0.000000 0.000000 0.000000 0.000000 0.000000 0.000000 0.000000 0.000000 0.000000 0.000000 0.000000 
0.000000 0.000000 0.000000 0.000000 0.000000 0.000000 0.000000 0.000000 0.000000 0.000000 0.000000 0.000000 0.000000 0.000000 0.000000 0.000000 0.000000 0.000000 0.000000 0.599722 0.000000 0.000000 0.000000 0.000000 0.000000 1.636440 0.000000 0.000000 0.000000 0.000000 0.000000 0.000000 0.000000 0.000000 0.000000 0.000000 
0.000000 0.000000 0.000000 0.000000 0.000000 0.000000 0.000000 0.000000 0.000000 0.000000 0.000000 0.000000 0.000000 0.000000 0.000000 0.000000 0.000000 0.000000 0.000000 0.000000 0.000000 0.000000 0.000000 0.000000 0.000000 0.000000 0.000000 0.000000 0.000000 0.000000 0.000000 0.000000 0.000000 0.000000 0.000000 0.000000 

Z-12
0.000000 0.000000 0.000000 0.000000 0.000000 0.000000 0.000000 0.000000 0.000000 0.000000 0.000000 0.000000 0.000000 0.000000 0.000000 0.000000 0.000000 0.000000 0.000000 0.000000 0.516471 0.000000 0.000000 0.000000 0.000000 0.000000 0.000000 0.000000 0.000000 0.000000 0.000000 0.000000 0.000000 0.000000 0.000000 0.000000 
0.000000 0.000000 0.000000 0.000000 0.000000 0.000000 0.000000 0.000000 0.000000 0.000000 0.000000 0.000000 0.000000 0.000000 0.000000 0.000000 0.000000 0.000000 0.000000 0.894363 1.738955 0.000000 0.000000 1.857924 0.000000 0.000000 0.000000 0.000000 0.000000 0.000000 0.000000 0.000000 0.000000 0.000000 0.000000 0.000000 
0.000000 0.000000 0.000000 0.000000 0.000000 0.000000 0.000000 0.000000 0.000000 0.000000 0.000000 0.000000 0.000000 0.000000 0.000000 0.000000 0.000000 1.000792 1.513053 2.131360 2.223990 2.385980 0.000000 1.606066 0.000000 0.000000 2.125409 0.000000 0.000000 0.000000 0.000000 0.000000 0.000000 0.000000 0.000000 0.000000 
0.000000 0.000000 0.000000 0.000000 0.000000 0.000000 0.000000 0.000000 0.000000 0.000000 0.000000 0.000000 0.000000 0.000000 0.000000 0.000000 0.000000 1.642082 2.656356 2.646486 2.414913 2.389859 2.275522 2.488460 2.359464 2.112323 2.099382 0.000000 0.000000 0.000000 0.000000 0.000000 0.000000 0.000000 0.000000 0.000000 
0.000000 0.000000 0.000000 0.000000 0.000000 0.000000 0.000000 0.000000 0.000000 0.000000 0.000000 0.603834 0.000000 0.000000 1.353098 1.909491 0.000000 2.417285 0.000000 1.468537 2.559167 2.477929 2.544212 2.603727 3.677831 3.079129 2.633415 1.821437 0.000000 0.000000 0.000000 0.000000 0.000000 0.000000 0.000000 0.000000 
0.000000 0.000000 0.000000 0.000000 0.000000 0.000000 0.000000 0.000000 0.000000 0.000000 1.256288 1.181442 0.000000 1.205998 2.251320 2.673519 2.439235 0.000000 0.000000 2.102031 0.000000 0.000000 1.910685 2.511674 2.739415 2.368392 2.562863 1.378700 0.000000 0.000000 0.000000 0.000000 0.000000 0.000000 0.000000 0.000000 
0.000000 0.000000 0.000000 0.000000 0.000000 0.000000 0.000000 0.000000 0.000000 0.740018 0.966684 0.999994 0.000000 1.612817 2.211866 2.481160 3.185044 0.000000 0.000000 1.712594 2.246575 2.497667 2.819357 0.000000 1.986477 2.105226 2.053200 0.000000 0.000000 0.000000 0.000000 0.000000 0.000000 0.000000 0.000000 0.000000 
0.000000 0.000000 0.000000 0.000000 0.000000 0.000000 0.000000 0.000000 0.000000 1.081194 1.349380 2.045642 3.181602 3.316974 2.788327 3.010487 3.091927 0.000000 0.000000 2.144724 2.363629 2.628109 2.246558 1.999990 2.125122 2.204732 2.462305 0.000000 0.000000 2.259940 0.000000 0.000000 0.000000 0.000000 0.000000 0.000000 
0.000000 0.000000 0.000000 0.000000 0.000000 0.000000 0.000000 0.000000 0.000000 0.000000 0.000000 1.999691 2.638192 2.975527 2.506046 2.395522 2.169207 1.583690 0.000000 0.000000 1.313855 1.599004 1.713236 2.302557 2.618176 2.081886 2.019719 0.000000 0.000000 0.000000 0.000000 0.000000 0.000000 0.000000 0.000000 0.000000 
0.000000 0.000000 0.000000 0.000000 0.000000 0.000000 0.000000 0.000000 0.000000 0.000000 1.491614 1.934969 1.677267 1.014950 1.642819 0.000000 0.000000 0.000000 0.000000 0.000000 1.390644 1.593957 2.226290 3.099032 2.174392 1.355230 1.912751 0.000000 0.000000 0.000000 0.000000 0.000000 0.000000 0.000000 0.000000 0.000000 
0.000000 0.000000 0.957752 1.126507 0.000000 0.000000 1.356631 0.000000 0.000000 0.000000 1.468613 1.232142 0.000000 0.000000 1.049130 1.339158 1.898829 0.000000 0.000000 0.000000 1.245704 2.140588 2.375038 1.436690 1.268900 0.000000 1.510007 1.786176 0.000000 0.000000 0.000000 0.000000 0.000000 0.000000 0.000000 0.000000 
0.000000 2.831333 2.325441 0.000000 1.171217 0.000000 0.000000 0.000000 0.000000 0.000000 0.000000 0.000000 0.000000 0.000000 1.528987 1.315687 1.418768 0.000000 0.000000 0.000000 0.000000 1.678620 1.128786 1.050462 0.780455 0.000000 0.000000 0.000000 0.000000 0.000000 1.646695 0.000000 0.000000 0.000000 0.000000 0.000000 
1.838009 2.575009 3.300787 2.215704 1.430591 1.612662 0.000000 1.881013 0.000000 0.000000 0.000000 0.000000 0.000000 0.000000 1.306784 0.000000 0.000000 0.000000 0.000000 0.000000 0.000000 0.000000 0.000000 0.000000 0.000000 0.000000 1.994776 1.581998 0.000000 0.000000 1.973951 1.378151 0.000000 0.000000 0.000000 0.000000 
2.657834 1.478689 0.000000 1.146114 2.247197 2.284292 0.000000 0.000000 0.000000 1.757925 0.000000 0.000000 0.000000 0.000000 1.235815 1.686616 0.000000 0.000000 0.000000 0.000000 0.000000 0.000000 0.000000 0.000000 0.000000 0.000000 0.000000 0.000000 0.000000 0.000000 0.000000 0.000000 0.754602 0.689355 0.149481 0.000000 
0.000000 0.443461 0.904955 1.567742 1.545016 1.929734 2.126054 1.837711 1.155174 1.816229 1.874785 0.000000 0.000000 0.000000 0.000000 0.000000 0.000000 0.000000 0.000000 0.000000 0.000000 0.000000 0.000000 0.000000 0.000000 0.000000 0.000000 1.980519 2.128877 1.797408 1.241562 0.906216 0.865595 1.093824 0.226943 0.000000 
0.000000 0.618664 0.943139 0.000000 0.000000 0.000000 1.143566 0.968252 2.197778 0.000000 1.992381 1.286818 0.000000 0.000000 0.000000 0.000000 0.000000 0.000000 0.000000 0.000000 0.000000 0.000000 0.000000 0.000000 0.000000 0.000000 0.000000 1.733052 1.708447 1.989384 1.093548 1.059030 1.188019 1.430152 0.613258 0.000000 
0.000000 0.000000 0.000000 1.198439 0.000000 0.000000 1.259054 2.601560 3.119613 2.231112 1.733140 1.853704 0.000000 0.000000 0.000000 0.000000 0.000000 0.000000 0.000000 0.000000 0.000000 0.000000 0.000000 0.000000 1.559285 0.000000 2.016786 1.725500 1.720609 1.909854 1.680531 1.205953 1.247306 1.207410 0.772010 0.000000 
0.000000 0.000000 0.000000 0.000000 0.000000 2.021873 2.345243 2.704759 2.059846 2.511649 2.829783 2.099497 0.000000 0.000000 0.950576 1.076805 0.000000 0.000000 0.000000 0.000000 0.000000 0.000000 0.000000 1.673458 1.524572 1.956097 0.000000 2.100501 1.551128 1.846547 1.939807 1.496231 1.117578 0.657729 0.000000 0.000000 
0.000000 0.000000 0.000000 0.000000 0.000000 1.268108 1.581176 2.140252 2.779186 2.813581 3.050493 0.000000 1.692797 0.000000 0.000000 0.000000 0.000000 0.000000 0.000000 0.000000 0.000000 1.965822 1.960802 2.084464 2.220212 1.887811 1.229051 1.393937 1.178736 1.589438 1.951059 1.598795 1.011799 0.000000 0.000000 0.000000 
0.000000 0.000000 2.749028 1.845872 1.237059 1.269749 1.385449 1.866203 2.464906 3.361743 2.652731 2.162322 1.752567 1.346728 1.149624 0.000000 0.000000 0.000000 0.000000 0.000000 2.555733 2.307856 2.290969 2.671180 2.277994 2.296122 1.347077 0.000000 1.420753 1.369841 1.247878 1.116024 0.702987 0.000000 0.000000 0.000000 
0.000000 0.000000 1.825291 2.189864 1.909877 1.691518 2.291840 2.330574 1.905225 2.782890 2.340249 2.438801 1.809971 1.586731 1.494007 1.238670 0.000000 0.000000 0.000000 1.807770 3.078703 2.811418 2.563253 2.226969 2.257647 2.473172 1.791252 0.000000 1.745101 0.999871 0.000000 0.000000 0.000000 0.000000 0.000000 0.000000 
0.000000 0.000000 0.000000 1.378699 1.722181 2.408111 2.225207 1.757238 2.110064 2.112030 1.997784 1.641835 1.473309 1.437721 0.000000 0.000000 0.000000 0.000000 0.000000 1.104863 1.738917 2.818615 3.132484 2.561219 2.742991 3.690263 2.834210 2.011919 1.992044 0.901730 0.000000 0.000000 0.000000 0.000000 0.000000 0.000000 
0.000000 0.000000 0.000000 0.000000 1.725732 2.316379 2.158788 2.207891 2.018479 1.488627 1.356035 0.000000 0.997962 1.461202 0.000000 0.000000 0.000000 1.518826 0.000000 1.453915 1.613515 2.035291 2.395548 2.624172 2.796873 3.184795 3.827476 2.817613 2.137108 1.619656 0.000000 0.000000 0.000000 0.000000 0.000000 0.000000 
0.000000 0.000000 0.000000 0.000000 0.000000 0.000000 1.577518 2.113279 2.021038 1.589962 1.658213 1.154896 0.000000 0.000000 0.000000 0.000000 1.801120 1.567362 1.632748 1.684560 1.613095 2.356417 2.753360 2.744134 2.957309 3.358437 3.242928 3.085418 2.455323 2.226918 0.000000 0.000000 0.000000 0.000000 0.000000 0.000000 
0.000000 0.000000 0.000000 0.000000 0.000000 0.000000 0.000000 0.000000 1.736611 2.192902 1.820759 1.038719 1.556261 0.000000 0.000000 0.000000 1.325857 2.355529 2.081468 1.653033 1.641712 1.845306 2.241421 2.300878 2.946971 3.172841 2.881994 2.659910 2.553287 0.000000 0.000000 0.000000 0.000000 0.000000 0.000000 0.000000 
0.000000 0.000000 0.000000 0.000000 0.000000 0.000000 0.000000 0.000000 1.247682 1.185653 1.449608 1.793137 1.963461 0.000000 0.000000 1.901897 1.526232 1.445132 1.830477 2.171565 1.846587 1.543831 2.053533 2.201072 2.295067 2.544884 2.305051 3.030867 2.558834 0.000000 0.000000 0.000000 0.000000 0.000000 0.000000 0.000000 
0.000000 0.000000 0.000000 0.000000 0.000000 0.000000 0.000000 1.136682 1.218983 0.843351 0.799617 0.749146 1.361758 0.000000 1.398299 1.709667 2.298934 2.748755 1.730831 1.558909 1.600817 1.991254 2.234950 3.279477 2.778562 2.454518 2.275430 2.000526 1.713311 0.000000 0.000000 0.000000 0.000000 0.000000 0.000000 0.000000 
0.000000 0.000000 0.000000 0.000000 0.000000 0.000000 0.000000 0.979532 0.845243 0.000000 1.097854 0.672297 0.000000 0.000000 0.000000 0.000000 1.096784 2.018380 2.081037 0.000000 0.000000 0.000000 0.000000 1.876102 2.543086 2.365334 0.000000 0.000000 0.000000 0.000000 0.000000 0.000000 0.000000 0.000000 0.000000 0.000000 
0.000000 0.000000 0.000000 0.000000 0.000000 0.000000 0.000000 1.129996 1.092593 1.114803 1.091225 0.709460 0.468715 0.000000 0.000000 0.000000 0.000000 0.000000 0.000000 0.000000 0.000000 0.000000 0.000000 0.000000 1.271286 1.629668 0.000000 0.000000 0.000000 0.000000 0.000000 0.000000 0.000000 0.000000 0.000000 0.000000 
0.000000 0.000000 0.000000 0.000000 0.000000 0.000000 0.000000 0.000000 0.000000 0.000000 0.256158 0.453541 0.669775 0.000000 0.000000 0.000000 0.000000 0.000000 0.000000 0.908890 0.936596 0.000000 0.000000 0.000000 0.000000 0.000000 0.000000 0.000000 0.000000 0.000000 0.000000 0.000000 0.000000 0.000000 0.000000 0.000000 
0.000000 0.000000 0.000000 0.000000 0.000000 0.000000 0.000000 0.000000 0.000000 0.000000 0.000000 0.000000 0.341004 0.000000 0.000000 0.000000 0.000000 0.000000 0.000000 0.000000 0.000000 0.000000 0.000000 0.000000 0.000000 0.000000 0.000000 0.000000 0.000000 0.000000 0.000000 0.000000 0.000000 0.000000 0.000000 0.000000 

Z-11
0.000000 0.000000 0.000000 0.000000 0.000000 0.000000 0.000000 0.000000 0.000000 0.000000 0.000000 0.000000 0.000000 0.000000 0.000000 0.000000 0.000000 0.000000 0.000000 0.000000 0.369520 0.000000 0.000000 0.000000 0.000000 0.000000 0.000000 0.000000 0.000000 0.000000 0.000000 0.000000 0.000000 0.000000 0.000000 0.000000 
0.000000 0.000000 0.000000 0.000000 0.000000 0.000000 0.000000 0.000000 0.000000 0.000000 0.000000 0.000000 0.000000 0.000000 0.000000 0.000000 0.000000 0.000000 0.000000 0.563609 1.000044 0.000000 0.000000 0.000000 0.000000 0.000000 0.000000 0.000000 0.000000 0.000000 0.000000 0.000000 0.000000 0.000000 0.000000 0.000000 
0.000000 0.000000 0.000000 0.000000 0.000000 0.000000 0.000000 0.000000 0.000000 0.000000 0.000000 0.000000 0.000000 0.000000 0.000000 0.000000 0.000000 0.000000 0.000000 1.989902 0.000000 0.000000 0.000000 1.278087 1.857971 1.243930 0.000000 0.000000 0.000000 0.000000 0.000000 0.000000 0.000000 0.000000 0.000000 0.000000 
0.000000 0.000000 0.000000 0.000000 0.000000 0.000000 0.000000 0.000000 0.000000 0.000000 0.000000 0.000000 0.000000 0.000000 0.000000 0.000000 0.000000 0.000000 0.000000 2.565943 0.000000 0.000000 2.680270 2.818003 2.719371 2.886698 2.836016 0.000000 0.000000 0.000000 0.000000 0.000000 0.000000 0.000000 0.000000 0.000000 
0.000000 0.000000 0.000000 0.000000 0.000000 0.000000 0.000000 0.000000 0.000000 0.000000 0.000000 0.361490 0.000000 0.000000 0.624961 0.000000 0.000000 0.000000 0.000000 1.704643 0.000000 0.000000 2.645443 2.200472 2.983665 2.772521 2.497083 2.200768 0.000000 0.000000 0.000000 0.000000 0.000000 0.000000 0.000000 0.000000 
0.000000 0.000000 0.000000 0.000000 0.000000 0.000000 0.000000 0.000000 1.740142 1.133556 0.714161 0.823305 0.000000 0.791836 1.007429 1.448343 2.092791 0.000000 0.000000 1.849222 0.000000 0.000000 2.217802 3.085711 2.240724 2.024928 2.162377 0.000000 0.000000 0.000000 0.000000 0.000000 0.000000 0.000000 0.000000 0.000000 
0.000000 0.000000 0.000000 0.000000 0.000000 0.000000 0.000000 0.000000 2.005309 1.766777 1.276589 1.117287 1.521467 2.119173 2.599692 2.808339 2.418587 0.000000 0.000000 1.350655 1.806790 2.170493 2.588549 2.873075 2.156793 2.155129 2.196597 2.044132 0.000000 0.000000 0.000000 0.000000 0.000000 0.000000 0.000000 0.000000 
0.000000 0.000000 0.000000 0.000000 0.000000 0.000000 0.000000 0.000000 2.109208 1.519124 1.245480 1.867733 2.286156 2.383171 2.876798 2.821677 2.502753 0.000000 0.000000 1.331036 0.000000 1.160569 1.601478 1.689602 2.255176 2.294585 2.045909 1.929431 0.000000 0.000000 0.000000 0.000000 0.000000 0.000000 0.000000 0.000000 
0.000000 0.000000 0.000000 0.000000 0.000000 0.000000 0.000000 0.000000 0.000000 1.216782 1.708376 1.826223 1.802213 2.568465 2.234021 1.701596 1.731942 0.000000 1.369168 0.000000 0.000000 1.159305 1.505628 2.245881 2.854294 1.947169 1.387827 0.000000 0.000000 0.000000 0.000000 0.000000 0.000000 0.000000 0.000000 0.000000 
0.000000 0.000000 0.000000 0.000000 0.000000 0.000000 0.000000 0.000000 1.389899 1.480475 1.709707 2.029290 2.034928 1.303537 1.274455 1.300867 1.153820 0.000000 0.000000 0.000000 0.000000 1.219654 1.810849 0.000000 1.510472 1.161854 1.359224 0.000000 0.000000 0.000000 0.000000 0.000000 0.000000 0.000000 0.000000 0.000000 
0.000000 0.000000 0.000000 0.000000 0.000000 0.000000 0.000000 1.279014 1.283826 1.382988 2.279438 0.000000 1.308264 1.095198 0.000000 0.000000 0.000000 0.000000 0.000000 0.000000 0.000000 1.275443 1.457222 0.000000 0.000000 0.000000 0.000000 0.000000 0.000000 0.000000 0.000000 1.893692 0.861272 0.000000 0.000000 0.000000 
0.000000 2.056995 2.342827 0.000000 0.000000 0.000000 0.000000 0.000000 0.000000 0.000000 0.000000 1.031301 1.176701 1.278358 0.000000 0.000000 0.000000 0.000000 0.000000 0.000000 0.000000 1.048158 0.000000 0.000000 0.745638 0.000000 0.000000 0.000000 0.000000 0.860153 1.589685 1.990727 0.886145 0.000000 0.000000 0.000000 
2.173366 0.000000 0.000000 0.000000 0.000000 0.000000 0.000000 0.000000 0.000000 0.000000 0.000000 0.000000 0.000000 0.000000 0.000000 0.000000 0.000000 0.000000 0.000000 0.000000 0.000000 0.000000 0.000000 0.000000 0.000000 0.000000 1.698010 1.667785 1.439831 1.443431 1.673557 1.340878 0.729838 0.000000 0.000000 0.000000 
2.387004 2.470538 0.000000 0.000000 1.125632 0.000000 0.000000 0.000000 0.000000 1.272350 0.000000 0.000000 0.000000 0.000000 0.000000 0.000000 0.000000 0.000000 0.000000 0.000000 0.000000 0.000000 0.000000 0.000000 0.000000 0.000000 1.458809 1.840320 2.019274 1.805286 1.628129 0.955172 0.000000 0.959665 0.608811 0.000000 
2.079952 2.130184 0.000000 1.043075 1.170452 1.168910 1.415410 1.537744 0.988408 1.084565 0.000000 0.000000 0.000000 0.000000 0.000000 0.000000 0.000000 0.000000 0.000000 0.000000 0.000000 0.000000 0.000000 0.000000 0.000000 0.000000 0.000000 1.606655 1.680975 1.926736 1.826949 1.198965 0.898481 0.000000 0.000000 0.000000 
1.661593 1.007399 0.000000 1.013409 1.172586 1.502432 1.548066 1.471182 2.401514 0.000000 0.000000 0.000000 0.000000 0.000000 0.000000 0.000000 0.000000 0.000000 0.000000 0.000000 0.000000 0.000000 0.000000 0.000000 0.000000 0.000000 0.000000 0.000000 1.584353 1.867668 1.751432 1.788027 1.256120 1.034672 1.456108 0.015841 
0.000000 0.000000 0.000000 0.875197 1.658314 1.807614 1.534982 1.762812 2.284907 2.294934 1.715851 0.000000 0.000000 0.000000 0.000000 0.000000 0.000000 0.000000 0.000000 0.000000 0.000000 0.000000 0.000000 1.724035 1.801355 1.811066 1.843084 2.353269 1.912532 1.570002 2.091264 2.093375 1.430541 0.858551 1.003357 0.000000 
0.000000 0.000000 0.000000 0.000000 1.754854 1.811749 1.470703 1.445101 1.475152 1.827149 2.800623 2.163188 0.000000 1.218827 0.990454 0.000000 0.000000 0.000000 0.000000 0.000000 0.000000 1.365949 0.000000 0.000000 2.279702 2.096627 2.098435 2.694295 2.540621 1.716173 1.854863 1.674239 1.346525 0.710331 0.665818 0.000000 
0.000000 0.000000 0.000000 0.000000 0.000000 1.334036 1.376607 1.340061 1.904438 2.105686 2.389505 1.789649 1.573725 1.503728 1.050184 0.000000 0.000000 0.000000 0.000000 0.000000 0.000000 1.562923 0.000000 1.763139 2.064595 2.015451 2.186330 2.276284 2.794775 1.961812 1.666661 1.237372 1.034723 0.000000 0.000000 0.000000 
0.000000 0.000000 2.578078 0.000000 0.000000 1.197653 1.061453 1.374451 2.193775 2.673161 2.432999 2.255851 1.740506 1.623624 1.540456 0.000000 0.000000 0.000000 0.000000 0.000000 1.695446 1.598600 2.085647 1.879509 2.219264 2.302516 2.106546 1.640397 1.652718 1.656186 1.836993 1.585797 0.000000 0.000000 0.000000 0.000000 
0.000000 0.000000 1.716067 1.870729 1.799890 1.068863 1.050172 1.792666 0.000000 2.171550 2.672010 2.067581 1.528659 1.407104 1.262313 0.000000 0.000000 0.000000 0.000000 0.000000 2.441756 2.894126 2.241594 2.490945 2.429226 2.777566 2.417474 1.442677 1.156590 1.036292 1.096204 1.408373 0.000000 0.000000 0.000000 0.000000 
0.000000 0.000000 0.000000 0.000000 0.000000 1.643393 2.060324 1.728715 1.659734 1.822824 1.655556 1.674902 1.318977 0.000000 0.000000 0.000000 0.000000 0.000000 0.000000 0.799264 1.457717 3.376520 4.411299 2.724988 2.576635 2.538865 2.637362 1.653551 1.740523 1.274613 0.754346 0.859822 0.000000 0.000000 0.000000 0.000000 
0.000000 0.000000 0.000000 0.000000 0.000000 1.523554 2.225080 1.886238 1.867918 1.877170 0.000000 0.000000 0.000000 0.000000 0.000000 0.000000 0.000000 0.000000 0.000000 1.099612 1.004100 1.647930 2.666264 3.527459 2.571255 2.579065 3.386212 2.187791 2.157823 1.919547 0.622123 0.000000 0.000000 0.000000 0.000000 0.000000 
0.000000 0.000000 0.000000 0.000000 0.000000 2.145170 1.695570 1.764185 2.063600 1.816995 1.437814 1.245543 0.000000 0.000000 0.000000 0.000000 0.000000 1.302446 1.899776 1.862465 0.000000 1.252148 1.703032 2.638906 2.781464 2.908531 3.073564 3.627394 0.000000 1.995126 1.290509 0.000000 0.000000 0.000000 0.000000 0.000000 
0.000000 0.000000 0.000000 0.000000 0.000000 0.000000 1.858321 1.685526 1.481527 1.779587 1.872949 1.666945 0.000000 0.000000 0.000000 0.000000 1.032409 1.129924 1.643616 1.864713 0.000000 1.431635 1.948572 2.604931 2.668983 3.056225 3.049775 3.422659 2.951552 0.000000 0.000000 0.000000 0.000000 0.000000 0.000000 0.000000 
0.000000 0.000000 0.000000 1.034812 1.243896 1.592157 1.662386 1.420785 1.035447 1.139860 1.634216 1.848023 1.645753 0.634168 0.000000 0.000000 0.964418 1.665144 0.000000 0.000000 0.000000 1.202623 1.737171 2.301999 2.321827 2.787949 3.060140 3.219275 2.627104 0.000000 0.000000 0.000000 0.000000 0.000000 0.000000 0.000000 
0.000000 0.000000 0.000000 0.000000 1.072193 1.046255 1.277159 1.159044 1.038191 0.980148 1.124443 1.236101 1.334315 0.000000 0.000000 0.000000 1.463744 0.000000 1.500066 1.287744 0.000000 0.000000 1.585826 1.930633 2.226672 2.347415 2.534632 2.158371 2.471354 1.961305 0.000000 0.000000 0.000000 0.000000 0.000000 0.000000 
0.000000 0.000000 0.000000 0.000000 0.000000 0.890582 0.888653 1.132641 1.052469 1.221936 1.179364 0.000000 0.000000 0.000000 0.000000 1.008360 0.895898 2.350038 2.926017 0.000000 0.000000 0.000000 1.149487 1.722992 2.744909 2.750108 0.000000 0.000000 1.340107 0.000000 0.000000 0.000000 0.000000 0.000000 0.000000 0.000000 
0.000000 0.000000 0.000000 0.000000 0.000000 0.982677 1.107808 1.100092 0.935360 0.876045 0.733769 0.000000 0.000000 0.000000 0.000000 0.000000 0.927652 0.000000 0.000000 0.000000 0.000000 0.000000 0.000000 0.000000 1.201369 2.607771 0.000000 0.000000 0.000000 0.000000 0.000000 0.000000 0.000000 0.000000 0.000000 0.000000 
0.000000 0.000000 0.000000 0.000000 0.000000 0.000000 0.000000 0.000000 0.000000 0.000000 0.519656 0.000000 0.000000 0.000000 0.000000 0.000000 0.000000 0.000000 0.000000 0.000000 0.000000 0.000000 0.000000 0.000000 0.000000 0.000000 0.000000 0.000000 0.000000 0.000000 0.000000 0.000000 0.000000 0.000000 0.000000 0.000000 
0.000000 0.000000 0.000000 0.000000 0.000000 0.000000 0.000000 0.000000 0.000000 0.000000 0.000000 0.000000 0.000000 0.000000 0.000000 0.000000 0.000000 0.000000 0.000000 0.000000 0.000000 0.000000 0.000000 0.000000 0.000000 0.000000 0.000000 0.000000 0.000000 0.000000 0.000000 0.000000 0.000000 0.000000 0.000000 0.000000 

Z-10
0.000000 0.000000 0.000000 0.000000 0.000000 0.000000 0.000000 0.000000 0.000000 0.000000 0.000000 0.000000 0.000000 0.000000 0.000000 0.000000 0.000000 0.000000 0.000000 0.000000 0.000000 0.000000 0.000000 0.000000 0.000000 0.000000 0.000000 0.000000 0.000000 0.000000 0.000000 0.000000 0.000000 0.000000 0.000000 0.000000 
0.000000 0.000000 0.000000 0.000000 0.000000 0.000000 0.000000 0.000000 0.000000 0.000000 0.000000 0.000000 0.000000 0.000000 0.000000 0.000000 0.000000 0.000000 0.000000 0.000000 0.000000 0.000000 0.000000 0.000000 0.000000 0.000000 0.000000 0.000000 0.000000 0.000000 0.000000 0.000000 0.000000 0.000000 0.000000 0.000000 
0.000000 0.000000 0.000000 0.000000 0.000000 0.000000 0.000000 0.000000 0.000000 0.000000 0.000000 0.000000 0.000000 0.000000 0.000000 0.000000 0.000000 0.000000 0.000000 1.084047 0.000000 0.000000 2.215475 2.288663 0.000000 2.291780 1.965341 0.000000 0.000000 0.000000 0.000000 0.000000 0.000000 0.000000 0.000000 0.000000 
0.000000 0.000000 0.000000 0.000000 0.000000 0.000000 0.000000 0.000000 0.000000 0.000000 0.000000 0.000000 0.000000 0.000000 0.000000 0.000000 0.000000 0.000000 0.000000 2.230271 0.000000 0.000000 2.629151 2.762540 2.269451 2.831063 0.000000 0.000000 0.000000 0.000000 0.000000 0.000000 0.000000 0.000000 0.000000 0.000000 
0.000000 0.000000 0.000000 0.000000 0.000000 0.000000 0.000000 0.000000 0.864698 0.000000 0.000000 0.000000 0.000000 0.000000 0.000000 0.000000 0.000000 0.000000 0.000000 0.000000 0.000000 1.397358 2.427975 2.200010 2.278228 2.647762 2.087730 2.106824 0.000000 0.000000 0.000000 0.000000 0.000000 0.000000 0.000000 0.000000 
0.000000 0.000000 0.000000 0.000000 0.000000 0.000000 0.000000 1.906182 1.980359 0.000000 1.340285 1.090815 1.167468 0.000000 0.955016 1.570135 0.000000 0.000000 0.000000 0.000000 1.104267 1.256079 2.143810 2.794872 3.148813 2.160598 2.042529 1.763953 0.000000 0.000000 0.000000 0.000000 0.000000 0.000000 0.000000 0.000000 
0.000000 0.000000 0.000000 0.000000 0.000000 0.000000 0.000000 0.000000 1.324554 2.355104 2.383086 0.000000 1.318834 0.000000 2.566698 2.586287 0.000000 0.000000 0.000000 0.000000 0.000000 1.285984 0.000000 1.600231 1.805597 2.279713 2.241829 2.035065 1.863341 0.000000 0.000000 0.000000 0.000000 0.000000 0.000000 0.000000 
0.000000 0.000000 0.000000 0.000000 0.000000 0.000000 0.000000 0.000000 0.000000 1.543047 1.418669 1.453757 1.846875 2.002055 2.006942 2.265100 1.511058 1.322177 1.315458 0.000000 0.000000 1.128540 1.029312 1.409622 2.439846 2.845664 1.803223 1.391327 1.312275 0.000000 0.000000 0.000000 0.000000 0.000000 0.000000 0.000000 
0.000000 0.000000 0.000000 0.000000 0.000000 0.000000 0.000000 0.000000 0.949063 1.114763 1.438417 1.672898 1.762439 2.241997 1.863065 1.201479 1.085744 1.090292 1.052186 0.000000 0.000000 0.000000 1.008250 1.896909 0.000000 1.680435 1.108195 1.105989 0.000000 0.000000 0.000000 0.000000 0.000000 0.000000 0.000000 0.000000 
0.000000 0.000000 0.000000 0.000000 0.000000 0.000000 0.000000 0.000000 1.297590 1.231117 0.000000 1.837074 2.575232 2.247685 1.465895 1.462027 1.241816 1.891348 0.000000 0.000000 0.000000 0.000000 0.867562 0.000000 0.836776 0.736302 0.868464 1.068268 0.000000 0.000000 0.000000 0.000000 0.000000 0.000000 0.000000 0.000000 
0.000000 0.000000 0.000000 0.000000 0.000000 0.000000 0.000000 0.000000 0.000000 0.000000 0.000000 2.192325 0.000000 0.000000 1.643090 2.288182 0.000000 0.000000 0.000000 0.000000 0.000000 0.000000 0.909365 0.000000 0.000000 0.000000 0.000000 0.000000 0.000000 0.832857 0.000000 0.000000 0.000000 0.000000 0.000000 0.000000 
0.000000 0.000000 0.000000 0.000000 0.000000 0.000000 0.000000 0.000000 0.000000 0.000000 0.000000 1.812518 1.142138 0.000000 0.000000 0.000000 0.000000 0.000000 0.000000 0.000000 0.000000 0.000000 0.000000 0.000000 0.000000 0.000000 1.701038 1.318127 1.562755 1.591505 1.495191 1.780013 0.868432 0.000000 0.000000 0.000000 
0.000000 0.000000 0.000000 2.404644 0.000000 0.000000 0.000000 0.000000 0.000000 0.000000 0.000000 0.000000 0.000000 0.000000 0.000000 0.000000 0.000000 0.000000 0.000000 0.000000 0.000000 0.000000 0.000000 0.000000 0.000000 0.000000 2.123485 1.572989 1.712736 1.841797 1.841318 1.197969 0.893661 0.000000 0.000000 0.000000 
0.000000 0.000000 0.000000 2.174094 1.504767 1.313538 0.000000 0.000000 0.000000 0.000000 0.000000 0.000000 0.000000 0.000000 0.000000 0.000000 0.000000 0.000000 0.000000 0.000000 0.000000 0.000000 0.000000 0.000000 0.000000 0.000000 1.426981 1.618160 1.654825 1.566142 1.848669 1.578117 0.000000 0.000000 0.000000 0.000000 
0.000000 2.362915 2.415784 1.888643 1.299887 1.534393 1.827252 1.524745 0.000000 0.000000 0.000000 0.000000 0.000000 0.000000 0.000000 0.000000 0.000000 0.000000 0.000000 0.000000 0.000000 0.000000 0.000000 0.000000 0.000000 0.000000 0.000000 1.730081 1.815159 1.420907 1.686841 1.826641 1.463978 0.000000 0.000000 0.000000 
0.000000 1.465140 1.434571 1.756324 1.744357 1.958310 2.396334 2.132147 1.432818 1.311481 0.842914 0.000000 0.000000 0.000000 0.000000 0.000000 0.000000 0.000000 0.000000 0.000000 0.000000 0.000000 0.000000 0.000000 0.000000 0.000000 0.000000 0.000000 2.222707 1.673803 1.528048 2.149905 1.631240 0.531708 0.000000 0.000000 
0.000000 0.000000 1.407232 2.145851 2.273636 2.533584 2.466038 2.025819 0.000000 1.475027 1.314753 0.000000 0.000000 0.000000 0.000000 0.000000 0.000000 0.000000 0.000000 0.000000 0.000000 0.000000 0.000000 0.000000 0.000000 2.102174 2.006998 1.855808 1.885828 2.393144 2.038159 1.617354 1.338154 0.535067 0.406513 0.000000 
0.000000 0.000000 0.000000 0.000000 0.000000 0.000000 1.518932 1.789244 1.450990 1.615486 2.791801 1.910617 0.000000 1.746887 1.592015 0.000000 0.000000 0.000000 0.000000 0.000000 0.000000 0.000000 0.000000 0.000000 0.000000 2.028387 1.866264 1.641061 2.158003 2.438016 2.281825 1.481250 1.274339 0.000000 0.348859 0.000000 
0.000000 0.000000 0.000000 0.000000 0.000000 0.000000 1.281262 1.111977 0.000000 1.708296 2.416899 3.079871 2.221196 1.457124 1.422868 0.940553 0.000000 0.000000 0.000000 0.000000 0.000000 0.000000 0.000000 0.000000 0.000000 2.409396 2.114645 1.954604 2.667450 2.182597 1.726528 1.528999 1.535967 0.000000 0.000000 0.000000 
0.000000 0.000000 0.000000 0.000000 1.938641 0.000000 0.843260 0.725373 1.186656 2.080880 2.075186 2.169808 1.886207 1.242088 1.149446 1.016473 0.000000 0.000000 0.000000 0.000000 0.000000 0.000000 0.000000 0.000000 1.419583 2.447449 0.000000 2.259649 2.710339 2.484652 1.654695 1.472481 1.501147 0.000000 0.000000 0.000000 
0.000000 0.000000 0.000000 1.118702 1.044472 0.000000 0.000000 1.238962 1.542484 1.428045 1.773612 1.967369 1.473241 1.135845 0.885890 1.201013 0.000000 0.000000 0.000000 0.000000 0.000000 1.779976 1.354116 1.388607 1.270231 1.821083 1.899525 2.045124 1.978080 2.487502 1.642205 1.569717 1.399235 0.000000 0.000000 0.000000 
0.000000 0.000000 0.000000 0.000000 0.000000 1.434327 2.198907 0.000000 1.111431 1.017347 1.285920 1.598514 1.470360 0.000000 0.000000 0.000000 0.000000 0.000000 0.000000 0.000000 0.000000 1.959329 2.165038 1.527575 2.160063 2.436641 2.727949 2.520507 1.977090 1.891024 1.430043 1.359199 0.000000 0.000000 0.000000 0.000000 
0.000000 0.000000 0.000000 0.000000 0.000000 0.000000 0.000000 1.982109 1.791956 1.393477 0.000000 0.000000 0.000000 0.000000 0.000000 0.000000 0.000000 0.000000 0.753284 0.000000 1.015327 1.330020 0.000000 2.737910 2.571760 2.696912 3.111685 3.065465 2.317971 0.000000 0.000000 0.000000 0.000000 0.000000 0.000000 0.000000 
0.000000 0.000000 0.000000 0.000000 0.000000 0.000000 0.000000 1.506021 1.770057 1.784806 1.528907 1.298865 0.000000 0.000000 0.000000 0.000000 0.000000 0.970823 1.289702 0.000000 0.000000 0.832713 1.330621 2.453260 3.353861 2.731424 2.341432 2.989492 2.236457 1.833537 1.419273 0.000000 0.000000 0.000000 0.000000 0.000000 
0.000000 0.000000 0.000000 0.000000 0.000000 1.598314 0.000000 0.000000 2.115444 1.464924 1.569885 1.542560 0.000000 0.000000 0.000000 0.000000 0.000000 0.664810 1.711090 0.000000 0.000000 1.422405 1.098251 1.501860 2.463320 0.000000 0.000000 2.802962 2.799008 1.983406 1.563815 0.000000 0.000000 0.000000 0.000000 0.000000 
0.000000 0.000000 0.000000 2.763927 1.168878 1.413261 1.821846 1.786585 1.899695 1.885979 1.497086 1.844250 1.703668 0.000000 0.000000 0.000000 0.608932 0.000000 0.000000 0.000000 0.000000 1.362450 0.000000 1.484738 2.354318 2.367881 2.448898 2.501161 0.000000 0.000000 0.000000 0.000000 0.000000 0.000000 0.000000 0.000000 
0.000000 0.000000 0.000000 1.025759 0.742723 0.852446 1.082503 1.183838 1.285010 0.967193 0.000000 1.182073 1.270585 0.000000 0.000000 0.000000 0.000000 0.000000 1.123354 0.000000 0.000000 0.000000 0.000000 1.270465 2.371732 2.454512 2.780799 2.991569 1.871219 1.925744 0.000000 0.000000 0.000000 0.000000 0.000000 0.000000 
0.000000 0.000000 0.000000 0.000000 0.000000 0.728859 0.791603 0.923054 0.967544 1.065682 1.226421 0.848820 0.000000 0.000000 0.000000 0.000000 0.000000 1.157968 1.793066 0.000000 0.000000 0.000000 1.116112 1.099270 2.005335 2.249699 2.234649 0.000000 2.060759 0.000000 0.000000 0.000000 0.000000 0.000000 0.000000 0.000000 
0.000000 0.000000 0.000000 0.000000 0.000000 1.012538 0.606271 0.887374 0.000000 0.000000 0.000000 0.000000 0.000000 0.000000 0.000000 0.536237 1.026206 0.000000 0.000000 0.000000 0.000000 0.000000 0.000000 0.000000 0.000000 0.000000 0.000000 0.000000 0.000000 0.000000 0.000000 0.000000 0.000000 0.000000 0.000000 0.000000 
0.000000 0.000000 0.000000 0.000000 0.000000 0.000000 0.000000 0.000000 0.000000 0.812741 0.841436 0.312305 0.000000 0.000000 0.000000 0.000000 0.000000 0.000000 0.000000 0.000000 0.000000 0.000000 0.000000 0.000000 0.000000 0.000000 0.000000 0.000000 0.000000 0.000000 0.000000 0.000000 0.000000 0.000000 0.000000 0.000000 
0.000000 0.000000 0.000000 0.000000 0.000000 0.000000 0.000000 0.000000 0.000000 0.627687 0.710406 0.000000 0.000000 0.000000 0.000000 0.000000 0.000000 0.000000 0.000000 0.000000 0.000000 0.000000 0.000000 0.000000 0.000000 0.000000 0.000000 0.000000 0.000000 0.000000 0.000000 0.000000 0.000000 0.000000 0.000000 0.000000 

Z-9
0.000000 0.000000 0.000000 0.000000 0.000000 0.000000 0.000000 0.000000 0.000000 0.000000 0.000000 0.000000 0.000000 0.000000 0.000000 0.000000 0.000000 0.000000 0.000000 0.000000 0.000000 0.000000 0.000000 0.000000 0.000000 0.000000 0.000000 0.000000 0.000000 0.000000 0.000000 0.000000 0.000000 0.000000 0.000000 0.000000 
0.000000 0.000000 0.000000 0.000000 0.000000 0.000000 0.000000 0.000000 0.000000 0.000000 0.000000 0.000000 0.000000 0.000000 0.000000 0.000000 0.000000 0.000000 0.000000 0.000000 0.000000 0.000000 0.000000 0.000000 0.000000 0.000000 0.000000 0.000000 0.000000 0.000000 0.000000 0.000000 0.000000 0.000000 0.000000 0.000000 
0.000000 0.000000 0.000000 0.000000 0.000000 0.000000 0.000000 0.000000 0.000000 0.000000 0.000000 0.000000 0.000000 0.000000 0.000000 0.000000 0.000000 0.000000 0.000000 0.000000 0.000000 0.000000 0.000000 0.000000 0.000000 2.532802 2.771165 0.000000 0.000000 0.000000 0.000000 0.000000 0.000000 0.000000 0.000000 0.000000 
0.000000 0.000000 0.000000 0.000000 0.000000 0.000000 0.000000 0.000000 0.000000 0.000000 0.000000 0.000000 0.000000 0.000000 0.000000 0.000000 0.000000 0.000000 0.000000 0.000000 0.000000 0.000000 1.722647 2.586184 2.360691 1.993858 2.183752 0.000000 0.000000 0.000000 0.000000 0.000000 0.000000 0.000000 0.000000 0.000000 
0.000000 0.000000 0.000000 0.000000 0.000000 0.000000 0.000000 0.000000 0.000000 0.000000 0.000000 0.000000 0.000000 0.000000 0.000000 0.000000 0.000000 0.000000 0.000000 0.000000 0.000000 0.000000 1.094155 2.302914 2.736344 2.734251 1.975172 2.091957 0.000000 0.000000 0.000000 0.000000 0.000000 0.000000 0.000000 0.000000 
0.000000 0.000000 0.000000 0.000000 0.000000 0.000000 0.000000 0.420228 0.000000 0.000000 1.113459 0.000000 1.332509 0.000000 1.066701 0.000000 0.000000 0.000000 0.000000 0.000000 0.000000 1.174829 1.087159 1.635110 2.086702 1.872537 0.000000 1.921884 0.000000 0.000000 0.000000 0.000000 0.000000 0.000000 0.000000 0.000000 
0.000000 0.000000 0.000000 0.000000 0.000000 0.000000 0.000000 0.000000 0.000000 0.000000 1.509209 1.476257 0.000000 1.213744 1.981645 0.000000 0.000000 0.000000 1.258338 1.343502 0.000000 0.000000 0.000000 0.920669 1.497031 2.458638 2.652694 1.724535 0.000000 0.000000 0.000000 0.000000 0.000000 0.000000 0.000000 0.000000 
0.000000 0.000000 0.000000 0.000000 0.000000 0.000000 0.000000 0.000000 0.679934 0.930674 1.128062 1.193627 1.374453 1.563773 1.763400 2.177654 1.293018 0.000000 0.958460 0.962791 0.000000 0.000000 0.000000 0.828548 2.128475 2.547225 1.586309 1.177834 0.000000 0.000000 0.000000 0.000000 0.000000 0.000000 0.000000 0.000000 
0.000000 0.000000 0.000000 0.000000 0.000000 0.000000 0.000000 0.000000 2.876268 1.612640 1.240357 0.000000 1.541291 1.798962 2.246059 1.845735 1.187107 0.997775 0.000000 0.000000 0.000000 0.000000 0.000000 0.593086 1.021356 0.838613 0.000000 0.000000 0.000000 0.000000 0.000000 0.000000 0.000000 0.000000 0.000000 0.000000 
0.000000 0.000000 0.000000 0.000000 0.000000 0.000000 0.000000 1.926138 2.167017 0.000000 1.320064 1.635587 2.420663 2.836602 1.812138 1.598378 1.922895 2.303507 0.000000 0.000000 0.000000 0.000000 0.000000 0.000000 0.000000 0.000000 0.707178 0.998372 0.000000 0.000000 0.000000 0.000000 0.000000 0.000000 0.000000 0.000000 
0.000000 0.000000 0.000000 0.000000 0.000000 0.000000 0.000000 0.000000 1.077591 0.000000 0.000000 1.731438 0.000000 0.000000 1.334867 0.000000 0.000000 1.700054 0.000000 0.000000 0.000000 0.000000 0.000000 0.000000 0.000000 0.000000 0.000000 0.000000 0.000000 0.000000 1.403685 0.000000 0.000000 0.000000 0.000000 0.000000 
0.000000 0.000000 0.000000 0.000000 0.000000 2.209594 1.501899 0.000000 0.000000 0.000000 0.000000 0.000000 0.000000 0.000000 0.000000 0.000000 0.000000 0.000000 0.000000 0.000000 0.000000 0.000000 0.000000 0.000000 0.000000 0.000000 0.000000 0.000000 1.448163 1.556426 1.696985 1.655175 0.000000 0.000000 0.000000 0.000000 
0.000000 0.000000 2.140075 0.000000 2.554697 1.941183 1.001904 0.000000 0.000000 0.000000 0.000000 0.000000 0.000000 0.000000 0.000000 0.000000 0.000000 0.000000 0.000000 0.000000 0.000000 0.000000 0.000000 0.000000 0.000000 0.000000 0.000000 1.413049 1.681572 1.520259 1.605572 1.624922 0.000000 0.000000 0.000000 0.000000 
0.000000 0.000000 2.313559 2.762356 2.555415 1.812705 1.082201 0.786938 0.000000 1.317283 0.000000 0.000000 0.000000 0.000000 0.000000 0.000000 0.000000 0.000000 0.000000 0.000000 0.000000 0.000000 0.000000 0.000000 0.000000 0.000000 0.000000 0.000000 1.905429 1.748336 1.456190 1.926228 0.000000 0.000000 0.000000 0.000000 
0.000000 1.572204 2.089059 1.943829 2.083204 1.928384 2.526824 2.788988 2.262798 0.000000 0.000000 0.991550 0.815678 0.000000 0.000000 0.000000 0.000000 0.000000 0.000000 0.000000 0.000000 0.000000 0.000000 0.000000 0.000000 0.000000 0.000000 1.678641 1.809584 1.701855 1.633674 1.910631 0.000000 0.000000 0.000000 0.000000 
0.000000 1.435532 1.888504 2.267442 2.168175 2.690563 2.813760 3.060696 2.269983 1.611136 1.185738 0.983915 1.553024 1.013250 0.000000 0.000000 0.000000 0.000000 0.000000 0.000000 0.000000 0.000000 0.000000 0.000000 0.000000 0.000000 0.000000 0.000000 0.000000 2.216815 1.947966 1.377679 0.000000 0.905827 0.000000 0.000000 
0.000000 2.377743 2.217736 1.802565 2.816960 3.523895 3.028164 2.353562 1.903473 1.714063 1.280478 0.000000 1.706579 1.495273 0.000000 0.000000 0.000000 0.000000 0.000000 0.000000 0.000000 0.000000 0.000000 0.000000 0.000000 2.202483 2.323927 1.585586 1.544576 2.145773 1.774799 0.000000 1.211630 1.175351 0.137484 0.000000 
0.000000 0.000000 1.498139 0.000000 1.933749 2.420499 2.112388 2.008790 0.000000 1.498807 1.567062 1.812949 0.000000 0.000000 1.739292 0.766062 0.000000 0.000000 0.000000 0.000000 0.000000 0.000000 0.000000 0.000000 2.101128 2.271774 2.327282 1.980411 1.571761 1.984005 1.942944 1.305768 1.614328 1.241637 0.351671 0.000000 
0.000000 0.000000 0.000000 0.000000 0.000000 0.000000 1.358778 0.831012 1.052790 1.612565 1.997987 2.048757 1.593586 1.197961 1.407700 1.335676 0.000000 0.000000 0.000000 0.000000 0.000000 0.000000 0.000000 0.000000 1.846170 2.010806 2.149743 1.984319 1.989730 2.022167 2.128688 1.291221 1.735070 1.243292 0.000000 0.000000 
0.000000 0.000000 0.000000 0.000000 0.000000 0.000000 0.000000 0.000000 1.299755 1.610987 1.500249 1.357596 1.807915 1.715722 1.039006 0.000000 0.000000 0.000000 0.000000 0.000000 0.000000 0.000000 0.000000 0.000000 0.000000 2.503629 2.260731 2.172125 1.901686 2.713707 2.115889 0.000000 1.320724 0.702978 0.000000 0.000000 
0.000000 0.000000 0.000000 1.089072 0.000000 0.000000 0.000000 1.955390 1.377447 1.178412 1.173178 1.291140 1.480214 1.187529 1.425650 1.310666 0.000000 0.000000 0.000000 0.000000 0.000000 1.802883 1.631430 0.000000 1.203963 1.673828 2.473372 2.315059 2.473545 2.826449 2.556168 1.802428 1.320636 0.892746 0.000000 0.000000 
0.000000 0.000000 0.000000 0.000000 0.000000 0.000000 0.000000 1.618764 1.416047 0.000000 1.244416 1.391212 1.226228 1.355882 0.000000 0.000000 0.000000 0.000000 0.000000 0.000000 0.000000 2.019588 1.426358 0.000000 1.338375 1.337905 1.905390 2.076826 2.468089 2.268722 2.421039 0.000000 0.000000 0.000000 0.000000 0.000000 
0.000000 0.000000 0.000000 0.000000 0.000000 0.000000 0.000000 1.005156 1.890702 1.683230 1.007160 0.709446 1.027368 1.662284 0.000000 0.000000 0.000000 0.000000 0.000000 0.000000 0.000000 1.269234 0.000000 1.264426 0.000000 1.938452 1.941172 2.163778 2.384159 1.759356 1.609048 0.000000 0.000000 0.000000 0.000000 0.000000 
0.000000 0.000000 0.000000 0.000000 0.000000 0.000000 0.000000 1.192606 1.186065 1.788598 1.479397 0.982162 0.995941 1.239458 0.000000 0.000000 0.000000 0.000000 0.000000 0.000000 0.000000 0.000000 0.000000 0.000000 0.000000 1.828564 2.428800 2.522036 2.499007 1.546541 1.084343 0.000000 0.000000 0.000000 0.000000 0.000000 
0.000000 0.000000 0.000000 0.000000 0.000000 1.852920 1.783057 2.012760 1.439793 1.217313 0.000000 0.000000 0.000000 0.000000 0.000000 0.000000 0.000000 0.000000 0.000000 0.000000 0.000000 0.879960 0.000000 0.000000 1.807488 0.000000 2.202055 0.000000 2.102496 1.777903 1.423162 1.034053 0.454863 0.000000 0.000000 0.000000 
0.000000 0.000000 0.000000 3.034841 1.386061 0.991649 1.271665 2.270866 2.147625 2.074993 0.000000 0.958588 1.310783 0.000000 0.000000 0.000000 0.000000 0.000000 0.000000 0.000000 0.000000 0.000000 0.000000 0.000000 1.082463 0.000000 0.000000 2.013886 0.000000 0.000000 1.483230 1.447569 0.000000 0.000000 0.000000 0.000000 
0.000000 0.000000 0.000000 1.585935 1.289637 1.053065 1.275881 1.363316 0.000000 0.000000 0.000000 0.000000 0.000000 0.000000 0.000000 0.000000 0.000000 0.000000 0.000000 0.000000 0.000000 0.000000 0.000000 0.000000 0.000000 0.000000 0.000000 0.000000 0.000000 0.000000 0.000000 0.000000 0.000000 0.000000 0.000000 0.000000 
0.000000 0.000000 0.000000 0.000000 1.069597 1.001722 1.191570 1.534280 1.228365 1.339083 1.186953 0.903721 0.000000 0.000000 0.000000 0.000000 0.000000 0.000000 0.000000 0.000000 0.000000 0.000000 0.000000 0.000000 0.000000 0.000000 0.000000 0.000000 0.000000 0.000000 0.000000 0.000000 0.000000 0.000000 0.000000 0.000000 
0.000000 0.000000 0.000000 0.000000 0.000000 0.820517 1.004448 0.000000 0.000000 0.000000 0.000000 0.000000 0.000000 0.000000 0.000000 0.000000 0.000000 0.000000 0.000000 0.000000 0.000000 0.000000 0.000000 0.000000 0.000000 0.000000 0.000000 0.000000 0.000000 0.000000 0.000000 0.000000 0.000000 0.000000 0.000000 0.000000 
0.000000 0.000000 0.000000 0.000000 0.000000 0.000000 0.000000 0.000000 0.000000 0.000000 0.000000 0.000000 0.000000 0.000000 0.000000 0.000000 0.000000 0.000000 0.000000 0.000000 0.000000 0.000000 0.000000 0.000000 0.000000 0.000000 0.000000 0.000000 0.000000 0.000000 0.000000 0.000000 0.000000 0.000000 0.000000 0.000000 
0.000000 0.000000 0.000000 0.000000 0.000000 0.000000 0.000000 0.000000 0.000000 1.006590 1.204087 0.773892 0.000000 0.000000 0.000000 0.000000 0.000000 0.000000 0.000000 0.000000 0.000000 0.000000 0.000000 0.000000 0.000000 0.000000 0.000000 0.000000 0.000000 0.000000 0.000000 0.000000 0.000000 0.000000 0.000000 0.000000 

Z-8
0.000000 0.000000 0.000000 0.000000 0.000000 0.000000 0.000000 0.000000 0.000000 0.000000 0.000000 0.000000 0.000000 0.000000 0.000000 0.000000 0.000000 0.000000 0.000000 0.000000 0.000000 0.000000 0.000000 0.000000 0.000000 0.000000 0.000000 0.000000 0.000000 0.000000 0.000000 0.000000 0.000000 0.000000 0.000000 0.000000 
0.000000 0.000000 0.000000 0.000000 0.000000 0.000000 0.000000 0.000000 0.000000 0.000000 0.000000 0.000000 0.000000 0.000000 0.000000 0.000000 0.000000 0.000000 0.000000 0.000000 0.000000 0.000000 0.000000 0.000000 0.000000 0.000000 0.000000 0.000000 0.000000 0.000000 0.000000 0.000000 0.000000 0.000000 0.000000 0.000000 
0.000000 0.000000 0.000000 0.000000 0.000000 0.000000 0.000000 0.000000 0.000000 0.000000 0.000000 0.000000 0.000000 0.000000 0.000000 0.000000 0.000000 0.000000 0.000000 0.000000 0.000000 0.000000 0.000000 0.000000 0.000000 2.257838 0.000000 0.000000 0.000000 0.000000 0.000000 0.000000 0.000000 0.000000 0.000000 0.000000 
0.000000 0.000000 0.000000 0.000000 0.000000 0.000000 0.000000 0.000000 0.000000 0.000000 0.000000 0.000000 0.000000 0.000000 0.000000 0.000000 0.000000 0.000000 0.000000 0.000000 0.000000 0.000000 0.000000 0.000000 0.000000 0.000000 0.000000 0.000000 0.000000 0.000000 0.000000 0.000000 0.000000 0.000000 0.000000 0.000000 
0.000000 0.000000 0.000000 0.000000 0.000000 0.000000 0.000000 0.000000 0.000000 0.000000 0.000000 0.000000 0.000000 0.000000 0.000000 0.000000 0.000000 0.000000 0.000000 0.000000 0.000000 0.000000 1.210496 1.206884 1.718035 0.000000 1.450976 0.000000 0.000000 0.000000 0.000000 0.000000 0.000000 0.000000 0.000000 0.000000 
0.000000 0.000000 0.000000 0.000000 0.000000 0.000000 0.000000 0.000000 0.000000 0.000000 0.000000 0.000000 0.000000 0.000000 0.000000 0.000000 0.000000 0.000000 0.000000 0.000000 0.000000 0.000000 0.000000 0.994339 0.000000 1.280046 0.000000 0.000000 0.000000 0.000000 0.000000 0.000000 0.000000 0.000000 0.000000 0.000000 
0.000000 0.000000 0.000000 0.000000 0.000000 0.000000 0.000000 0.000000 0.000000 0.000000 0.000000 0.000000 0.000000 0.000000 0.000000 1.427488 1.544416 0.000000 0.000000 0.000000 0.000000 0.000000 0.000000 0.000000 0.000000 0.000000 2.263688 0.000000 0.000000 0.000000 0.000000 0.000000 0.000000 0.000000 0.000000 0.000000 
0.000000 0.000000 0.000000 0.000000 0.000000 0.000000 0.000000 0.564288 1.821889 2.386750 2.644622 1.493602 1.065029 1.267796 1.310430 2.034570 1.919601 0.000000 0.000000 0.000000 0.000000 0.000000 0.000000 0.000000 0.586406 1.184207 0.702127 0.571909 0.000000 0.000000 0.000000 0.000000 0.000000 0.000000 0.000000 0.000000 
0.000000 0.000000 0.000000 0.000000 0.000000 0.000000 0.000000 1.794386 2.035515 2.134529 2.177578 0.000000 1.159253 1.525253 2.149356 0.000000 0.000000 1.425039 0.000000 0.000000 0.000000 0.000000 0.000000 0.000000 0.568828 0.511767 0.000000 0.000000 0.777701 0.000000 0.000000 0.000000 0.000000 0.000000 0.000000 0.000000 
0.000000 0.000000 0.000000 0.000000 0.000000 0.000000 0.000000 1.975815 2.523601 2.144332 1.267190 0.000000 0.000000 2.036643 2.226248 0.000000 0.000000 1.728244 0.000000 0.000000 0.000000 0.000000 0.000000 0.000000 0.000000 0.000000 0.000000 1.408688 1.535245 1.125422 0.000000 0.000000 0.000000 0.000000 0.000000 0.000000 
0.000000 0.000000 0.000000 0.000000 0.000000 0.000000 0.000000 2.382841 1.681207 0.656163 0.552790 0.000000 0.000000 0.000000 1.245522 0.000000 0.000000 0.712018 0.000000 0.000000 0.000000 0.000000 0.000000 0.000000 0.000000 0.984918 1.072179 1.939497 1.482792 0.000000 1.561671 1.735924 0.000000 0.000000 0.000000 0.000000 
0.000000 0.000000 0.000000 0.000000 0.000000 0.000000 2.704461 2.283655 1.061758 0.000000 0.677669 0.000000 0.000000 0.000000 0.000000 0.000000 0.000000 0.000000 0.000000 0.000000 0.000000 0.000000 0.000000 0.000000 0.000000 1.177176 1.490667 1.568220 1.493862 1.578629 1.527582 1.694137 0.000000 0.000000 0.000000 0.000000 
0.000000 0.000000 0.000000 2.158952 2.175113 2.752970 2.229079 1.698691 1.143329 0.847893 1.064398 1.343893 0.000000 0.000000 0.000000 0.000000 0.000000 0.000000 0.000000 0.000000 0.000000 0.000000 0.000000 0.000000 0.000000 1.285089 1.422486 1.549465 1.874686 1.845524 1.371053 0.000000 0.000000 0.000000 0.000000 0.000000 
0.000000 0.000000 0.000000 2.240277 2.672770 2.518561 2.485478 2.012532 1.900183 2.462783 1.637817 1.499320 1.052608 0.000000 0.000000 0.000000 0.000000 0.000000 0.000000 0.000000 0.000000 0.000000 0.000000 0.000000 0.000000 0.000000 1.479475 1.429715 1.664520 1.559478 1.557030 0.000000 0.000000 0.000000 0.000000 0.000000 
0.000000 3.771637 0.000000 3.489217 2.639078 2.954346 2.524429 2.910586 3.070415 2.250183 1.546981 1.471710 1.043026 0.000000 0.000000 0.000000 0.000000 0.000000 0.000000 0.000000 0.000000 0.000000 0.000000 0.000000 0.000000 0.000000 1.683844 1.432442 1.222864 1.206671 2.080358 1.106015 0.000000 0.000000 0.000000 0.000000 
0.000000 0.000000 3.224639 3.014149 2.508904 1.930535 2.644724 3.014494 2.356630 1.842194 0.000000 0.000000 0.000000 0.000000 0.000000 0.000000 0.000000 0.000000 0.000000 0.000000 0.000000 0.000000 0.000000 0.000000 0.000000 0.000000 0.000000 0.000000 0.000000 0.000000 1.713670 1.213816 0.000000 0.000000 0.000000 0.000000 
0.000000 0.000000 2.310516 2.195304 1.982020 2.407650 2.384455 0.000000 1.841121 1.577764 0.000000 0.000000 1.162881 1.596974 0.000000 0.000000 0.000000 0.000000 0.000000 0.000000 0.000000 0.000000 0.000000 0.000000 0.000000 0.000000 1.887709 1.773770 1.495737 1.354832 1.839082 1.526140 0.000000 0.000000 0.000000 0.000000 
0.000000 0.000000 0.000000 1.528497 1.889641 2.098206 2.138059 1.485148 0.000000 0.000000 0.000000 1.861805 1.513244 0.959516 0.000000 0.000000 0.000000 0.000000 0.000000 0.000000 0.000000 0.000000 0.000000 0.000000 0.000000 0.000000 2.416308 2.194548 1.723363 1.765635 2.479212 1.894913 1.355389 0.000000 0.000000 0.000000 
0.000000 0.000000 0.000000 0.000000 0.000000 0.000000 1.280443 0.000000 1.541682 2.003611 2.086224 1.940523 1.493115 1.061002 0.860397 0.000000 0.000000 0.000000 0.000000 0.000000 0.000000 0.000000 0.000000 0.000000 1.490453 1.798396 2.571543 2.644632 1.987422 1.853044 2.424785 1.991453 1.304527 0.921598 0.000000 0.000000 
0.000000 0.000000 0.000000 0.000000 0.000000 0.000000 0.985407 1.216726 2.070717 2.251727 1.606193 1.692979 1.977126 1.572631 0.000000 0.000000 0.000000 0.000000 0.000000 0.000000 0.000000 0.000000 0.000000 0.000000 0.000000 0.000000 2.715587 2.597693 2.134894 2.346443 1.991480 2.056442 1.208717 0.000000 0.000000 0.000000 
0.000000 0.000000 0.000000 0.000000 0.000000 0.000000 1.078480 1.648387 1.892740 1.393286 1.448903 1.614911 1.677209 1.350480 1.373770 1.527023 0.000000 0.000000 0.000000 0.000000 0.000000 0.000000 0.000000 0.000000 0.000000 1.493949 2.635878 2.143720 2.208723 2.193701 1.874857 1.529375 0.000000 1.020512 0.000000 0.000000 
0.000000 0.000000 0.000000 0.000000 0.000000 0.000000 0.000000 0.000000 2.146369 0.000000 0.967575 0.839017 0.905220 1.086139 1.471189 0.000000 0.000000 0.000000 0.000000 0.000000 0.000000 1.317351 0.000000 0.000000 0.000000 1.055272 2.016863 2.355602 2.367348 1.854595 1.989211 1.468037 0.000000 0.000000 0.000000 0.000000 
0.000000 0.000000 0.000000 0.000000 0.000000 0.000000 0.000000 1.619644 0.886605 0.000000 1.139778 0.712812 0.723525 1.063561 1.320628 1.055950 0.000000 0.000000 0.000000 0.000000 0.000000 0.000000 0.000000 0.000000 0.000000 0.000000 1.515355 2.335947 2.710301 2.037437 2.009035 0.000000 0.000000 0.000000 0.000000 0.000000 
0.000000 0.000000 0.000000 0.000000 0.000000 0.000000 0.000000 0.000000 0.664195 0.903244 0.000000 0.000000 0.746003 0.891603 1.057022 0.909707 0.000000 0.000000 0.000000 0.000000 0.000000 0.000000 0.000000 0.000000 0.000000 1.178618 1.735360 1.917412 2.473455 1.708807 1.634860 0.000000 0.000000 0.000000 0.000000 0.000000 
0.000000 0.000000 0.000000 0.000000 0.000000 0.000000 1.893263 1.833549 1.558544 0.970497 1.058540 0.000000 0.000000 0.000000 0.000000 0.000000 0.000000 0.000000 0.000000 0.000000 0.000000 0.000000 0.000000 0.000000 0.000000 0.000000 1.986923 2.163194 2.553054 2.109749 1.480818 0.000000 0.000000 0.000000 0.000000 0.000000 
0.000000 0.000000 0.000000 0.000000 1.528019 0.947553 1.103127 1.724853 1.641710 0.000000 0.000000 0.000000 0.000000 0.000000 0.000000 0.000000 0.000000 0.000000 0.000000 0.000000 0.000000 0.000000 0.000000 0.000000 0.000000 0.000000 0.000000 0.000000 0.000000 0.000000 0.000000 0.000000 0.000000 0.000000 0.000000 0.000000 
0.000000 0.000000 0.000000 0.000000 1.065730 1.353607 1.416535 1.136232 0.000000 0.000000 0.000000 0.000000 0.000000 0.000000 0.000000 0.000000 0.000000 0.000000 0.000000 0.000000 0.000000 0.000000 0.000000 0.000000 0.000000 0.000000 0.000000 0.000000 0.000000 0.000000 0.000000 0.000000 0.000000 0.000000 0.000000 0.000000 
0.000000 0.000000 0.000000 1.293200 1.588527 0.000000 1.144848 1.777175 0.000000 0.648132 1.028434 0.000000 0.000000 0.000000 0.000000 0.000000 0.000000 0.000000 0.000000 0.000000 0.000000 0.000000 0.000000 0.000000 0.000000 0.000000 0.000000 0.000000 0.000000 0.000000 0.000000 0.000000 0.000000 0.000000 0.000000 0.000000 
0.000000 0.000000 0.000000 0.000000 1.278773 0.869385 1.426138 1.352353 0.000000 0.000000 0.000000 0.000000 0.000000 0.000000 0.000000 0.000000 0.000000 0.000000 0.000000 0.000000 0.000000 0.000000 0.000000 0.000000 0.000000 0.000000 0.000000 0.000000 0.000000 0.000000 0.000000 0.000000 0.000000 0.000000 0.000000 0.000000 
0.000000 0.000000 0.000000 0.000000 0.000000 0.000000 0.000000 0.000000 0.000000 0.000000 0.000000 0.000000 0.000000 0.000000 0.000000 0.000000 0.000000 0.000000 0.000000 0.000000 0.000000 0.000000 0.000000 0.000000 0.000000 0.000000 0.000000 0.000000 0.000000 0.000000 0.000000 0.000000 0.000000 0.000000 0.000000 0.000000 
0.000000 0.000000 0.000000 0.000000 0.000000 0.000000 0.000000 0.000000 0.000000 0.092938 0.390570 0.450060 0.000000 0.000000 0.000000 0.000000 0.000000 0.000000 0.000000 0.000000 0.000000 0.000000 0.000000 0.000000 0.000000 0.000000 0.000000 0.000000 0.000000 0.000000 0.000000 0.000000 0.000000 0.000000 0.000000 0.000000 

Z-7
0.000000 0.000000 0.000000 0.000000 0.000000 0.000000 0.000000 0.000000 0.000000 0.000000 0.000000 0.000000 0.000000 0.000000 0.000000 0.000000 0.000000 0.000000 0.000000 0.000000 0.000000 0.000000 0.000000 0.000000 0.000000 0.000000 0.000000 0.000000 0.000000 0.000000 0.000000 0.000000 0.000000 0.000000 0.000000 0.000000 
0.000000 0.000000 0.000000 0.000000 0.000000 0.000000 0.000000 0.000000 0.000000 0.000000 0.000000 0.000000 0.000000 0.000000 0.000000 0.000000 0.000000 0.000000 0.000000 0.000000 0.000000 0.000000 0.000000 0.000000 0.000000 0.000000 0.000000 0.000000 0.000000 0.000000 0.000000 0.000000 0.000000 0.000000 0.000000 0.000000 
0.000000 0.000000 0.000000 0.000000 0.000000 0.000000 0.000000 0.000000 0.000000 0.000000 0.000000 0.000000 0.000000 0.000000 0.000000 0.000000 0.000000 0.000000 0.000000 0.000000 0.000000 0.000000 0.000000 0.000000 0.000000 0.000000 0.000000 0.000000 0.000000 0.000000 0.000000 0.000000 0.000000 0.000000 0.000000 0.000000 
0.000000 0.000000 0.000000 0.000000 0.000000 0.000000 0.000000 0.000000 0.000000 0.000000 0.000000 0.000000 0.000000 0.000000 0.000000 0.000000 0.000000 0.000000 0.000000 0.000000 0.000000 0.000000 0.000000 0.000000 0.000000 0.000000 0.000000 0.000000 0.000000 0.000000 0.000000 0.000000 0.000000 0.000000 0.000000 0.000000 
0.000000 0.000000 0.000000 0.000000 0.000000 0.000000 0.000000 0.000000 0.000000 0.000000 0.000000 0.000000 0.000000 0.000000 0.000000 0.000000 0.000000 0.000000 0.000000 0.000000 0.000000 0.000000 0.000000 0.000000 0.000000 0.000000 0.000000 0.000000 0.000000 0.000000 0.000000 0.000000 0.000000 0.000000 0.000000 0.000000 
0.000000 0.000000 0.000000 0.000000 0.000000 0.000000 0.000000 0.000000 0.000000 0.000000 0.000000 0.000000 0.000000 0.000000 0.000000 0.000000 0.000000 0.000000 0.000000 0.000000 0.000000 0.000000 0.000000 0.000000 0.000000 0.000000 0.000000 0.000000 0.000000 0.000000 0.000000 0.000000 0.000000 0.000000 0.000000 0.000000 
0.000000 0.000000 0.000000 0.000000 0.000000 0.000000 0.000000 0.000000 0.000000 0.000000 0.000000 0.000000 0.000000 0.000000 0.000000 1.043579 0.000000 0.000000 0.000000 0.000000 0.000000 0.000000 0.000000 0.000000 0.000000 0.000000 0.000000 0.000000 0.000000 0.000000 0.000000 0.000000 0.000000 0.000000 0.000000 0.000000 
0.000000 0.000000 0.000000 0.000000 0.000000 0.000000 1.002269 0.530875 0.858977 1.601368 0.000000 0.000000 0.000000 0.000000 0.000000 0.000000 0.000000 0.000000 0.000000 0.000000 0.000000 0.000000 0.000000 0.000000 0.000000 0.000000 0.000000 0.000000 0.000000 0.000000 0.000000 0.000000 0.000000 0.000000 0.000000 0.000000 
0.000000 0.000000 0.000000 0.000000 0.000000 0.754095 1.127916 1.698577 1.682524 1.963785 2.191840 0.000000 0.000000 0.000000 0.000000 0.000000 0.000000 0.000000 0.000000 0.000000 0.000000 0.000000 0.000000 0.000000 0.000000 0.000000 0.000000 0.000000 0.000000 0.000000 0.000000 0.000000 0.000000 0.000000 0.000000 0.000000 
0.000000 0.000000 0.000000 0.000000 1.449783 1.002466 1.507399 2.153046 2.397561 2.471666 1.742340 0.000000 0.000000 0.000000 1.247070 0.000000 0.000000 0.000000 0.000000 0.000000 0.000000 0.000000 0.000000 0.000000 0.000000 1.282344 1.110237 1.199329 1.695363 1.176416 0.000000 0.000000 0.000000 0.000000 0.000000 0.000000 
0.000000 0.000000 0.000000 0.000000 2.429691 1.978434 2.617732 2.667762 2.506230 2.169341 1.279258 0.904695 0.000000 0.000000 0.000000 0.000000 0.000000 0.000000 0.000000 0.000000 0.000000 0.000000 0.000000 0.000000 0.000000 1.180758 0.000000 1.517921 1.412092 0.000000 1.226338 1.445238 0.000000 0.000000 0.000000 0.000000 
0.000000 0.000000 0.000000 0.000000 2.540661 2.465963 2.201080 1.909908 1.439704 1.226930 1.121189 1.203447 0.000000 0.000000 0.000000 0.000000 0.000000 0.000000 0.000000 0.000000 0.000000 0.000000 0.000000 0.000000 0.000000 1.091288 1.321278 1.587225 1.660323 0.000000 0.000000 0.000000 0.000000 0.000000 0.000000 0.000000 
0.000000 0.000000 0.000000 0.000000 0.000000 2.682303 3.722932 3.238550 2.340530 2.297795 0.000000 0.000000 0.000000 0.000000 0.000000 0.000000 0.000000 0.000000 0.000000 0.000000 0.000000 0.000000 0.000000 0.000000 0.000000 0.000000 1.512452 1.793586 1.573466 0.000000 0.000000 0.000000 0.000000 0.000000 0.000000 0.000000 
0.000000 0.000000 0.000000 0.000000 3.403655 3.902947 4.621067 2.680276 2.470598 3.006736 2.135969 1.530919 0.000000 0.000000 0.000000 0.000000 0.000000 0.000000 0.000000 0.000000 0.000000 0.000000 0.000000 0.000000 0.000000 0.000000 1.471051 1.477657 1.666029 1.008845 0.000000 0.000000 0.000000 0.000000 0.000000 0.000000 
0.000000 0.000000 2.914454 3.550258 3.430230 2.772291 2.450403 2.244954 2.357212 2.380665 1.949589 1.346873 0.000000 0.000000 0.000000 0.000000 0.000000 0.000000 0.000000 0.000000 0.000000 0.000000 0.000000 0.000000 0.000000 1.649309 1.160345 1.256794 1.350715 0.000000 0.903164 1.108032 0.000000 0.000000 0.000000 0.000000 
0.000000 0.000000 2.452035 2.094089 2.566158 2.207291 1.974511 2.552513 2.260854 1.991288 1.243306 0.000000 0.000000 0.000000 0.000000 0.000000 0.000000 0.000000 0.000000 0.000000 0.000000 0.000000 0.000000 0.000000 0.000000 1.569015 1.302523 1.030293 1.287153 0.000000 0.000000 1.787367 0.000000 0.000000 0.000000 0.000000 
0.000000 0.000000 0.000000 2.140521 0.000000 2.345982 2.291469 2.160767 1.995177 0.938098 0.638089 0.000000 0.000000 0.000000 0.000000 0.000000 0.000000 0.000000 0.000000 0.000000 0.000000 0.000000 0.000000 0.000000 0.000000 0.000000 1.629591 0.000000 1.270819 1.473821 2.164615 1.846414 0.000000 0.000000 0.000000 0.000000 
0.000000 0.000000 0.000000 1.897059 0.000000 0.000000 2.156223 1.565807 0.666025 0.000000 0.000000 2.183050 0.000000 1.058198 0.891770 0.000000 0.000000 0.000000 0.000000 0.000000 0.000000 0.000000 0.000000 0.000000 0.000000 0.000000 1.952434 2.110824 1.810908 1.848635 1.851790 0.000000 0.000000 0.000000 0.000000 0.000000 
0.000000 0.000000 0.000000 1.934669 0.000000 0.000000 0.000000 0.000000 1.628761 1.453684 2.164307 0.000000 0.000000 1.573492 0.951973 0.000000 0.000000 0.000000 0.000000 0.000000 0.000000 0.000000 0.000000 0.000000 0.000000 1.202011 1.769456 2.365794 1.918564 2.110400 1.491240 0.000000 1.304648 0.601717 0.000000 0.000000 
0.000000 0.000000 0.000000 0.000000 0.000000 0.000000 1.023402 1.006698 1.820343 4.318356 2.297905 1.357274 1.379317 1.535985 0.000000 0.000000 0.000000 0.000000 0.000000 0.000000 0.000000 0.000000 0.000000 0.000000 0.000000 0.000000 1.702241 2.672058 2.299208 2.034012 1.494551 1.196169 1.159603 0.818119 0.000000 0.000000 
0.000000 0.000000 0.000000 0.000000 0.000000 0.000000 0.658559 1.161216 3.337598 2.897626 1.338952 0.000000 1.578288 1.314212 1.357869 0.000000 0.000000 0.000000 0.000000 0.000000 0.000000 0.000000 0.000000 0.000000 0.000000 1.267125 2.092679 2.770652 2.716814 2.639710 1.229577 0.000000 0.000000 0.000000 0.000000 0.000000 
0.000000 0.000000 0.000000 0.000000 0.000000 0.000000 0.000000 0.000000 2.492830 0.000000 1.021179 1.356667 1.483240 1.446783 1.187001 0.000000 0.000000 0.000000 0.000000 0.000000 0.000000 0.000000 0.000000 0.000000 0.000000 1.107688 2.309202 3.365887 2.752310 2.456687 1.393530 0.941270 0.000000 0.000000 0.000000 0.000000 
0.000000 0.000000 0.000000 0.000000 0.000000 0.000000 0.000000 0.000000 0.000000 0.000000 1.028943 1.070892 1.178507 1.072666 0.000000 1.034881 0.000000 0.000000 0.000000 0.000000 0.000000 0.000000 0.000000 0.000000 0.000000 0.000000 0.000000 2.456587 2.983745 2.313125 0.000000 0.000000 0.000000 0.000000 0.000000 0.000000 
0.000000 0.000000 0.000000 0.000000 0.000000 0.000000 0.000000 0.000000 1.151458 1.005989 0.778163 1.452214 1.460936 0.459766 0.561731 0.770174 0.000000 0.000000 0.000000 0.000000 0.000000 0.000000 0.000000 0.000000 0.000000 0.000000 0.000000 0.000000 2.116769 2.477971 1.686108 0.000000 0.000000 0.000000 0.000000 0.000000 
0.000000 0.000000 0.000000 0.000000 0.000000 0.000000 0.000000 1.755873 1.584143 1.180925 1.661209 1.342521 1.032067 0.000000 0.000000 0.000000 0.000000 0.000000 0.000000 0.000000 0.000000 0.000000 0.000000 0.000000 0.000000 0.000000 0.000000 0.877377 1.059238 2.250178 2.066021 0.000000 0.000000 0.000000 0.000000 0.000000 
0.000000 0.000000 0.000000 0.000000 0.965080 1.179339 1.801146 2.054592 0.000000 2.082035 2.504424 0.000000 0.000000 0.000000 0.000000 0.000000 0.000000 0.000000 0.000000 0.000000 0.000000 0.000000 0.000000 0.000000 0.000000 0.000000 0.000000 0.000000 0.000000 0.000000 1.740975 0.000000 0.000000 0.000000 0.000000 0.000000 
0.000000 0.000000 0.000000 0.000000 0.000000 1.743170 1.838600 0.000000 0.000000 0.000000 0.000000 0.000000 0.000000 0.000000 0.000000 0.000000 0.000000 0.000000 0.000000 0.000000 0.000000 0.000000 0.000000 0.000000 0.000000 0.000000 0.000000 0.000000 0.000000 0.000000 0.000000 0.000000 0.000000 0.000000 0.000000 0.000000 
0.000000 0.000000 0.000000 2.045373 0.000000 0.000000 0.000000 0.000000 0.000000 0.000000 0.000000 0.000000 0.000000 0.000000 0.000000 0.000000 0.000000 0.000000 0.000000 0.000000 0.000000 0.000000 0.000000 0.000000 0.000000 0.000000 0.000000 0.000000 0.000000 0.000000 0.000000 0.000000 0.000000 0.000000 0.000000 0.000000 
0.000000 0.000000 0.000000 1.635951 0.000000 0.000000 0.000000 0.000000 0.000000 0.000000 0.000000 0.000000 0.000000 0.000000 0.000000 0.000000 0.000000 0.000000 0.000000 0.000000 0.000000 0.000000 0.000000 0.000000 0.000000 0.000000 0.000000 0.000000 0.000000 0.000000 0.000000 0.000000 0.000000 0.000000 0.000000 0.000000 
0.000000 0.000000 0.000000 0.000000 0.000000 0.000000 0.000000 0.000000 0.000000 0.000000 0.000000 0.000000 0.000000 0.000000 0.000000 0.000000 0.000000 0.000000 0.000000 0.000000 0.000000 0.000000 0.000000 0.000000 0.000000 0.000000 0.000000 0.000000 0.000000 0.000000 0.000000 0.000000 0.000000 0.000000 0.000000 0.000000 
0.000000 0.000000 0.000000 0.000000 0.000000 0.000000 0.000000 0.000000 0.000000 0.000000 0.000000 0.000000 0.000000 0.000000 0.000000 0.000000 0.000000 0.000000 0.000000 0.000000 0.000000 0.000000 0.000000 0.000000 0.000000 0.000000 0.000000 0.000000 0.000000 0.000000 0.000000 0.000000 0.000000 0.000000 0.000000 0.000000 

Z-6
0.000000 0.000000 0.000000 0.000000 0.000000 0.000000 0.000000 0.000000 0.000000 0.000000 0.000000 0.000000 0.000000 0.000000 0.000000 0.000000 0.000000 0.000000 0.000000 0.000000 0.000000 0.000000 0.000000 0.000000 0.000000 0.000000 0.000000 0.000000 0.000000 0.000000 0.000000 0.000000 0.000000 0.000000 0.000000 0.000000 
0.000000 0.000000 0.000000 0.000000 0.000000 0.000000 0.000000 0.000000 0.000000 0.000000 0.000000 0.000000 0.000000 0.000000 0.000000 0.000000 0.000000 0.000000 0.000000 0.000000 0.000000 0.000000 0.000000 0.000000 0.000000 0.000000 0.000000 0.000000 0.000000 0.000000 0.000000 0.000000 0.000000 0.000000 0.000000 0.000000 
0.000000 0.000000 0.000000 0.000000 0.000000 0.000000 0.000000 0.000000 0.000000 0.000000 0.000000 0.000000 0.000000 0.000000 0.000000 0.000000 0.000000 0.000000 0.000000 0.000000 0.000000 0.000000 0.000000 0.000000 0.000000 0.000000 0.000000 0.000000 0.000000 0.000000 0.000000 0.000000 0.000000 0.000000 0.000000 0.000000 
0.000000 0.000000 0.000000 0.000000 0.000000 0.000000 0.000000 0.000000 0.000000 0.000000 0.000000 0.000000 0.000000 0.000000 0.000000 0.000000 0.000000 0.000000 0.000000 0.000000 0.000000 0.000000 0.000000 0.000000 0.000000 0.000000 0.000000 0.000000 0.000000 0.000000 0.000000 0.000000 0.000000 0.000000 0.000000 0.000000 
0.000000 0.000000 0.000000 0.000000 0.000000 0.000000 0.000000 0.000000 0.000000 0.000000 0.000000 0.000000 0.000000 0.000000 0.000000 0.000000 0.000000 0.000000 0.000000 0.000000 0.000000 0.000000 0.000000 0.000000 0.000000 0.000000 0.000000 0.000000 0.000000 0.000000 0.000000 0.000000 0.000000 0.000000 0.000000 0.000000 
0.000000 0.000000 0.000000 0.000000 0.000000 0.000000 0.000000 0.000000 0.000000 0.000000 0.000000 0.000000 0.000000 0.000000 0.000000 0.000000 0.000000 0.000000 0.000000 0.000000 0.000000 0.000000 0.000000 0.000000 0.000000 0.000000 0.000000 0.000000 0.000000 0.000000 0.000000 0.000000 0.000000 0.000000 0.000000 0.000000 
0.000000 0.000000 0.000000 0.000000 0.000000 0.000000 0.000000 0.000000 0.000000 0.000000 0.000000 0.000000 0.000000 0.000000 0.000000 0.000000 0.000000 0.000000 0.000000 0.000000 0.000000 0.000000 0.000000 0.000000 0.000000 0.000000 0.000000 0.000000 0.000000 0.000000 0.000000 0.000000 0.000000 0.000000 0.000000 0.000000 
0.000000 0.000000 0.000000 0.000000 0.000000 0.000000 1.127343 0.910446 0.794795 0.612915 0.000000 0.000000 0.000000 0.000000 0.000000 0.000000 0.000000 0.000000 0.000000 0.000000 0.000000 0.000000 0.000000 0.000000 0.000000 0.000000 0.832978 0.823297 0.000000 0.000000 0.000000 0.000000 0.000000 0.000000 0.000000 0.000000 
0.000000 0.000000 0.000000 0.000000 0.000000 0.000000 1.208641 1.286062 2.130987 2.179559 2.340422 0.000000 0.000000 0.000000 0.000000 0.000000 0.000000 0.000000 0.000000 0.000000 0.000000 0.000000 0.000000 0.000000 0.000000 1.152354 1.136661 1.018686 1.277556 0.000000 0.000000 0.000000 0.000000 0.000000 0.000000 0.000000 
0.000000 0.000000 0.000000 0.000000 1.169704 1.014371 1.774495 2.188110 2.807695 2.487537 2.571405 0.000000 0.000000 0.000000 0.000000 0.000000 0.000000 0.000000 0.000000 0.000000 0.000000 0.000000 0.000000 0.000000 1.459114 1.791276 1.339213 1.436075 1.472244 0.000000 0.000000 0.000000 0.000000 0.000000 0.000000 0.000000 
0.000000 0.000000 0.000000 0.000000 2.308349 1.858068 2.020344 2.278045 2.751024 2.181422 1.322823 0.000000 0.000000 0.000000 0.000000 0.000000 0.000000 0.000000 0.000000 0.000000 0.000000 0.000000 0.000000 0.000000 1.914448 1.789634 1.477047 1.445231 1.428097 0.000000 0.000000 0.000000 0.000000 0.000000 0.000000 0.000000 
0.000000 0.000000 0.000000 0.000000 2.972472 3.860949 3.207056 2.794038 0.000000 2.370639 0.000000 0.000000 0.000000 0.000000 0.000000 0.000000 0.000000 0.000000 0.000000 0.000000 0.000000 0.000000 0.000000 0.000000 1.916375 1.564499 1.597334 1.799677 1.537942 0.955695 0.000000 0.000000 0.000000 0.000000 0.000000 0.000000 
0.000000 0.000000 0.000000 2.954900 3.249978 3.440331 3.617557 4.338441 3.437682 1.874540 0.000000 0.000000 0.000000 0.000000 0.000000 0.000000 0.000000 0.000000 0.000000 0.000000 0.000000 0.000000 0.000000 0.000000 0.000000 0.000000 1.688054 1.638904 1.535788 1.004946 0.000000 0.000000 0.000000 0.000000 0.000000 0.000000 
0.000000 0.000000 2.419711 2.742828 2.858732 2.939619 4.394806 3.148166 2.423246 1.918243 1.672961 1.325085 1.193223 0.000000 0.000000 0.000000 0.000000 0.000000 0.000000 0.000000 0.000000 0.000000 0.000000 0.000000 1.349778 1.519116 1.076600 1.056905 1.304906 0.000000 0.000000 0.000000 0.000000 0.000000 0.000000 0.000000 
0.000000 0.000000 0.000000 0.000000 2.363851 2.145552 2.472981 2.202898 2.443881 2.544346 0.000000 1.215087 0.476593 0.000000 0.000000 0.000000 0.000000 0.000000 0.000000 0.000000 0.000000 0.000000 0.000000 0.000000 1.097477 2.115658 0.949364 0.000000 1.081799 0.000000 0.000000 0.000000 0.000000 0.000000 0.000000 0.000000 
0.000000 0.000000 2.113827 2.601680 2.784352 2.488770 2.539422 2.491349 2.301636 2.077990 1.244725 0.000000 0.000000 0.000000 0.000000 0.000000 0.000000 0.000000 0.000000 0.000000 0.000000 0.000000 0.000000 0.000000 1.790599 1.755156 0.000000 0.000000 0.000000 0.000000 0.000000 0.000000 0.000000 0.000000 0.000000 0.000000 
0.000000 0.000000 0.000000 2.285808 0.000000 0.000000 2.372364 2.000868 1.545871 0.902070 0.562104 0.000000 0.000000 0.000000 0.000000 0.000000 0.000000 0.000000 0.000000 0.000000 0.000000 0.000000 0.000000 0.000000 0.000000 0.000000 0.000000 0.000000 0.000000 1.158128 1.772069 1.092307 0.000000 0.000000 0.000000 0.000000 
0.000000 0.000000 0.000000 1.853570 0.000000 0.000000 1.852229 0.000000 1.548190 1.194666 0.000000 0.000000 0.000000 0.000000 0.000000 0.000000 0.000000 0.000000 0.000000 0.000000 0.000000 0.000000 0.000000 0.000000 0.000000 0.000000 1.129782 1.265679 1.670205 0.000000 0.000000 0.000000 0.000000 0.000000 0.000000 0.000000 
0.000000 0.000000 0.000000 0.000000 0.000000 0.000000 0.000000 0.000000 1.399151 1.370366 0.000000 0.000000 0.000000 0.000000 0.000000 0.000000 0.000000 0.000000 0.000000 0.000000 0.000000 0.000000 0.000000 0.000000 0.000000 1.002402 1.004050 0.000000 2.081379 1.744681 0.000000 0.000000 0.000000 0.563196 0.000000 0.000000 
0.000000 0.000000 0.000000 0.000000 0.000000 0.000000 0.000000 0.000000 1.327547 3.267400 0.000000 1.444947 1.140437 1.603986 0.000000 0.000000 0.000000 0.000000 0.000000 0.000000 0.000000 0.000000 0.000000 0.000000 0.000000 0.000000 1.185590 2.665033 2.886640 2.166296 1.183930 0.000000 0.784897 0.681088 0.000000 0.000000 
0.000000 0.000000 0.000000 0.000000 0.000000 0.000000 0.000000 0.822668 1.061110 1.889741 1.706947 1.287376 1.091030 0.000000 0.000000 0.000000 0.000000 0.000000 0.000000 0.000000 0.000000 0.000000 0.000000 0.000000 0.000000 0.000000 0.000000 2.629234 2.880709 2.459725 0.000000 0.000000 0.000000 0.000000 0.000000 0.000000 
0.000000 0.000000 0.000000 0.000000 0.000000 0.000000 0.000000 0.000000 0.898892 0.901704 1.136194 1.401958 1.795617 1.839192 1.284318 0.000000 0.000000 0.000000 0.000000 0.000000 0.000000 0.000000 0.000000 0.000000 0.000000 0.000000 1.670449 2.506956 2.456335 2.594059 1.697795 0.000000 0.000000 0.000000 0.000000 0.000000 
0.000000 0.000000 0.000000 0.000000 0.000000 0.000000 0.000000 0.000000 0.821563 1.099017 1.286556 1.298769 2.023647 2.576110 0.000000 0.000000 0.000000 0.000000 0.000000 0.000000 0.000000 0.000000 0.000000 0.000000 0.000000 0.000000 0.989421 2.208471 2.536053 2.413127 2.206217 1.135889 0.000000 0.000000 0.000000 0.000000 
0.000000 0.000000 0.000000 0.000000 0.000000 0.000000 1.078903 1.139922 1.547615 1.823170 0.000000 0.000000 1.840215 1.326439 0.000000 0.000000 0.000000 0.000000 0.000000 0.000000 0.000000 0.000000 0.000000 0.000000 0.000000 0.000000 0.000000 1.269069 1.915622 2.233005 2.082822 0.000000 0.000000 0.000000 0.000000 0.000000 
0.000000 0.000000 0.000000 0.000000 0.000000 0.000000 1.049298 2.429038 2.382014 1.718611 0.000000 0.000000 0.000000 0.000000 0.000000 0.000000 0.000000 0.000000 0.000000 0.000000 0.000000 0.000000 0.000000 0.000000 0.000000 0.000000 0.000000 0.000000 0.000000 1.897373 2.318560 0.000000 0.000000 0.000000 0.000000 0.000000 
0.000000 0.000000 0.000000 0.000000 0.423582 0.000000 1.789946 2.233617 1.792135 1.238987 1.476761 0.000000 0.000000 0.000000 0.000000 0.000000 0.000000 0.000000 0.000000 0.000000 0.000000 0.000000 0.000000 0.000000 0.000000 0.000000 0.000000 0.000000 0.000000 0.000000 0.000000 0.000000 0.000000 0.000000 0.000000 0.000000 
0.000000 0.000000 0.000000 0.000000 0.000000 0.000000 0.000000 0.000000 0.000000 0.000000 0.000000 0.000000 0.000000 0.000000 0.000000 0.000000 0.000000 0.000000 0.000000 0.000000 0.000000 0.000000 0.000000 0.000000 0.000000 0.000000 0.000000 0.000000 0.000000 0.000000 0.000000 0.000000 0.000000 0.000000 0.000000 0.000000 
0.000000 0.000000 0.000000 0.000000 0.000000 0.000000 0.000000 0.000000 0.000000 0.000000 0.000000 0.000000 0.000000 0.000000 0.000000 0.000000 0.000000 0.000000 0.000000 0.000000 0.000000 0.000000 0.000000 0.000000 0.000000 0.000000 0.000000 0.000000 0.000000 0.000000 0.000000 0.000000 0.000000 0.000000 0.000000 0.000000 
0.000000 0.000000 0.000000 0.873377 0.000000 0.000000 0.000000 0.000000 0.000000 0.000000 0.000000 0.000000 0.000000 0.000000 0.000000 0.000000 0.000000 0.000000 0.000000 0.000000 0.000000 0.000000 0.000000 0.000000 0.000000 0.000000 0.000000 0.000000 0.000000 0.000000 0.000000 0.000000 0.000000 0.000000 0.000000 0.000000 
0.000000 0.000000 0.000000 0.000000 0.000000 0.000000 0.000000 0.000000 0.000000 0.000000 0.000000 0.000000 0.000000 0.000000 0.000000 0.000000 0.000000 0.000000 0.000000 0.000000 0.000000 0.000000 0.000000 0.000000 0.000000 0.000000 0.000000 0.000000 0.000000 0.000000 0.000000 0.000000 0.000000 0.000000 0.000000 0.000000 
0.000000 0.000000 0.000000 0.000000 0.000000 0.000000 0.000000 0.000000 0.000000 0.000000 0.000000 0.000000 0.000000 0.000000 0.000000 0.000000 0.000000 0.000000 0.000000 0.000000 0.000000 0.000000 0.000000 0.000000 0.000000 0.000000 0.000000 0.000000 0.000000 0.000000 0.000000 0.000000 0.000000 0.000000 0.000000 0.000000 

Z-5
0.000000 0.000000 0.000000 0.000000 0.000000 0.000000 0.000000 0.000000 0.000000 0.000000 0.000000 0.000000 0.000000 0.000000 0.000000 0.000000 0.000000 0.000000 0.000000 0.000000 0.000000 0.000000 0.000000 0.000000 0.000000 0.000000 0.000000 0.000000 0.000000 0.000000 0.000000 0.000000 0.000000 0.000000 0.000000 0.000000 
0.000000 0.000000 0.000000 0.000000 0.000000 0.000000 0.000000 0.000000 0.000000 0.000000 0.000000 0.000000 0.000000 0.000000 0.000000 0.000000 0.000000 0.000000 0.000000 0.000000 0.000000 0.000000 0.000000 0.000000 0.000000 0.000000 0.000000 0.000000 0.000000 0.000000 0.000000 0.000000 0.000000 0.000000 0.000000 0.000000 
0.000000 0.000000 0.000000 0.000000 0.000000 0.000000 0.000000 0.000000 0.000000 0.000000 0.000000 0.000000 0.000000 0.000000 0.000000 0.000000 0.000000 0.000000 0.000000 0.000000 0.000000 0.000000 0.000000 0.000000 0.000000 0.000000 0.000000 0.000000 0.000000 0.000000 0.000000 0.000000 0.000000 0.000000 0.000000 0.000000 
0.000000 0.000000 0.000000 0.000000 0.000000 0.000000 0.000000 0.000000 0.000000 0.000000 0.000000 0.000000 0.000000 0.000000 0.000000 0.000000 0.000000 0.000000 0.000000 0.000000 0.000000 0.000000 0.000000 0.000000 0.000000 0.000000 0.000000 0.000000 0.000000 0.000000 0.000000 0.000000 0.000000 0.000000 0.000000 0.000000 
0.000000 0.000000 0.000000 0.000000 0.000000 0.000000 0.000000 0.000000 0.000000 0.000000 0.000000 0.000000 0.000000 0.000000 0.000000 0.000000 0.000000 0.000000 0.000000 0.000000 0.000000 0.000000 0.000000 0.000000 0.000000 0.000000 0.000000 0.000000 0.000000 0.000000 0.000000 0.000000 0.000000 0.000000 0.000000 0.000000 
0.000000 0.000000 0.000000 0.000000 0.000000 0.000000 0.000000 0.000000 0.000000 0.000000 0.000000 0.000000 0.000000 0.000000 0.000000 0.000000 0.000000 0.000000 0.000000 0.000000 0.000000 0.000000 0.000000 0.000000 0.000000 0.000000 0.000000 0.000000 0.000000 0.000000 0.000000 0.000000 0.000000 0.000000 0.000000 0.000000 
0.000000 0.000000 0.000000 0.000000 0.000000 0.000000 0.000000 0.000000 0.000000 0.000000 0.000000 0.000000 0.000000 0.000000 0.000000 0.000000 0.000000 0.000000 0.000000 0.000000 0.000000 0.000000 0.000000 0.000000 0.000000 0.000000 0.000000 0.000000 0.000000 0.000000 0.000000 0.000000 0.000000 0.000000 0.000000 0.000000 
0.000000 0.000000 0.000000 0.000000 0.000000 0.000000 0.000000 0.239600 0.299562 0.708208 0.000000 0.000000 0.000000 0.000000 0.000000 0.000000 0.000000 0.000000 0.000000 0.000000 0.000000 0.000000 0.000000 0.000000 1.064385 0.000000 0.000000 1.180504 1.095879 0.000000 0.000000 0.000000 0.000000 0.000000 0.000000 0.000000 
0.000000 0.000000 0.000000 0.000000 0.000000 0.538499 0.813339 1.093079 1.420666 1.552335 0.000000 0.000000 0.000000 0.000000 0.000000 0.000000 0.000000 0.000000 0.000000 0.000000 0.000000 0.000000 0.000000 0.000000 1.165493 1.439657 1.915812 1.279548 1.401993 0.000000 0.000000 0.000000 0.000000 0.000000 0.000000 0.000000 
0.000000 0.000000 0.000000 0.000000 1.033807 1.236906 1.566534 1.947214 2.424750 2.619451 2.450248 0.000000 0.000000 0.000000 0.000000 0.000000 0.000000 0.000000 0.000000 0.000000 0.000000 0.000000 0.000000 0.000000 0.000000 1.740167 1.719668 1.451002 1.732723 2.015430 1.267249 0.924107 0.000000 0.000000 0.000000 0.000000 
0.000000 0.000000 0.000000 1.073670 1.334549 1.905211 2.545820 2.576408 3.249787 3.194111 2.583120 0.000000 0.000000 0.000000 0.000000 0.000000 0.000000 0.000000 0.000000 0.000000 0.000000 0.000000 0.000000 0.000000 1.368320 1.799583 1.540306 1.879146 1.920759 1.566049 1.139677 0.559578 0.000000 0.000000 0.000000 0.000000 
0.000000 0.000000 0.000000 2.386473 2.497301 2.711633 2.706256 2.812843 2.911863 0.000000 0.000000 0.000000 0.000000 0.000000 0.000000 0.000000 0.000000 0.000000 0.000000 0.000000 0.000000 0.000000 0.000000 0.000000 2.692758 1.934800 1.484806 1.792377 1.275769 1.079365 0.000000 0.000000 0.000000 0.000000 0.000000 0.000000 
0.000000 0.000000 0.000000 0.000000 2.636293 2.859027 2.822706 3.201329 2.755552 2.039241 0.000000 0.000000 0.000000 0.000000 0.000000 0.000000 0.000000 0.000000 0.000000 0.000000 0.000000 0.000000 0.000000 0.000000 0.000000 1.122645 1.838994 1.397374 1.250240 1.079066 0.900271 0.000000 0.000000 0.000000 0.000000 0.000000 
0.000000 0.000000 1.707365 0.000000 2.063477 2.820844 2.759008 4.004675 3.106585 2.588916 1.675669 1.332181 1.296275 0.000000 0.000000 0.000000 0.000000 0.000000 0.000000 0.000000 0.000000 0.000000 0.000000 0.000000 1.255014 1.570596 1.866566 1.112203 1.307168 1.285011 0.815011 0.000000 0.000000 0.000000 0.000000 0.000000 
0.000000 0.000000 0.000000 0.000000 0.000000 2.546723 2.946565 2.840344 2.731589 3.064171 1.798159 0.000000 0.514540 0.000000 0.000000 0.000000 0.000000 0.000000 0.000000 0.000000 0.000000 0.000000 0.000000 0.000000 0.784408 1.945389 1.267271 0.912743 0.000000 0.000000 0.000000 0.000000 0.000000 0.000000 0.000000 0.000000 
0.000000 0.000000 0.000000 0.000000 0.000000 2.278117 1.906226 2.189172 2.555898 2.811631 1.919867 0.000000 0.000000 0.000000 0.000000 0.000000 0.000000 0.000000 0.000000 0.000000 0.000000 0.000000 0.000000 0.000000 0.846539 1.444186 0.000000 0.000000 0.000000 0.000000 0.000000 0.000000 0.000000 0.000000 0.000000 0.000000 
0.000000 0.000000 0.000000 0.000000 0.000000 0.000000 1.844789 2.097004 2.210882 1.612152 1.135079 0.000000 0.000000 0.000000 0.000000 0.000000 0.000000 0.000000 0.000000 0.000000 0.000000 0.000000 0.000000 0.000000 0.000000 0.000000 0.000000 0.000000 0.000000 0.000000 0.000000 0.000000 0.000000 0.000000 0.000000 0.000000 
0.000000 0.000000 0.000000 0.000000 0.000000 0.000000 0.000000 0.000000 1.360024 1.221530 0.000000 0.000000 0.000000 0.000000 0.000000 0.000000 0.000000 0.000000 0.000000 0.000000 0.000000 0.000000 0.000000 0.000000 0.000000 0.000000 0.000000 0.000000 0.000000 0.000000 0.000000 0.000000 0.000000 0.000000 0.000000 0.000000 
0.000000 0.000000 0.000000 0.000000 0.000000 0.000000 0.000000 0.000000 1.161174 0.941447 1.067102 1.950026 0.000000 0.000000 0.917677 0.000000 0.000000 0.000000 0.000000 0.000000 0.000000 0.000000 0.000000 0.000000 0.000000 0.000000 0.000000 0.864717 1.847840 1.030192 0.000000 0.000000 0.000000 0.000000 0.000000 0.000000 
0.000000 0.000000 0.000000 0.000000 0.000000 0.000000 0.000000 0.000000 0.000000 0.000000 1.213657 1.229422 1.315530 1.724316 1.492399 0.000000 0.000000 0.000000 0.000000 0.000000 0.000000 0.000000 0.000000 0.000000 0.000000 0.000000 0.318598 0.727712 1.766313 1.255227 0.000000 0.000000 0.000000 0.000000 0.000000 0.000000 
0.000000 0.000000 0.000000 0.000000 0.000000 0.000000 0.000000 0.000000 0.000000 0.953483 1.258421 1.770777 1.787578 1.446298 0.000000 0.000000 0.000000 0.000000 0.000000 0.000000 0.000000 0.000000 0.000000 0.000000 0.000000 0.000000 1.359569 0.950115 1.753146 1.678157 0.000000 0.000000 0.000000 0.000000 0.000000 0.000000 
0.000000 0.000000 0.000000 0.000000 0.000000 0.000000 0.000000 0.000000 0.889958 0.967726 1.872168 2.024079 0.000000 1.811774 0.000000 0.000000 0.000000 0.000000 0.000000 0.000000 0.000000 0.000000 0.000000 0.000000 0.000000 0.000000 2.055996 1.452576 1.414594 2.174713 0.000000 0.000000 0.000000 0.000000 0.000000 0.000000 
0.000000 0.000000 0.000000 0.000000 0.000000 0.000000 0.000000 0.000000 1.064889 1.883174 0.000000 1.215702 1.084147 0.000000 0.000000 0.000000 0.000000 0.000000 0.000000 0.000000 0.000000 0.000000 0.000000 0.000000 0.000000 0.000000 0.000000 1.723851 1.989769 2.224984 1.986925 1.149308 0.000000 0.000000 0.000000 0.000000 
0.000000 0.000000 0.000000 0.000000 0.000000 1.413085 0.991546 1.198358 1.933824 2.132427 0.698212 0.541234 0.958067 1.160737 0.000000 0.000000 0.000000 0.000000 0.000000 0.000000 0.000000 0.000000 0.000000 0.000000 0.000000 0.000000 0.000000 0.000000 2.124533 2.122959 0.000000 0.000000 0.000000 0.000000 0.000000 0.000000 
0.000000 0.000000 0.000000 0.000000 0.000000 0.000000 1.806018 2.499459 2.566853 1.116979 0.471962 0.000000 0.000000 0.000000 0.000000 0.000000 0.000000 0.000000 0.000000 0.000000 0.000000 0.000000 0.000000 0.000000 0.000000 0.000000 0.000000 0.000000 0.000000 0.000000 0.000000 0.000000 0.000000 0.000000 0.000000 0.000000 
0.000000 0.000000 0.000000 0.000000 0.000000 0.000000 1.689673 1.937713 1.853021 1.478009 0.000000 0.000000 0.000000 0.000000 0.000000 0.000000 0.000000 0.000000 0.000000 0.000000 0.000000 0.000000 0.000000 0.000000 0.000000 0.000000 0.000000 0.000000 0.000000 0.000000 0.000000 0.000000 0.000000 0.000000 0.000000 0.000000 
0.000000 0.000000 0.000000 0.000000 0.000000 0.000000 0.000000 0.728413 0.584407 0.000000 0.000000 0.000000 0.000000 0.000000 0.000000 0.000000 0.000000 0.000000 0.000000 0.000000 0.000000 0.000000 0.000000 0.000000 0.000000 0.000000 0.000000 0.000000 0.000000 0.000000 0.000000 0.000000 0.000000 0.000000 0.000000 0.000000 
0.000000 0.000000 0.000000 0.000000 0.000000 0.000000 0.000000 0.000000 0.000000 0.000000 0.000000 0.000000 0.000000 0.000000 0.000000 0.000000 0.000000 0.000000 0.000000 0.000000 0.000000 0.000000 0.000000 0.000000 0.000000 0.000000 0.000000 0.000000 0.000000 0.000000 0.000000 0.000000 0.000000 0.000000 0.000000 0.000000 
0.000000 0.000000 0.000000 0.000000 0.000000 0.000000 0.000000 0.000000 0.000000 0.000000 0.000000 0.000000 0.000000 0.000000 0.000000 0.000000 0.000000 0.000000 0.000000 0.000000 0.000000 0.000000 0.000000 0.000000 0.000000 0.000000 0.000000 0.000000 0.000000 0.000000 0.000000 0.000000 0.000000 0.000000 0.000000 0.000000 
0.000000 0.000000 0.000000 0.000000 0.000000 0.000000 0.000000 0.000000 0.000000 0.000000 0.000000 0.000000 0.000000 0.000000 0.000000 0.000000 0.000000 0.000000 0.000000 0.000000 0.000000 0.000000 0.000000 0.000000 0.000000 0.000000 0.000000 0.000000 0.000000 0.000000 0.000000 0.000000 0.000000 0.000000 0.000000 0.000000 
0.000000 0.000000 0.000000 0.000000 0.000000 0.000000 0.000000 0.000000 0.000000 0.000000 0.000000 0.000000 0.000000 0.000000 0.000000 0.000000 0.000000 0.000000 0.000000 0.000000 0.000000 0.000000 0.000000 0.000000 0.000000 0.000000 0.000000 0.000000 0.000000 0.000000 0.000000 0.000000 0.000000 0.000000 0.000000 0.000000 

Z-4
0.000000 0.000000 0.000000 0.000000 0.000000 0.000000 0.000000 0.000000 0.000000 0.000000 0.000000 0.000000 0.000000 0.000000 0.000000 0.000000 0.000000 0.000000 0.000000 0.000000 0.000000 0.000000 0.000000 0.000000 0.000000 0.000000 0.000000 0.000000 0.000000 0.000000 0.000000 0.000000 0.000000 0.000000 0.000000 0.000000 
0.000000 0.000000 0.000000 0.000000 0.000000 0.000000 0.000000 0.000000 0.000000 0.000000 0.000000 0.000000 0.000000 0.000000 0.000000 0.000000 0.000000 0.000000 0.000000 0.000000 0.000000 0.000000 0.000000 0.000000 0.000000 0.000000 0.000000 0.000000 0.000000 0.000000 0.000000 0.000000 0.000000 0.000000 0.000000 0.000000 
0.000000 0.000000 0.000000 0.000000 0.000000 0.000000 0.000000 0.000000 0.000000 0.000000 0.000000 0.000000 0.000000 0.000000 0.000000 0.000000 0.000000 0.000000 0.000000 0.000000 0.000000 0.000000 0.000000 0.000000 0.000000 0.000000 0.000000 0.000000 0.000000 0.000000 0.000000 0.000000 0.000000 0.000000 0.000000 0.000000 
0.000000 0.000000 0.000000 0.000000 0.000000 0.000000 0.000000 0.000000 0.000000 0.000000 0.000000 0.000000 0.000000 0.000000 0.000000 0.000000 0.000000 0.000000 0.000000 0.000000 0.000000 0.000000 0.000000 0.000000 0.000000 0.000000 0.000000 0.000000 0.000000 0.000000 0.000000 0.000000 0.000000 0.000000 0.000000 0.000000 
0.000000 0.000000 0.000000 0.000000 0.000000 0.000000 0.000000 0.000000 0.000000 0.000000 0.000000 0.000000 0.000000 0.000000 0.000000 0.000000 0.000000 0.000000 0.000000 0.000000 0.000000 0.000000 0.000000 0.000000 0.000000 0.000000 0.000000 0.000000 0.000000 0.000000 0.000000 0.000000 0.000000 0.000000 0.000000 0.000000 
0.000000 0.000000 0.000000 0.000000 0.000000 0.000000 0.000000 0.000000 0.000000 0.000000 0.000000 0.000000 0.000000 0.000000 0.000000 0.000000 0.000000 0.000000 0.000000 0.000000 0.000000 0.000000 0.000000 0.000000 0.000000 0.000000 0.000000 0.000000 0.000000 0.000000 0.000000 0.000000 0.000000 0.000000 0.000000 0.000000 
0.000000 0.000000 0.000000 0.000000 0.000000 0.000000 0.000000 0.000000 0.000000 0.000000 0.000000 0.000000 0.000000 0.000000 0.000000 0.000000 0.000000 0.000000 0.000000 0.000000 0.000000 0.000000 0.000000 0.000000 0.000000 0.000000 0.000000 0.000000 0.000000 0.000000 0.000000 0.000000 0.000000 0.000000 0.000000 0.000000 
0.000000 0.000000 0.000000 0.000000 0.000000 0.000000 0.000000 0.000000 0.000000 0.000000 0.000000 0.000000 0.000000 0.000000 0.000000 0.000000 0.000000 0.000000 0.000000 0.000000 0.000000 0.000000 0.000000 0.000000 0.000000 0.000000 1.325626 1.725071 1.562344 0.000000 0.000000 0.000000 0.000000 0.000000 0.000000 0.000000 
0.000000 0.000000 0.000000 0.564578 0.414131 0.380640 0.000000 0.000000 0.000000 0.000000 0.000000 0.000000 0.000000 0.000000 0.000000 0.000000 0.000000 0.000000 0.000000 0.000000 0.000000 0.000000 0.000000 0.000000 0.000000 1.098998 1.670296 1.856101 1.634712 0.000000 0.000000 0.000000 0.000000 0.000000 0.000000 0.000000 
0.000000 0.000000 0.000000 0.000000 0.855514 0.000000 1.373878 1.841370 2.023982 1.868830 0.000000 0.000000 0.000000 0.000000 0.000000 0.000000 0.000000 0.000000 0.000000 0.000000 0.000000 0.000000 0.000000 0.000000 0.000000 1.346373 2.115250 1.404911 1.781018 1.425834 0.000000 0.869350 0.000000 0.000000 0.000000 0.000000 
0.000000 0.000000 0.000000 0.622386 1.203820 1.956418 2.482819 0.000000 2.313499 2.268472 1.513132 0.793619 0.000000 0.000000 0.000000 0.000000 0.000000 0.000000 0.000000 0.000000 0.000000 0.000000 0.000000 0.000000 0.000000 2.305339 1.788392 1.554409 1.457806 1.155612 0.969774 0.692823 0.000000 0.000000 0.000000 0.000000 
0.000000 0.000000 0.000000 1.264842 1.993820 2.307795 2.287709 2.272085 2.455112 0.000000 0.000000 0.000000 0.000000 0.000000 0.000000 0.000000 0.000000 0.000000 0.000000 0.000000 0.000000 0.000000 0.000000 0.000000 0.000000 1.616379 1.027361 1.989800 0.000000 0.000000 0.000000 0.000000 0.000000 0.000000 0.000000 0.000000 
0.000000 0.000000 0.000000 2.462066 2.149210 2.446987 2.361547 2.319218 2.937751 3.172145 0.000000 0.000000 0.000000 0.000000 0.000000 0.000000 0.000000 0.000000 0.000000 0.000000 0.000000 0.000000 0.000000 0.000000 0.000000 0.834554 1.510515 1.555749 0.942702 1.083738 0.000000 0.000000 0.000000 0.000000 0.000000 0.000000 
0.000000 0.000000 0.000000 0.000000 0.000000 2.214456 2.593077 2.753611 2.341523 2.607956 2.161101 0.000000 0.000000 0.000000 0.000000 0.000000 0.000000 0.000000 0.000000 0.000000 0.000000 0.000000 0.000000 0.000000 0.000000 0.571961 1.589300 1.179870 1.011264 1.067680 1.503752 0.000000 0.000000 0.000000 0.000000 0.000000 
0.000000 0.000000 0.000000 0.000000 0.000000 0.000000 2.206907 2.078689 1.637029 1.958396 2.334082 0.000000 0.000000 0.000000 0.000000 0.000000 0.000000 0.000000 0.000000 0.000000 0.000000 0.000000 0.000000 0.000000 0.000000 0.942780 1.405131 1.084240 0.822414 0.000000 0.000000 0.000000 0.000000 0.000000 0.000000 0.000000 
0.000000 0.000000 0.000000 0.000000 0.000000 0.000000 0.000000 1.486402 2.448442 3.174109 3.004803 0.000000 0.000000 0.000000 0.000000 0.000000 0.000000 0.000000 0.000000 0.000000 0.000000 0.000000 0.000000 0.000000 0.000000 1.156944 1.134429 0.000000 0.000000 0.000000 0.000000 0.000000 0.000000 0.000000 0.000000 0.000000 
0.000000 0.000000 0.000000 0.000000 0.000000 0.000000 0.000000 1.663137 2.150765 2.101333 1.737087 0.000000 0.000000 0.000000 0.000000 0.000000 0.000000 0.000000 0.000000 0.000000 0.000000 0.000000 0.000000 0.000000 0.000000 0.000000 0.000000 0.000000 0.000000 0.000000 0.000000 0.000000 0.000000 0.000000 0.000000 0.000000 
0.000000 0.000000 0.000000 0.000000 0.000000 0.000000 0.000000 0.000000 1.409932 0.994315 0.000000 0.000000 0.000000 0.000000 0.000000 0.000000 0.000000 0.000000 0.000000 0.000000 0.000000 0.000000 0.000000 0.000000 0.000000 0.000000 0.000000 0.000000 0.000000 0.000000 0.000000 0.000000 0.000000 0.000000 0.000000 0.000000 
0.000000 0.000000 0.000000 0.000000 0.000000 0.000000 0.000000 0.000000 1.299987 1.234664 0.811156 0.641579 0.902948 0.000000 1.742522 0.000000 0.000000 0.000000 0.000000 0.000000 0.000000 0.000000 0.000000 0.000000 0.000000 0.000000 0.000000 0.000000 0.000000 0.000000 0.000000 0.000000 0.000000 0.000000 0.000000 0.000000 
0.000000 0.000000 0.000000 0.000000 0.000000 0.000000 0.000000 0.000000 0.000000 0.904592 0.000000 0.000000 1.699460 0.000000 1.347770 0.000000 0.000000 0.000000 0.000000 0.000000 0.000000 0.000000 0.000000 0.000000 0.000000 0.000000 0.000000 0.000000 0.964223 0.000000 0.000000 0.000000 0.000000 0.000000 0.000000 0.000000 
0.000000 0.000000 0.000000 0.000000 0.000000 0.000000 0.000000 0.000000 0.000000 0.698075 1.046869 1.789974 2.039421 1.330163 0.662580 0.000000 0.000000 0.000000 0.000000 0.000000 0.000000 0.000000 0.000000 0.000000 0.000000 0.000000 0.744473 0.000000 0.000000 0.000000 0.000000 0.000000 0.000000 0.000000 0.000000 0.000000 
0.000000 0.000000 0.000000 0.000000 0.000000 0.000000 0.000000 0.000000 0.000000 0.000000 1.876180 1.982738 1.375084 0.974527 0.000000 0.000000 0.000000 0.000000 0.000000 0.000000 0.000000 0.000000 0.000000 0.000000 0.000000 0.751928 1.200565 0.697516 0.000000 1.350857 0.000000 0.000000 0.000000 0.000000 0.000000 0.000000 
0.000000 0.000000 0.000000 0.000000 0.000000 0.000000 0.000000 0.000000 1.592277 2.448476 1.876324 1.221995 0.000000 0.000000 0.000000 0.000000 0.000000 0.000000 0.000000 0.000000 0.000000 0.000000 0.000000 0.000000 0.000000 0.000000 0.914552 1.618432 0.000000 1.015505 1.346960 0.000000 0.000000 0.000000 0.000000 0.000000 
0.000000 0.000000 0.000000 0.000000 0.000000 0.000000 0.000000 1.186616 0.000000 2.032652 1.997117 0.000000 0.000000 0.000000 0.000000 0.000000 0.000000 0.000000 0.000000 0.000000 0.000000 0.000000 0.000000 0.000000 0.000000 0.000000 0.000000 0.000000 1.326883 1.020352 0.000000 0.000000 0.000000 0.000000 0.000000 0.000000 
0.000000 0.000000 0.000000 0.000000 0.000000 0.000000 2.054740 2.773414 2.093231 1.144863 1.299214 0.000000 0.000000 0.000000 0.000000 0.000000 0.000000 0.000000 0.000000 0.000000 0.000000 0.000000 0.000000 0.000000 0.000000 0.000000 0.000000 0.000000 1.109902 0.000000 0.000000 0.000000 0.000000 0.000000 0.000000 0.000000 
0.000000 0.000000 0.000000 0.000000 0.000000 0.000000 0.000000 1.588868 1.705322 1.817009 0.000000 0.000000 0.000000 0.000000 0.000000 0.000000 0.000000 0.000000 0.000000 0.000000 0.000000 0.000000 0.000000 0.000000 0.000000 0.000000 0.000000 0.000000 0.000000 0.000000 0.000000 0.000000 0.000000 0.000000 0.000000 0.000000 
0.000000 0.000000 0.000000 0.000000 0.000000 0.000000 0.000000 0.549198 0.000000 0.000000 0.000000 0.000000 0.000000 0.000000 0.000000 0.000000 0.000000 0.000000 0.000000 0.000000 0.000000 0.000000 0.000000 0.000000 0.000000 0.000000 0.000000 0.000000 0.000000 0.000000 0.000000 0.000000 0.000000 0.000000 0.000000 0.000000 
0.000000 0.000000 0.000000 0.000000 0.000000 0.000000 0.000000 0.000000 0.000000 0.000000 0.000000 0.000000 0.000000 0.000000 0.000000 0.000000 0.000000 0.000000 0.000000 0.000000 0.000000 0.000000 0.000000 0.000000 0.000000 0.000000 0.000000 0.000000 0.000000 0.000000 0.000000 0.000000 0.000000 0.000000 0.000000 0.000000 
0.000000 0.000000 0.000000 0.000000 0.000000 0.000000 0.000000 0.000000 0.000000 0.000000 0.000000 0.000000 0.000000 0.000000 0.000000 0.000000 0.000000 0.000000 0.000000 0.000000 0.000000 0.000000 0.000000 0.000000 0.000000 0.000000 0.000000 0.000000 0.000000 0.000000 0.000000 0.000000 0.000000 0.000000 0.000000 0.000000 
0.000000 0.000000 0.000000 0.000000 0.000000 0.000000 0.000000 0.000000 0.000000 0.000000 0.000000 0.000000 0.000000 0.000000 0.000000 0.000000 0.000000 0.000000 0.000000 0.000000 0.000000 0.000000 0.000000 0.000000 0.000000 0.000000 0.000000 0.000000 0.000000 0.000000 0.000000 0.000000 0.000000 0.000000 0.000000 0.000000 
0.000000 0.000000 0.000000 0.000000 0.000000 0.000000 0.000000 0.000000 0.000000 0.000000 0.000000 0.000000 0.000000 0.000000 0.000000 0.000000 0.000000 0.000000 0.000000 0.000000 0.000000 0.000000 0.000000 0.000000 0.000000 0.000000 0.000000 0.000000 0.000000 0.000000 0.000000 0.000000 0.000000 0.000000 0.000000 0.000000 

Z-3
0.000000 0.000000 0.000000 0.000000 0.000000 0.000000 0.000000 0.000000 0.000000 0.000000 0.000000 0.000000 0.000000 0.000000 0.000000 0.000000 0.000000 0.000000 0.000000 0.000000 0.000000 0.000000 0.000000 0.000000 0.000000 0.000000 0.000000 0.000000 0.000000 0.000000 0.000000 0.000000 0.000000 0.000000 0.000000 0.000000 
0.000000 0.000000 0.000000 0.000000 0.000000 0.000000 0.000000 0.000000 0.000000 0.000000 0.000000 0.000000 0.000000 0.000000 0.000000 0.000000 0.000000 0.000000 0.000000 0.000000 0.000000 0.000000 0.000000 0.000000 0.000000 0.000000 0.000000 0.000000 0.000000 0.000000 0.000000 0.000000 0.000000 0.000000 0.000000 0.000000 
0.000000 0.000000 0.000000 0.000000 0.000000 0.000000 0.000000 0.000000 0.000000 0.000000 0.000000 0.000000 0.000000 0.000000 0.000000 0.000000 0.000000 0.000000 0.000000 0.000000 0.000000 0.000000 0.000000 0.000000 0.000000 0.000000 0.000000 0.000000 0.000000 0.000000 0.000000 0.000000 0.000000 0.000000 0.000000 0.000000 
0.000000 0.000000 0.000000 0.000000 0.000000 0.000000 0.000000 0.000000 0.000000 0.000000 0.000000 0.000000 0.000000 0.000000 0.000000 0.000000 0.000000 0.000000 0.000000 0.000000 0.000000 0.000000 0.000000 0.000000 0.000000 0.000000 0.000000 0.000000 0.000000 0.000000 0.000000 0.000000 0.000000 0.000000 0.000000 0.000000 
0.000000 0.000000 0.000000 0.000000 0.000000 0.000000 0.000000 0.000000 0.000000 0.000000 0.000000 0.000000 0.000000 0.000000 0.000000 0.000000 0.000000 0.000000 0.000000 0.000000 0.000000 0.000000 0.000000 0.000000 0.000000 0.000000 0.000000 0.000000 0.000000 0.000000 0.000000 0.000000 0.000000 0.000000 0.000000 0.000000 
0.000000 0.000000 0.000000 0.000000 0.000000 0.000000 0.000000 0.000000 0.000000 0.000000 0.000000 0.000000 0.000000 0.000000 0.000000 0.000000 0.000000 0.000000 0.000000 0.000000 0.000000 0.000000 0.000000 0.000000 0.000000 0.000000 0.000000 0.000000 0.000000 0.000000 0.000000 0.000000 0.000000 0.000000 0.000000 0.000000 
0.000000 0.000000 0.000000 0.000000 0.000000 0.000000 0.000000 0.000000 0.000000 0.000000 0.000000 0.000000 0.000000 0.000000 0.000000 0.000000 0.000000 0.000000 0.000000 0.000000 0.000000 0.000000 0.000000 0.000000 0.000000 0.000000 0.000000 0.000000 0.000000 0.000000 0.000000 0.000000 0.000000 0.000000 0.000000 0.000000 
0.000000 0.000000 0.000000 0.000000 0.000000 0.000000 0.000000 0.000000 0.000000 0.000000 0.000000 0.000000 0.000000 0.000000 0.000000 0.000000 0.000000 0.000000 0.000000 0.000000 0.000000 0.000000 0.000000 0.000000 0.000000 0.000000 0.819957 0.000000 1.433143 0.000000 0.000000 0.000000 0.000000 0.000000 0.000000 0.000000 
0.000000 0.000000 0.000000 0.000000 0.000000 0.000000 0.000000 0.000000 0.000000 0.000000 0.000000 0.000000 0.000000 0.000000 0.000000 0.000000 0.000000 0.000000 0.000000 0.000000 0.000000 0.000000 0.000000 0.000000 0.000000 0.946398 1.668071 0.000000 1.193289 1.538990 0.000000 0.000000 0.000000 0.000000 0.000000 0.000000 
0.000000 0.000000 0.000000 0.000000 0.000000 0.000000 0.554362 0.000000 0.000000 0.000000 0.000000 0.000000 0.000000 0.000000 0.000000 0.000000 0.000000 0.000000 0.000000 0.000000 0.000000 0.000000 0.000000 0.000000 0.000000 1.579616 1.887644 1.187071 1.700778 1.308482 0.000000 0.000000 0.000000 0.000000 0.000000 0.000000 
0.000000 0.000000 0.000000 0.310666 0.000000 1.096975 1.945485 0.000000 0.000000 0.000000 0.000000 0.000000 0.000000 0.000000 0.000000 0.000000 0.000000 0.000000 0.000000 0.000000 0.000000 0.000000 0.000000 0.000000 0.000000 0.000000 0.926568 1.145871 1.590263 0.000000 0.000000 0.000000 0.000000 0.000000 0.000000 0.000000 
0.000000 0.000000 0.000000 1.216212 0.000000 0.000000 2.416908 2.138696 1.778906 0.000000 0.000000 0.000000 0.000000 0.000000 0.000000 0.000000 0.000000 0.000000 0.000000 0.000000 0.000000 0.000000 0.000000 0.000000 0.000000 0.000000 0.000000 1.367387 1.192448 0.000000 0.000000 0.000000 0.000000 0.000000 0.000000 0.000000 
0.000000 0.000000 0.000000 0.000000 0.000000 1.821068 0.000000 1.700136 1.524435 1.236395 0.000000 0.000000 0.000000 0.000000 0.000000 0.000000 0.000000 0.000000 0.000000 0.000000 0.000000 0.000000 0.000000 0.000000 0.000000 0.103985 0.589303 1.341995 1.091524 0.000000 0.000000 0.000000 0.000000 0.000000 0.000000 0.000000 
0.000000 0.000000 0.000000 0.000000 0.000000 1.952645 1.359992 1.108352 0.000000 1.014552 1.042335 0.000000 0.000000 0.000000 0.000000 0.000000 0.000000 0.000000 0.000000 0.000000 0.000000 0.000000 0.000000 0.000000 0.000000 0.000000 1.210629 1.109248 0.977640 0.347979 0.000000 0.000000 0.000000 0.000000 0.000000 0.000000 
0.000000 0.000000 0.000000 0.000000 0.000000 0.000000 1.314416 0.771101 0.000000 0.000000 0.000000 0.000000 0.000000 0.000000 0.000000 0.000000 0.000000 0.000000 0.000000 0.000000 0.000000 0.000000 0.000000 0.000000 0.000000 0.000000 0.000000 0.000000 0.502883 0.000000 0.000000 0.000000 0.000000 0.000000 0.000000 0.000000 
0.000000 0.000000 0.000000 0.000000 0.000000 0.000000 0.000000 2.025660 0.000000 1.603602 1.470323 0.000000 0.000000 0.000000 0.000000 0.000000 0.000000 0.000000 0.000000 0.000000 0.000000 0.000000 0.000000 0.000000 0.000000 0.000000 0.535517 0.000000 0.000000 0.000000 0.000000 0.000000 0.000000 0.000000 0.000000 0.000000 
0.000000 0.000000 0.000000 0.000000 0.000000 0.000000 0.000000 3.070305 1.901952 1.401192 0.769979 0.000000 0.000000 0.000000 0.000000 0.000000 0.000000 0.000000 0.000000 0.000000 0.000000 0.000000 0.000000 0.000000 0.000000 0.000000 0.000000 0.000000 0.000000 0.000000 0.000000 0.000000 0.000000 0.000000 0.000000 0.000000 
0.000000 0.000000 0.000000 0.000000 0.000000 0.000000 0.000000 0.000000 0.800374 1.039641 0.000000 0.000000 0.000000 0.000000 0.000000 0.000000 0.000000 0.000000 0.000000 0.000000 0.000000 0.000000 0.000000 0.000000 0.000000 0.000000 0.000000 0.000000 0.000000 0.000000 0.000000 0.000000 0.000000 0.000000 0.000000 0.000000 
0.000000 0.000000 0.000000 0.000000 0.000000 0.000000 0.000000 0.000000 0.000000 0.000000 0.000000 0.000000 0.000000 0.000000 0.000000 0.000000 0.000000 0.000000 0.000000 0.000000 0.000000 0.000000 0.000000 0.000000 0.000000 0.000000 0.000000 0.000000 0.000000 0.000000 0.000000 0.000000 0.000000 0.000000 0.000000 0.000000 
0.000000 0.000000 0.000000 0.000000 0.000000 0.000000 0.000000 0.000000 0.000000 0.000000 0.000000 1.170313 1.536837 0.000000 0.000000 0.000000 0.000000 0.000000 0.000000 0.000000 0.000000 0.000000 0.000000 0.000000 0.000000 0.000000 0.000000 0.000000 0.000000 0.000000 0.000000 0.000000 0.000000 0.000000 0.000000 0.000000 
0.000000 0.000000 0.000000 0.000000 0.000000 0.000000 0.000000 0.000000 0.000000 0.000000 0.000000 2.034563 1.701348 0.000000 0.000000 0.000000 0.000000 0.000000 0.000000 0.000000 0.000000 0.000000 0.000000 0.000000 0.000000 0.000000 0.000000 0.000000 0.000000 0.000000 0.000000 0.000000 0.000000 0.000000 0.000000 0.000000 
0.000000 0.000000 0.000000 0.000000 0.000000 0.000000 0.000000 0.000000 0.000000 1.648895 2.803324 2.035214 1.338484 1.469176 1.105827 0.000000 0.000000 0.000000 0.000000 0.000000 0.000000 0.000000 0.000000 0.000000 0.000000 0.000000 0.000000 0.000000 0.000000 0.000000 0.000000 0.000000 0.000000 0.000000 0.000000 0.000000 
0.000000 0.000000 0.000000 0.000000 0.000000 0.000000 0.000000 0.000000 1.700207 2.963619 3.073709 0.000000 0.000000 0.000000 0.000000 0.000000 0.000000 0.000000 0.000000 0.000000 0.000000 0.000000 0.000000 0.000000 0.000000 0.000000 0.000000 0.000000 0.000000 0.000000 0.000000 0.000000 0.000000 0.000000 0.000000 0.000000 
0.000000 0.000000 0.000000 0.000000 0.000000 0.000000 0.000000 0.000000 2.211991 2.241979 1.588292 1.336910 0.000000 0.000000 0.000000 0.000000 0.000000 0.000000 0.000000 0.000000 0.000000 0.000000 0.000000 0.000000 0.000000 0.000000 0.000000 0.000000 0.000000 0.000000 0.000000 0.000000 0.000000 0.000000 0.000000 0.000000 
0.000000 0.000000 0.000000 0.000000 0.000000 0.000000 0.000000 1.831687 1.376612 0.658671 0.962940 1.189379 0.000000 0.000000 0.000000 0.000000 0.000000 0.000000 0.000000 0.000000 0.000000 0.000000 0.000000 0.000000 0.000000 0.000000 0.000000 0.000000 0.000000 0.000000 0.000000 0.000000 0.000000 0.000000 0.000000 0.000000 
0.000000 0.000000 0.000000 0.000000 0.000000 0.000000 0.000000 0.000000 0.000000 1.028697 0.000000 0.000000 0.000000 0.000000 0.000000 0.000000 0.000000 0.000000 0.000000 0.000000 0.000000 0.000000 0.000000 0.000000 0.000000 0.000000 0.000000 0.000000 0.000000 0.000000 0.000000 0.000000 0.000000 0.000000 0.000000 0.000000 
0.000000 0.000000 0.000000 0.000000 0.000000 0.000000 0.000000 0.000000 0.000000 0.000000 0.000000 0.000000 0.000000 0.000000 0.000000 0.000000 0.000000 0.000000 0.000000 0.000000 0.000000 0.000000 0.000000 0.000000 0.000000 0.000000 0.000000 0.000000 0.000000 0.000000 0.000000 0.000000 0.000000 0.000000 0.000000 0.000000 
0.000000 0.000000 0.000000 0.000000 0.000000 0.000000 0.000000 0.000000 0.000000 0.000000 0.000000 0.000000 0.000000 0.000000 0.000000 0.000000 0.000000 0.000000 0.000000 0.000000 0.000000 0.000000 0.000000 0.000000 0.000000 0.000000 0.000000 0.000000 0.000000 0.000000 0.000000 0.000000 0.000000 0.000000 0.000000 0.000000 
0.000000 0.000000 0.000000 0.000000 0.000000 0.000000 0.000000 0.000000 0.000000 0.000000 0.000000 0.000000 0.000000 0.000000 0.000000 0.000000 0.000000 0.000000 0.000000 0.000000 0.000000 0.000000 0.000000 0.000000 0.000000 0.000000 0.000000 0.000000 0.000000 0.000000 0.000000 0.000000 0.000000 0.000000 0.000000 0.000000 
0.000000 0.000000 0.000000 0.000000 0.000000 0.000000 0.000000 0.000000 0.000000 0.000000 0.000000 0.000000 0.000000 0.000000 0.000000 0.000000 0.000000 0.000000 0.000000 0.000000 0.000000 0.000000 0.000000 0.000000 0.000000 0.000000 0.000000 0.000000 0.000000 0.000000 0.000000 0.000000 0.000000 0.000000 0.000000 0.000000 
0.000000 0.000000 0.000000 0.000000 0.000000 0.000000 0.000000 0.000000 0.000000 0.000000 0.000000 0.000000 0.000000 0.000000 0.000000 0.000000 0.000000 0.000000 0.000000 0.000000 0.000000 0.000000 0.000000 0.000000 0.000000 0.000000 0.000000 0.000000 0.000000 0.000000 0.000000 0.000000 0.000000 0.000000 0.000000 0.000000 

Z-2
0.000000 0.000000 0.000000 0.000000 0.000000 0.000000 0.000000 0.000000 0.000000 0.000000 0.000000 0.000000 0.000000 0.000000 0.000000 0.000000 0.000000 0.000000 0.000000 0.000000 0.000000 0.000000 0.000000 0.000000 0.000000 0.000000 0.000000 0.000000 0.000000 0.000000 0.000000 0.000000 0.000000 0.000000 0.000000 0.000000 
0.000000 0.000000 0.000000 0.000000 0.000000 0.000000 0.000000 0.000000 0.000000 0.000000 0.000000 0.000000 0.000000 0.000000 0.000000 0.000000 0.000000 0.000000 0.000000 0.000000 0.000000 0.000000 0.000000 0.000000 0.000000 0.000000 0.000000 0.000000 0.000000 0.000000 0.000000 0.000000 0.000000 0.000000 0.000000 0.000000 
0.000000 0.000000 0.000000 0.000000 0.000000 0.000000 0.000000 0.000000 0.000000 0.000000 0.000000 0.000000 0.000000 0.000000 0.000000 0.000000 0.000000 0.000000 0.000000 0.000000 0.000000 0.000000 0.000000 0.000000 0.000000 0.000000 0.000000 0.000000 0.000000 0.000000 0.000000 0.000000 0.000000 0.000000 0.000000 0.000000 
0.000000 0.000000 0.000000 0.000000 0.000000 0.000000 0.000000 0.000000 0.000000 0.000000 0.000000 0.000000 0.000000 0.000000 0.000000 0.000000 0.000000 0.000000 0.000000 0.000000 0.000000 0.000000 0.000000 0.000000 0.000000 0.000000 0.000000 0.000000 0.000000 0.000000 0.000000 0.000000 0.000000 0.000000 0.000000 0.000000 
0.000000 0.000000 0.000000 0.000000 0.000000 0.000000 0.000000 0.000000 0.000000 0.000000 0.000000 0.000000 0.000000 0.000000 0.000000 0.000000 0.000000 0.000000 0.000000 0.000000 0.000000 0.000000 0.000000 0.000000 0.000000 0.000000 0.000000 0.000000 0.000000 0.000000 0.000000 0.000000 0.000000 0.000000 0.000000 0.000000 
0.000000 0.000000 0.000000 0.000000 0.000000 0.000000 0.000000 0.000000 0.000000 0.000000 0.000000 0.000000 0.000000 0.000000 0.000000 0.000000 0.000000 0.000000 0.000000 0.000000 0.000000 0.000000 0.000000 0.000000 0.000000 0.000000 0.000000 0.000000 0.000000 0.000000 0.000000 0.000000 0.000000 0.000000 0.000000 0.000000 
0.000000 0.000000 0.000000 0.000000 0.000000 0.000000 0.000000 0.000000 0.000000 0.000000 0.000000 0.000000 0.000000 0.000000 0.000000 0.000000 0.000000 0.000000 0.000000 0.000000 0.000000 0.000000 0.000000 0.000000 0.000000 0.000000 0.000000 0.000000 0.000000 0.000000 0.000000 0.000000 0.000000 0.000000 0.000000 0.000000 
0.000000 0.000000 0.000000 0.000000 0.000000 0.000000 0.000000 0.000000 0.000000 0.000000 0.000000 0.000000 0.000000 0.000000 0.000000 0.000000 0.000000 0.000000 0.000000 0.000000 0.000000 0.000000 0.000000 0.000000 0.000000 0.000000 0.000000 0.000000 0.000000 0.000000 0.000000 0.000000 0.000000 0.000000 0.000000 0.000000 
0.000000 0.000000 0.000000 0.000000 0.000000 0.000000 0.000000 0.000000 0.000000 0.000000 0.000000 0.000000 0.000000 0.000000 0.000000 0.000000 0.000000 0.000000 0.000000 0.000000 0.000000 0.000000 0.000000 0.000000 0.000000 1.298944 1.797641 1.113575 0.000000 1.308397 0.000000 0.000000 0.000000 0.000000 0.000000 0.000000 
0.000000 0.000000 0.000000 0.000000 0.000000 0.000000 0.000000 0.000000 0.000000 0.000000 0.000000 0.000000 0.000000 0.000000 0.000000 0.000000 0.000000 0.000000 0.000000 0.000000 0.000000 0.000000 0.000000 0.000000 0.000000 0.000000 0.000000 0.000000 0.000000 1.086260 0.000000 0.000000 0.000000 0.000000 0.000000 0.000000 
0.000000 0.000000 0.000000 0.000000 0.000000 0.000000 0.000000 0.000000 0.000000 0.000000 0.000000 0.000000 0.000000 0.000000 0.000000 0.000000 0.000000 0.000000 0.000000 0.000000 0.000000 0.000000 0.000000 0.000000 0.000000 0.000000 0.000000 0.000000 0.000000 0.000000 0.000000 0.000000 0.000000 0.000000 0.000000 0.000000 
0.000000 0.000000 0.000000 0.000000 0.000000 0.000000 0.043513 0.834315 0.000000 0.000000 0.000000 0.000000 0.000000 0.000000 0.000000 0.000000 0.000000 0.000000 0.000000 0.000000 0.000000 0.000000 0.000000 0.000000 0.000000 0.000000 0.000000 0.000000 1.005030 0.000000 0.000000 0.000000 0.000000 0.000000 0.000000 0.000000 
0.000000 0.000000 0.000000 0.000000 0.000000 0.292233 0.000000 0.000000 0.000000 0.000000 0.000000 0.000000 0.000000 0.000000 0.000000 0.000000 0.000000 0.000000 0.000000 0.000000 0.000000 0.000000 0.000000 0.000000 0.000000 0.000000 0.239171 1.451464 0.643017 0.241868 0.000000 0.000000 0.000000 0.000000 0.000000 0.000000 
0.000000 0.000000 0.000000 0.000000 0.000000 0.000000 0.424045 0.000000 0.000000 0.190074 0.842765 0.000000 0.000000 0.000000 0.000000 0.000000 0.000000 0.000000 0.000000 0.000000 0.000000 0.000000 0.000000 0.000000 0.000000 0.000000 1.007844 0.681783 0.000000 0.000000 0.000000 0.000000 0.000000 0.000000 0.000000 0.000000 
0.000000 0.000000 0.000000 0.000000 0.000000 0.000000 0.000000 0.000000 0.000000 0.000000 0.000000 0.000000 0.000000 0.000000 0.000000 0.000000 0.000000 0.000000 0.000000 0.000000 0.000000 0.000000 0.000000 0.000000 0.000000 0.000000 0.000000 0.000000 0.000000 0.000000 0.000000 0.000000 0.000000 0.000000 0.000000 0.000000 
0.000000 0.000000 0.000000 0.000000 0.000000 0.000000 0.000000 0.546103 0.713109 0.000000 0.000000 0.000000 0.000000 0.000000 0.000000 0.000000 0.000000 0.000000 0.000000 0.000000 0.000000 0.000000 0.000000 0.000000 0.000000 0.000000 0.000000 0.000000 0.000000 0.000000 0.000000 0.000000 0.000000 0.000000 0.000000 0.000000 
0.000000 0.000000 0.000000 0.000000 0.000000 0.000000 0.000000 0.293104 0.747895 0.000000 0.000000 0.000000 0.000000 0.000000 0.000000 0.000000 0.000000 0.000000 0.000000 0.000000 0.000000 0.000000 0.000000 0.000000 0.000000 0.000000 0.000000 0.000000 0.000000 0.000000 0.000000 0.000000 0.000000 0.000000 0.000000 0.000000 
0.000000 0.000000 0.000000 0.000000 0.000000 0.000000 0.000000 0.000000 0.000000 0.000000 0.000000 0.000000 0.000000 0.000000 0.000000 0.000000 0.000000 0.000000 0.000000 0.000000 0.000000 0.000000 0.000000 0.000000 0.000000 0.000000 0.000000 0.000000 0.000000 0.000000 0.000000 0.000000 0.000000 0.000000 0.000000 0.000000 
0.000000 0.000000 0.000000 0.000000 0.000000 0.000000 0.000000 0.000000 0.000000 0.000000 0.000000 0.000000 0.000000 0.000000 0.000000 0.000000 0.000000 0.000000 0.000000 0.000000 0.000000 0.000000 0.000000 0.000000 0.000000 0.000000 0.000000 0.000000 0.000000 0.000000 0.000000 0.000000 0.000000 0.000000 0.000000 0.000000 
0.000000 0.000000 0.000000 0.000000 0.000000 0.000000 0.000000 0.000000 0.000000 0.000000 0.000000 1.030436 0.000000 0.000000 0.000000 0.000000 0.000000 0.000000 0.000000 0.000000 0.000000 0.000000 0.000000 0.000000 0.000000 0.000000 0.000000 0.000000 0.000000 0.000000 0.000000 0.000000 0.000000 0.000000 0.000000 0.000000 
0.000000 0.000000 0.000000 0.000000 0.000000 0.000000 0.000000 0.000000 0.000000 0.000000 0.629920 1.456694 0.000000 0.000000 0.000000 0.000000 0.000000 0.000000 0.000000 0.000000 0.000000 0.000000 0.000000 0.000000 0.000000 0.000000 0.000000 0.000000 0.000000 0.000000 0.000000 0.000000 0.000000 0.000000 0.000000 0.000000 
0.000000 0.000000 0.000000 0.000000 0.000000 0.000000 0.000000 0.000000 0.000000 0.802031 1.410439 1.727250 0.000000 0.731180 0.000000 0.000000 0.000000 0.000000 0.000000 0.000000 0.000000 0.000000 0.000000 0.000000 0.000000 0.000000 0.000000 0.000000 0.000000 0.000000 0.000000 0.000000 0.000000 0.000000 0.000000 0.000000 
0.000000 0.000000 0.000000 0.000000 0.000000 0.000000 0.000000 0.000000 0.231527 1.285024 1.253349 0.000000 0.000000 0.000000 0.000000 0.000000 0.000000 0.000000 0.000000 0.000000 0.000000 0.000000 0.000000 0.000000 0.000000 0.000000 0.000000 0.000000 0.000000 0.000000 0.000000 0.000000 0.000000 0.000000 0.000000 0.000000 
0.000000 0.000000 0.000000 0.000000 0.000000 0.000000 0.000000 0.000000 0.401480 1.206565 0.000000 0.919266 0.000000 0.000000 0.000000 0.000000 0.000000 0.000000 0.000000 0.000000 0.000000 0.000000 0.000000 0.000000 0.000000 0.000000 0.000000 0.000000 0.000000 0.000000 0.000000 0.000000 0.000000 0.000000 0.000000 0.000000 
0.000000 0.000000 0.000000 0.000000 0.000000 0.000000 0.000000 0.000000 0.000000 0.000000 0.000000 0.873822 0.000000 0.000000 0.000000 0.000000 0.000000 0.000000 0.000000 0.000000 0.000000 0.000000 0.000000 0.000000 0.000000 0.000000 0.000000 0.000000 0.000000 0.000000 0.000000 0.000000 0.000000 0.000000 0.000000 0.000000 
0.000000 0.000000 0.000000 0.000000 0.000000 0.000000 0.000000 0.000000 0.000000 0.000000 0.000000 0.000000 0.000000 0.000000 0.000000 0.000000 0.000000 0.000000 0.000000 0.000000 0.000000 0.000000 0.000000 0.000000 0.000000 0.000000 0.000000 0.000000 0.000000 0.000000 0.000000 0.000000 0.000000 0.000000 0.000000 0.000000 
0.000000 0.000000 0.000000 0.000000 0.000000 0.000000 0.000000 0.000000 0.000000 0.000000 0.000000 0.000000 0.000000 0.000000 0.000000 0.000000 0.000000 0.000000 0.000000 0.000000 0.000000 0.000000 0.000000 0.000000 0.000000 0.000000 0.000000 0.000000 0.000000 0.000000 0.000000 0.000000 0.000000 0.000000 0.000000 0.000000 
0.000000 0.000000 0.000000 0.000000 0.000000 0.000000 0.000000 0.000000 0.000000 0.000000 0.000000 0.000000 0.000000 0.000000 0.000000 0.000000 0.000000 0.000000 0.000000 0.000000 0.000000 0.000000 0.000000 0.000000 0.000000 0.000000 0.000000 0.000000 0.000000 0.000000 0.000000 0.000000 0.000000 0.000000 0.000000 0.000000 
0.000000 0.000000 0.000000 0.000000 0.000000 0.000000 0.000000 0.000000 0.000000 0.000000 0.000000 0.000000 0.000000 0.000000 0.000000 0.000000 0.000000 0.000000 0.000000 0.000000 0.000000 0.000000 0.000000 0.000000 0.000000 0.000000 0.000000 0.000000 0.000000 0.000000 0.000000 0.000000 0.000000 0.000000 0.000000 0.000000 
0.000000 0.000000 0.000000 0.000000 0.000000 0.000000 0.000000 0.000000 0.000000 0.000000 0.000000 0.000000 0.000000 0.000000 0.000000 0.000000 0.000000 0.000000 0.000000 0.000000 0.000000 0.000000 0.000000 0.000000 0.000000 0.000000 0.000000 0.000000 0.000000 0.000000 0.000000 0.000000 0.000000 0.000000 0.000000 0.000000 
0.000000 0.000000 0.000000 0.000000 0.000000 0.000000 0.000000 0.000000 0.000000 0.000000 0.000000 0.000000 0.000000 0.000000 0.000000 0.000000 0.000000 0.000000 0.000000 0.000000 0.000000 0.000000 0.000000 0.000000 0.000000 0.000000 0.000000 0.000000 0.000000 0.000000 0.000000 0.000000 0.000000 0.000000 0.000000 0.000000 

Z-1
0.000000 0.000000 0.000000 0.000000 0.000000 0.000000 0.000000 0.000000 0.000000 0.000000 0.000000 0.000000 0.000000 0.000000 0.000000 0.000000 0.000000 0.000000 0.000000 0.000000 0.000000 0.000000 0.000000 0.000000 0.000000 0.000000 0.000000 0.000000 0.000000 0.000000 0.000000 0.000000 0.000000 0.000000 0.000000 0.000000 
0.000000 0.000000 0.000000 0.000000 0.000000 0.000000 0.000000 0.000000 0.000000 0.000000 0.000000 0.000000 0.000000 0.000000 0.000000 0.000000 0.000000 0.000000 0.000000 0.000000 0.000000 0.000000 0.000000 0.000000 0.000000 0.000000 0.000000 0.000000 0.000000 0.000000 0.000000 0.000000 0.000000 0.000000 0.000000 0.000000 
0.000000 0.000000 0.000000 0.000000 0.000000 0.000000 0.000000 0.000000 0.000000 0.000000 0.000000 0.000000 0.000000 0.000000 0.000000 0.000000 0.000000 0.000000 0.000000 0.000000 0.000000 0.000000 0.000000 0.000000 0.000000 0.000000 0.000000 0.000000 0.000000 0.000000 0.000000 0.000000 0.000000 0.000000 0.000000 0.000000 
0.000000 0.000000 0.000000 0.000000 0.000000 0.000000 0.000000 0.000000 0.000000 0.000000 0.000000 0.000000 0.000000 0.000000 0.000000 0.000000 0.000000 0.000000 0.000000 0.000000 0.000000 0.000000 0.000000 0.000000 0.000000 0.000000 0.000000 0.000000 0.000000 0.000000 0.000000 0.000000 0.000000 0.000000 0.000000 0.000000 
0.000000 0.000000 0.000000 0.000000 0.000000 0.000000 0.000000 0.000000 0.000000 0.000000 0.000000 0.000000 0.000000 0.000000 0.000000 0.000000 0.000000 0.000000 0.000000 0.000000 0.000000 0.000000 0.000000 0.000000 0.000000 0.000000 0.000000 0.000000 0.000000 0.000000 0.000000 0.000000 0.000000 0.000000 0.000000 0.000000 
0.000000 0.000000 0.000000 0.000000 0.000000 0.000000 0.000000 0.000000 0.000000 0.000000 0.000000 0.000000 0.000000 0.000000 0.000000 0.000000 0.000000 0.000000 0.000000 0.000000 0.000000 0.000000 0.000000 0.000000 0.000000 0.000000 0.000000 0.000000 0.000000 0.000000 0.000000 0.000000 0.000000 0.000000 0.000000 0.000000 
0.000000 0.000000 0.000000 0.000000 0.000000 0.000000 0.000000 0.000000 0.000000 0.000000 0.000000 0.000000 0.000000 0.000000 0.000000 0.000000 0.000000 0.000000 0.000000 0.000000 0.000000 0.000000 0.000000 0.000000 0.000000 0.000000 0.000000 0.000000 0.000000 0.000000 0.000000 0.000000 0.000000 0.000000 0.000000 0.000000 
0.000000 0.000000 0.000000 0.000000 0.000000 0.000000 0.000000 0.000000 0.000000 0.000000 0.000000 0.000000 0.000000 0.000000 0.000000 0.000000 0.000000 0.000000 0.000000 0.000000 0.000000 0.000000 0.000000 0.000000 0.000000 0.000000 0.000000 0.000000 0.000000 0.000000 0.000000 0.000000 0.000000 0.000000 0.000000 0.000000 
0.000000 0.000000 0.000000 0.000000 0.000000 0.000000 0.000000 0.000000 0.000000 0.000000 0.000000 0.000000 0.000000 0.000000 0.000000 0.000000 0.000000 0.000000 0.000000 0.000000 0.000000 0.000000 0.000000 0.000000 0.000000 0.960136 0.709484 0.000000 0.000000 0.000000 0.000000 0.000000 0.000000 0.000000 0.000000 0.000000 
0.000000 0.000000 0.000000 0.000000 0.000000 0.000000 0.000000 0.000000 0.000000 0.000000 0.000000 0.000000 0.000000 0.000000 0.000000 0.000000 0.000000 0.000000 0.000000 0.000000 0.000000 0.000000 0.000000 0.000000 0.000000 0.000000 0.000000 0.000000 0.000000 0.000000 0.000000 0.000000 0.000000 0.000000 0.000000 0.000000 
0.000000 0.000000 0.000000 0.000000 0.000000 0.000000 0.000000 0.000000 0.000000 0.000000 0.000000 0.000000 0.000000 0.000000 0.000000 0.000000 0.000000 0.000000 0.000000 0.000000 0.000000 0.000000 0.000000 0.000000 0.000000 0.000000 0.000000 0.000000 0.000000 0.000000 0.000000 0.000000 0.000000 0.000000 0.000000 0.000000 
0.000000 0.000000 0.000000 0.000000 0.000000 0.000000 0.000000 0.000000 0.000000 0.000000 0.000000 0.000000 0.000000 0.000000 0.000000 0.000000 0.000000 0.000000 0.000000 0.000000 0.000000 0.000000 0.000000 0.000000 0.000000 0.000000 0.000000 0.000000 0.000000 0.000000 0.000000 0.000000 0.000000 0.000000 0.000000 0.000000 
0.000000 0.000000 0.000000 0.000000 0.000000 0.000000 0.000000 0.000000 0.000000 0.000000 0.000000 0.000000 0.000000 0.000000 0.000000 0.000000 0.000000 0.000000 0.000000 0.000000 0.000000 0.000000 0.000000 0.000000 0.000000 0.000000 0.000000 0.000000 0.000000 0.000000 0.000000 0.000000 0.000000 0.000000 0.000000 0.000000 
0.000000 0.000000 0.000000 0.000000 0.000000 0.000000 0.000000 0.000000 0.000000 0.000000 0.000000 0.000000 0.000000 0.000000 0.000000 0.000000 0.000000 0.000000 0.000000 0.000000 0.000000 0.000000 0.000000 0.000000 0.000000 0.000000 0.000000 0.000000 0.000000 0.000000 0.000000 0.000000 0.000000 0.000000 0.000000 0.000000 
0.000000 0.000000 0.000000 0.000000 0.000000 0.000000 0.000000 0.000000 0.000000 0.000000 0.000000 0.000000 0.000000 0.000000 0.000000 0.000000 0.000000 0.000000 0.000000 0.000000 0.000000 0.000000 0.000000 0.000000 0.000000 0.000000 0.000000 0.000000 0.000000 0.000000 0.000000 0.000000 0.000000 0.000000 0.000000 0.000000 
0.000000 0.000000 0.000000 0.000000 0.000000 0.000000 0.000000 0.000000 0.000000 0.000000 0.000000 0.000000 0.000000 0.000000 0.000000 0.000000 0.000000 0.000000 0.000000 0.000000 0.000000 0.000000 0.000000 0.000000 0.000000 0.000000 0.000000 0.000000 0.000000 0.000000 0.000000 0.000000 0.000000 0.000000 0.000000 0.000000 
0.000000 0.000000 0.000000 0.000000 0.000000 0.000000 0.000000 0.000000 0.000000 0.000000 0.000000 0.000000 0.000000 0.000000 0.000000 0.000000 0.000000 0.000000 0.000000 0.000000 0.000000 0.000000 0.000000 0.000000 0.000000 0.000000 0.000000 0.000000 0.000000 0.000000 0.000000 0.000000 0.000000 0.000000 0.000000 0.000000 
0.000000 0.000000 0.000000 0.000000 0.000000 0.000000 0.000000 0.000000 0.000000 0.000000 0.000000 0.000000 0.000000 0.000000 0.000000 0.000000 0.000000 0.000000 0.000000 0.000000 0.000000 0.000000 0.000000 0.000000 0.000000 0.000000 0.000000 0.000000 0.000000 0.000000 0.000000 0.000000 0.000000 0.000000 0.000000 0.000000 
0.000000 0.000000 0.000000 0.000000 0.000000 0.000000 0.000000 0.000000 0.000000 0.000000 0.000000 0.000000 0.000000 0.000000 0.000000 0.000000 0.000000 0.000000 0.000000 0.000000 0.000000 0.000000 0.000000 0.000000 0.000000 0.000000 0.000000 0.000000 0.000000 0.000000 0.000000 0.000000 0.000000 0.000000 0.000000 0.000000 
0.000000 0.000000 0.000000 0.000000 0.000000 0.000000 0.000000 0.000000 0.000000 0.000000 0.000000 0.000000 0.000000 0.000000 0.000000 0.000000 0.000000 0.000000 0.000000 0.000000 0.000000 0.000000 0.000000 0.000000 0.000000 0.000000 0.000000 0.000000 0.000000 0.000000 0.000000 0.000000 0.000000 0.000000 0.000000 0.000000 
0.000000 0.000000 0.000000 0.000000 0.000000 0.000000 0.000000 0.000000 0.000000 0.000000 0.000000 0.393894 0.000000 0.000000 0.000000 0.000000 0.000000 0.000000 0.000000 0.000000 0.000000 0.000000 0.000000 0.000000 0.000000 0.000000 0.000000 0.000000 0.000000 0.000000 0.000000 0.000000 0.000000 0.000000 0.000000 0.000000 
0.000000 0.000000 0.000000 0.000000 0.000000 0.000000 0.000000 0.000000 0.000000 0.000000 0.000000 0.443390 0.000000 0.000000 0.000000 0.000000 0.000000 0.000000 0.000000 0.000000 0.000000 0.000000 0.000000 0.000000 0.000000 0.000000 0.000000 0.000000 0.000000 0.000000 0.000000 0.000000 0.000000 0.000000 0.000000 0.000000 
0.000000 0.000000 0.000000 0.000000 0.000000 0.000000 0.000000 0.000000 0.000000 0.000000 0.000000 0.000000 0.000000 0.000000 0.000000 0.000000 0.000000 0.000000 0.000000 0.000000 0.000000 0.000000 0.000000 0.000000 0.000000 0.000000 0.000000 0.000000 0.000000 0.000000 0.000000 0.000000 0.000000 0.000000 0.000000 0.000000 
0.000000 0.000000 0.000000 0.000000 0.000000 0.000000 0.000000 0.000000 0.000000 0.000000 0.000000 0.000000 0.000000 0.000000 0.000000 0.000000 0.000000 0.000000 0.000000 0.000000 0.000000 0.000000 0.000000 0.000000 0.000000 0.000000 0.000000 0.000000 0.000000 0.000000 0.000000 0.000000 0.000000 0.000000 0.000000 0.000000 
0.000000 0.000000 0.000000 0.000000 0.000000 0.000000 0.000000 0.000000 0.000000 0.000000 0.000000 0.000000 0.000000 0.000000 0.000000 0.000000 0.000000 0.000000 0.000000 0.000000 0.000000 0.000000 0.000000 0.000000 0.000000 0.000000 0.000000 0.000000 0.000000 0.000000 0.000000 0.000000 0.000000 0.000000 0.000000 0.000000 
0.000000 0.000000 0.000000 0.000000 0.000000 0.000000 0.000000 0.000000 0.000000 0.000000 0.000000 0.000000 0.000000 0.000000 0.000000 0.000000 0.000000 0.000000 0.000000 0.000000 0.000000 0.000000 0.000000 0.000000 0.000000 0.000000 0.000000 0.000000 0.000000 0.000000 0.000000 0.000000 0.000000 0.000000 0.000000 0.000000 
0.000000 0.000000 0.000000 0.000000 0.000000 0.000000 0.000000 0.000000 0.000000 0.000000 0.000000 0.000000 0.000000 0.000000 0.000000 0.000000 0.000000 0.000000 0.000000 0.000000 0.000000 0.000000 0.000000 0.000000 0.000000 0.000000 0.000000 0.000000 0.000000 0.000000 0.000000 0.000000 0.000000 0.000000 0.000000 0.000000 
0.000000 0.000000 0.000000 0.000000 0.000000 0.000000 0.000000 0.000000 0.000000 0.000000 0.000000 0.000000 0.000000 0.000000 0.000000 0.000000 0.000000 0.000000 0.000000 0.000000 0.000000 0.000000 0.000000 0.000000 0.000000 0.000000 0.000000 0.000000 0.000000 0.000000 0.000000 0.000000 0.000000 0.000000 0.000000 0.000000 
0.000000 0.000000 0.000000 0.000000 0.000000 0.000000 0.000000 0.000000 0.000000 0.000000 0.000000 0.000000 0.000000 0.000000 0.000000 0.000000 0.000000 0.000000 0.000000 0.000000 0.000000 0.000000 0.000000 0.000000 0.000000 0.000000 0.000000 0.000000 0.000000 0.000000 0.000000 0.000000 0.000000 0.000000 0.000000 0.000000 
0.000000 0.000000 0.000000 0.000000 0.000000 0.000000 0.000000 0.000000 0.000000 0.000000 0.000000 0.000000 0.000000 0.000000 0.000000 0.000000 0.000000 0.000000 0.000000 0.000000 0.000000 0.000000 0.000000 0.000000 0.000000 0.000000 0.000000 0.000000 0.000000 0.000000 0.000000 0.000000 0.000000 0.000000 0.000000 0.000000 
0.000000 0.000000 0.000000 0.000000 0.000000 0.000000 0.000000 0.000000 0.000000 0.000000 0.000000 0.000000 0.000000 0.000000 0.000000 0.000000 0.000000 0.000000 0.000000 0.000000 0.000000 0.000000 0.000000 0.000000 0.000000 0.000000 0.000000 0.000000 0.000000 0.000000 0.000000 0.000000 0.000000 0.000000 0.000000 0.000000 


Output Effective Detection Count XY_plane slices sorted by decreasing Z-coordinate:
eff_detect_Z-28
0 0 0 0 0 0 0 0 0 0 0 0 0 0 0 0 0 0 0 0 0 0 0 0 0 0 0 0 0 0 0 0 0 0 0 0 
0 0 0 0 0 0 0 0 0 0 0 0 0 0 0 0 0 0 0 0 0 0 0 0 0 0 0 0 0 0 0 0 0 0 0 0 
0 0 0 0 0 0 0 0 0 0 0 0 0 0 0 0 0 0 0 0 0 0 0 0 0 0 0 0 0 0 0 0 0 0 0 0 
0 0 0 0 0 0 0 0 0 0 0 0 0 0 0 0 0 0 0 0 0 0 0 0 0 0 0 0 0 0 0 0 0 0 0 0 
0 0 0 0 0 0 0 0 0 0 0 0 0 0 0 0 0 0 0 0 0 0 0 0 0 0 0 0 0 0 0 0 0 0 0 0 
0 0 0 0 0 0 0 0 0 0 0 0 0 0 0 0 0 0 0 0 0 0 0 0 0 0 0 0 0 0 0 0 0 0 0 0 
0 0 0 0 0 0 0 0 0 0 0 0 0 0 0 0 0 0 0 0 0 0 0 0 0 0 0 0 0 0 0 0 0 0 0 0 
0 0 0 0 0 0 0 0 0 0 0 0 0 0 0 0 0 0 0 0 0 0 0 0 0 0 0 0 0 0 0 0 0 0 0 0 
0 0 0 0 0 0 0 0 0 0 0 0 0 0 0 0 0 0 0 0 0 0 0 0 0 0 0 0 0 0 0 0 0 0 0 0 
0 0 0 0 0 0 0 0 0 0 0 0 0 0 0 0 0 0 0 0 0 0 0 0 0 0 0 0 0 0 0 0 0 0 0 0 
0 0 0 0 0 0 0 0 0 0 0 0 0 0 0 0 0 0 0 0 0 0 0 0 0 0 0 0 0 0 0 0 0 0 0 0 
0 0 0 0 0 0 0 0 0 0 0 0 0 0 0 0 0 0 0 0 0 0 0 0 0 0 0 0 0 0 0 0 0 0 0 0 
0 0 0 0 0 0 0 0 0 0 0 0 0 0 0 0 0 0 0 0 0 0 0 0 0 0 0 0 0 0 0 0 0 0 0 0 
0 0 0 0 0 0 0 0 0 0 0 0 0 0 0 0 0 0 0 0 0 0 0 0 0 0 0 0 0 0 0 0 0 0 0 0 
0 0 0 0 0 0 0 0 0 0 0 0 0 0 0 0 0 0 0 0 0 0 0 0 0 0 0 0 0 0 0 0 0 0 0 0 
0 0 0 0 0 0 0 0 0 0 0 0 0 0 0 0 0 0 0 0 0 0 0 0 0 0 0 0 0 0 0 0 0 0 0 0 
0 0 0 0 0 0 0 0 0 0 0 0 0 0 0 0 0 0 0 0 0 0 6 4 0 0 0 0 0 0 0 0 0 0 0 0 
0 0 0 0 0 0 0 0 0 0 0 0 0 0 0 0 0 0 0 0 0 0 5 5 0 0 0 0 0 0 0 0 0 0 0 0 
0 0 0 0 0 0 0 0 0 0 0 0 0 0 0 0 0 0 0 0 0 0 6 0 0 0 0 0 0 0 0 0 0 0 0 0 
0 0 0 0 0 0 0 0 0 0 0 0 0 0 0 0 0 0 0 0 0 0 6 0 0 0 0 0 0 0 0 0 0 0 0 0 
0 0 0 0 0 0 0 0 0 0 0 0 0 0 0 0 0 0 0 0 0 0 0 0 0 0 0 0 0 0 0 0 0 0 0 0 
0 0 0 0 0 0 0 0 0 0 0 0 0 0 0 0 0 0 0 0 0 0 0 0 0 0 0 0 0 0 0 0 0 0 0 0 
0 0 0 0 0 0 0 0 0 0 0 0 0 0 0 0 0 0 0 0 0 0 0 0 0 0 0 0 0 0 0 0 0 0 0 0 
0 0 0 0 0 0 0 0 0 0 0 0 0 0 0 0 0 0 0 0 0 0 0 0 0 0 0 0 0 0 0 0 0 0 0 0 
0 0 0 0 0 0 0 0 0 0 0 0 0 0 0 0 0 0 0 0 0 0 0 0 0 0 0 0 0 0 0 0 0 0 0 0 
0 0 0 0 0 0 0 0 0 0 0 0 0 0 0 0 0 0 0 0 0 0 0 0 0 0 0 0 0 0 0 0 0 0 0 0 
0 0 0 0 0 0 0 0 0 0 0 0 0 0 0 0 0 0 0 0 0 0 0 0 0 0 0 0 0 0 0 0 0 0 0 0 
0 0 0 0 0 0 0 0 0 0 0 0 0 0 0 0 0 0 0 0 0 0 0 0 0 0 0 0 0 0 0 0 0 0 0 0 
0 0 0 0 0 0 0 0 0 0 0 0 0 0 0 0 0 0 0 0 0 0 0 0 0 0 0 0 0 0 0 0 0 0 0 0 
0 0 0 0 0 0 0 0 0 0 0 0 0 0 0 0 0 0 0 0 0 0 0 0 0 0 0 0 0 0 0 0 0 0 0 0 
0 0 0 0 0 0 0 0 0 0 0 0 0 0 0 0 0 0 0 0 0 0 0 0 0 0 0 0 0 0 0 0 0 0 0 0 

eff_detect_Z-27
0 0 0 0 0 0 0 0 0 0 0 0 0 0 0 0 0 0 0 0 0 0 0 0 0 0 0 0 0 0 0 0 0 0 0 0 
0 0 0 0 0 0 0 0 0 0 0 0 0 0 0 0 0 0 0 0 0 0 0 0 0 0 0 0 0 0 0 0 0 0 0 0 
0 0 0 0 0 0 0 0 0 0 0 0 0 0 0 0 0 0 0 0 0 0 0 0 0 0 0 0 0 0 0 0 0 0 0 0 
0 0 0 0 0 0 0 0 0 0 0 0 0 0 0 0 0 0 0 0 0 0 0 0 0 0 0 0 0 0 0 0 0 0 0 0 
0 0 0 0 0 0 0 0 0 0 0 0 0 3 2 2 0 0 0 0 0 0 0 0 0 0 0 0 0 0 0 0 0 0 0 0 
0 0 0 0 0 0 0 0 0 0 0 0 0 4 2 2 0 0 0 0 0 0 0 0 0 0 0 0 0 0 0 0 0 0 0 0 
0 0 0 0 0 0 0 0 0 0 0 0 0 0 1 3 0 0 3 3 0 0 0 0 0 0 0 0 0 0 0 0 0 0 0 0 
0 0 0 0 0 0 0 0 0 2 0 0 0 0 0 0 0 0 0 4 5 4 0 0 0 0 0 0 0 0 0 0 0 0 0 0 
0 0 0 0 0 0 0 0 0 0 0 0 0 0 0 3 0 0 0 5 6 6 0 0 0 0 0 0 0 0 0 0 0 0 0 0 
0 0 0 0 0 0 0 0 0 0 0 0 0 0 0 0 0 0 0 0 0 0 0 0 0 0 0 0 0 0 0 0 0 0 0 0 
0 0 0 0 0 0 0 0 0 0 0 0 0 0 0 0 0 0 0 0 0 0 0 0 0 0 0 0 0 0 0 0 0 0 0 0 
0 0 0 0 0 0 0 0 0 0 0 0 0 0 0 0 0 0 0 0 0 0 0 0 0 0 0 0 0 0 0 0 0 0 0 0 
0 0 0 0 0 0 0 0 0 0 0 0 0 0 0 0 0 0 0 0 0 5 0 0 0 0 0 0 0 0 0 0 0 0 0 0 
0 0 0 0 0 0 0 0 0 0 0 0 0 0 0 0 0 0 0 0 0 0 0 0 0 0 0 0 0 0 0 0 0 0 0 0 
0 0 0 0 0 0 0 0 0 0 0 0 0 0 0 0 0 0 0 0 0 0 0 4 4 0 6 0 0 0 0 0 0 0 0 0 
0 0 0 0 0 0 0 0 0 0 0 0 0 0 0 0 0 0 0 1 4 0 0 6 6 5 4 5 0 0 0 0 0 0 0 0 
0 0 0 0 0 0 0 0 0 0 0 0 0 0 0 0 0 0 0 0 4 0 0 7 8 5 5 0 0 0 0 0 0 0 0 0 
0 0 0 0 0 0 0 0 0 0 0 0 0 0 0 0 0 0 0 0 0 6 0 8 7 0 7 5 0 0 0 0 0 0 0 0 
0 0 0 0 0 0 0 0 0 0 0 0 0 0 0 0 0 0 0 0 0 4 7 8 0 7 0 0 0 0 0 0 0 0 0 0 
0 0 0 0 0 0 0 0 0 0 0 0 0 0 0 0 0 0 0 0 0 0 8 8 6 4 5 0 0 0 0 0 0 0 0 0 
0 0 0 0 0 0 0 0 0 0 0 0 0 0 0 0 0 0 0 0 0 0 6 6 5 5 0 0 0 0 0 0 0 0 0 0 
0 0 0 0 0 0 0 0 0 0 0 0 0 0 0 0 0 0 0 0 0 0 0 0 0 0 0 0 0 0 0 0 0 0 0 0 
0 0 0 0 0 0 0 0 0 0 0 0 0 0 0 0 0 0 0 0 0 0 0 0 0 0 0 0 0 0 0 0 0 0 0 0 
0 0 0 0 0 0 0 0 0 0 0 0 0 0 0 0 0 0 0 0 0 0 0 0 0 0 0 0 0 0 0 0 0 0 0 0 
0 0 0 0 0 0 0 0 0 0 0 0 0 0 0 0 0 0 0 0 0 0 0 0 0 0 0 0 0 0 0 0 0 0 0 0 
0 0 0 0 0 0 0 0 0 0 0 0 0 0 0 0 0 0 0 0 0 0 0 0 0 0 0 0 0 0 0 0 0 0 0 0 
0 0 0 0 0 0 0 0 0 0 0 0 0 0 0 0 0 0 0 0 0 0 0 0 0 0 0 0 0 0 0 0 0 0 0 0 
0 0 0 0 0 0 0 0 0 0 0 0 0 0 0 0 0 0 0 0 0 0 0 0 0 0 0 0 0 0 0 0 0 0 0 0 
0 0 0 0 0 0 0 0 0 0 0 0 0 0 0 0 0 0 0 0 0 0 0 0 0 0 0 0 0 0 0 0 0 0 0 0 
0 0 0 0 0 0 0 0 0 0 0 0 0 0 0 0 0 0 0 0 0 0 0 0 0 0 0 0 0 0 0 0 0 0 0 0 
0 0 0 0 0 0 0 0 0 0 0 0 0 0 0 0 0 0 0 0 0 0 0 0 0 0 0 0 0 0 0 0 0 0 0 0 

eff_detect_Z-26
0 0 0 0 0 0 0 0 0 0 0 0 0 0 0 0 0 0 0 0 0 0 0 0 0 0 0 0 0 0 0 0 0 0 0 0 
0 0 0 0 0 0 0 0 0 0 0 0 0 0 0 0 0 0 0 0 0 0 0 0 0 0 0 0 0 0 0 0 0 0 0 0 
0 0 0 0 0 0 0 0 0 0 0 0 0 0 2 2 0 0 0 0 0 0 0 0 0 0 0 0 0 0 0 0 0 0 0 0 
0 0 0 0 0 0 0 0 0 0 0 0 2 0 3 4 3 0 0 0 4 4 0 0 0 0 0 0 0 0 0 0 0 0 0 0 
0 0 0 0 0 0 0 0 0 0 0 3 2 2 4 3 4 0 0 0 4 5 0 0 0 0 0 0 0 0 0 0 0 0 0 0 
0 0 0 0 0 0 0 0 0 0 0 0 2 3 3 3 0 2 3 4 0 0 0 0 0 0 0 0 0 0 0 0 0 0 0 0 
0 0 0 0 0 0 0 0 2 2 0 0 1 2 0 0 3 2 3 4 3 0 0 0 0 0 0 0 0 0 0 0 0 0 0 0 
0 0 0 0 0 0 0 0 0 1 0 2 0 1 3 0 2 0 2 0 5 0 0 0 0 0 0 0 0 0 0 0 0 0 0 0 
0 0 0 0 0 0 0 0 0 1 2 0 1 1 1 0 1 0 0 0 7 0 0 4 0 0 0 0 0 0 0 0 0 0 0 0 
0 0 0 0 0 0 0 1 1 0 1 0 1 1 0 0 3 0 0 0 0 0 8 3 4 3 0 0 0 0 0 0 0 0 0 0 
0 0 0 0 0 0 0 1 1 2 0 0 0 0 0 0 0 0 0 0 6 0 10 4 4 5 0 0 0 0 0 0 0 0 0 0 
0 0 0 0 0 0 0 3 2 2 0 0 0 0 0 0 0 0 0 3 4 4 6 0 0 0 0 0 0 0 0 0 0 0 0 0 
0 0 0 0 0 0 0 0 0 0 0 0 0 0 0 0 0 0 0 2 2 4 7 5 4 0 0 0 0 0 0 0 0 0 0 0 
0 0 0 0 0 0 0 0 0 0 0 0 0 0 0 0 0 0 1 1 4 4 6 5 6 0 0 0 0 0 0 0 0 0 0 0 
0 0 0 0 0 0 0 0 0 0 0 0 0 0 0 0 0 0 2 2 3 0 0 9 6 0 0 0 0 0 0 0 0 0 0 0 
0 0 0 0 0 0 0 0 0 0 0 0 0 0 0 0 0 0 2 3 4 8 0 10 6 6 0 0 0 0 0 0 0 0 0 0 
0 0 0 0 0 0 0 0 0 0 0 0 0 0 0 0 0 0 2 0 2 7 0 0 8 6 6 0 0 0 0 0 0 0 0 0 
0 0 0 0 0 0 0 0 0 0 0 0 0 0 0 0 0 0 0 0 0 5 8 11 8 10 8 7 6 0 0 0 0 0 0 0 
0 0 0 0 0 0 0 0 0 0 0 0 2 3 0 0 0 0 0 0 2 2 7 9 9 0 13 7 6 0 0 0 0 0 0 0 
0 0 0 0 0 0 0 0 0 0 0 0 3 0 0 0 0 0 0 0 0 5 7 7 8 0 0 0 0 0 0 0 0 0 0 0 
0 0 0 0 0 0 0 0 0 0 0 0 0 3 0 0 0 0 0 0 0 5 7 8 6 0 0 0 0 0 0 0 0 0 0 0 
0 0 0 0 0 0 0 0 0 0 0 0 0 0 0 0 0 0 0 0 0 0 0 0 0 0 0 0 0 0 0 0 0 0 0 0 
0 0 0 0 0 0 0 0 0 0 0 0 0 0 0 0 0 0 0 0 0 0 0 0 0 0 0 0 0 0 0 0 0 0 0 0 
0 0 0 0 0 0 0 0 0 0 0 0 0 0 0 0 0 0 0 0 0 0 0 0 0 0 0 0 0 0 0 0 0 0 0 0 
0 0 0 0 0 0 0 0 0 0 0 0 0 0 0 0 0 0 0 0 0 0 0 0 0 0 0 0 0 0 0 0 0 0 0 0 
0 0 0 0 0 0 0 0 0 0 0 0 0 0 0 0 0 0 0 0 0 0 0 0 0 0 0 0 0 0 0 0 0 0 0 0 
0 0 0 0 0 0 0 0 0 0 0 0 0 0 0 0 0 0 0 0 0 0 0 0 0 0 0 0 0 0 0 0 0 0 0 0 
0 0 0 0 0 0 0 0 0 0 0 0 0 0 0 0 0 0 0 0 0 0 0 0 0 0 0 0 0 0 0 0 0 0 0 0 
0 0 0 0 0 0 0 0 0 0 0 0 0 0 0 0 0 0 0 0 0 0 0 0 0 0 0 0 0 0 0 0 0 0 0 0 
0 0 0 0 0 0 0 0 0 0 0 0 0 0 0 0 0 0 0 0 0 0 0 0 0 0 0 0 0 0 0 0 0 0 0 0 
0 0 0 0 0 0 0 0 0 0 0 0 0 0 0 0 0 0 0 0 0 0 0 0 0 0 0 0 0 0 0 0 0 0 0 0 

eff_detect_Z-25
0 0 0 0 0 0 0 0 0 0 0 0 0 0 0 0 0 0 0 0 0 0 0 0 0 0 0 0 0 0 0 0 0 0 0 0 
0 0 0 0 0 0 0 0 0 0 0 0 0 0 0 0 0 0 0 0 0 0 0 0 0 0 0 0 0 0 0 0 0 0 0 0 
0 0 0 0 0 0 0 0 0 0 0 2 0 0 0 0 0 3 4 0 5 5 0 0 0 0 0 0 0 0 0 0 0 0 0 0 
0 0 0 0 0 0 0 0 0 0 0 2 3 5 0 0 0 5 3 0 6 6 7 0 0 0 0 0 0 0 0 0 0 0 0 0 
0 0 0 0 0 0 0 0 0 0 0 4 3 3 3 2 3 4 4 4 6 4 8 0 0 0 0 0 0 0 0 0 0 0 0 0 
0 0 0 0 0 0 0 0 0 0 0 0 2 3 0 0 5 4 3 4 7 5 0 0 0 0 0 0 0 0 0 0 0 0 0 0 
0 0 0 0 0 0 0 0 0 0 0 2 3 1 0 4 2 3 1 4 7 5 0 0 0 0 0 0 0 0 0 0 0 0 0 0 
0 0 0 0 0 0 0 0 0 0 3 6 3 1 3 5 2 3 0 6 6 5 7 0 0 0 0 0 0 0 0 0 0 0 0 0 
0 0 0 0 0 0 1 0 1 1 1 3 2 1 2 0 1 0 1 0 5 7 8 6 5 0 0 0 0 0 0 0 0 0 0 0 
0 0 0 0 0 0 3 1 1 0 0 2 2 0 1 0 2 0 0 2 0 8 10 9 5 6 6 0 0 0 0 0 0 0 0 0 
0 0 0 0 0 0 0 0 0 2 0 0 1 0 0 0 0 0 0 5 5 4 8 10 5 5 7 0 0 0 0 0 0 0 0 0 
0 0 0 0 0 0 0 2 2 0 4 2 0 0 0 0 0 0 6 3 3 5 5 10 5 0 0 0 0 0 0 0 0 0 0 0 
0 0 0 0 0 0 0 1 5 0 0 0 0 0 0 0 0 0 4 2 1 3 4 0 10 9 0 0 0 0 0 0 0 0 0 0 
0 0 0 0 0 0 0 0 0 0 0 0 0 0 0 0 0 0 0 4 3 5 5 0 7 9 7 0 0 0 0 0 0 0 0 0 
0 0 0 0 0 0 0 0 0 0 0 0 0 0 0 0 0 1 0 2 1 7 7 11 8 9 0 0 0 0 0 0 0 0 0 0 
0 0 0 0 0 0 0 0 0 0 0 0 0 0 0 0 0 0 0 2 1 6 11 14 12 8 10 0 0 0 0 0 0 0 0 0 
0 0 0 0 0 0 0 0 0 0 0 0 0 0 0 0 0 0 0 0 4 5 10 10 10 8 0 0 0 0 0 0 0 0 0 0 
0 0 0 0 0 0 0 0 0 0 0 0 0 4 7 0 0 0 3 1 0 1 6 9 10 9 10 12 0 0 0 0 0 0 0 0 
0 0 0 0 0 0 0 0 0 0 0 0 3 3 3 6 3 0 2 4 2 0 7 9 8 0 0 0 0 0 0 0 0 0 0 0 
0 0 0 0 0 0 0 0 0 0 0 4 5 2 2 2 3 0 2 4 5 5 5 7 8 0 0 0 0 0 0 0 0 0 0 0 
0 0 0 0 0 0 0 0 0 0 0 0 3 0 2 0 3 4 0 4 4 6 7 7 9 0 0 0 0 0 0 0 0 0 0 0 
0 0 0 0 0 0 0 0 0 0 0 0 2 6 6 4 2 3 6 4 3 5 6 9 0 0 0 0 0 0 0 0 0 0 0 0 
0 0 0 0 0 0 0 0 0 0 0 0 0 0 0 0 3 4 5 0 0 0 0 0 0 0 0 0 0 0 0 0 0 0 0 0 
0 0 0 0 0 0 0 0 0 0 0 0 0 0 0 0 0 5 4 0 0 0 0 0 0 0 0 0 0 0 0 0 0 0 0 0 
0 0 0 0 0 0 0 0 0 0 0 0 0 0 0 0 0 5 3 0 0 0 0 0 0 0 0 0 0 0 0 0 0 0 0 0 
0 0 0 0 0 0 0 0 0 0 0 0 0 0 0 0 0 0 0 0 0 0 0 0 0 0 0 0 0 0 0 0 0 0 0 0 
0 0 0 0 0 0 0 0 0 0 0 0 0 0 0 0 0 0 0 0 0 0 0 0 0 0 0 0 0 0 0 0 0 0 0 0 
0 0 0 0 0 0 0 0 0 0 0 0 0 0 0 0 0 0 0 0 0 0 0 0 0 0 0 0 0 0 0 0 0 0 0 0 
0 0 0 0 0 0 0 0 0 0 0 0 0 0 0 0 0 0 0 0 0 0 0 0 0 0 0 0 0 0 0 0 0 0 0 0 
0 0 0 0 0 0 0 0 0 0 0 0 0 0 0 0 0 0 0 0 0 0 0 0 0 0 0 0 0 0 0 0 0 0 0 0 
0 0 0 0 0 0 0 0 0 0 0 0 0 0 0 0 0 0 0 0 0 0 0 0 0 0 0 0 0 0 0 0 0 0 0 0 

eff_detect_Z-24
0 0 0 0 0 0 0 0 0 0 0 0 0 0 0 0 0 0 0 0 0 0 0 0 0 0 0 0 0 0 0 0 0 0 0 0 
0 0 0 0 0 0 0 0 0 0 0 0 0 0 0 0 0 0 0 0 0 0 0 0 0 0 0 0 0 0 0 0 0 0 0 0 
0 0 0 0 0 0 0 0 0 0 0 0 0 0 0 0 4 5 6 6 0 0 0 0 0 0 0 0 0 0 0 0 0 0 0 0 
0 0 0 0 0 0 0 0 0 0 0 0 5 0 0 0 4 5 5 7 8 6 6 0 0 0 0 0 0 0 0 0 0 0 0 0 
0 0 0 0 0 0 0 0 0 0 0 0 0 4 2 3 3 5 5 7 9 6 6 0 0 0 0 0 0 0 0 0 0 0 0 0 
0 0 0 0 0 0 0 0 0 0 0 4 4 3 1 1 4 6 3 2 6 7 10 0 0 0 0 0 0 0 0 0 0 0 0 0 
0 0 0 0 0 0 0 0 0 0 0 2 4 2 0 1 2 3 3 3 8 7 8 0 0 0 0 0 0 0 0 0 0 0 0 0 
0 0 0 0 0 0 2 0 0 0 0 2 4 3 1 3 2 1 2 0 7 8 7 11 0 0 0 0 0 0 0 0 0 0 0 0 
0 0 0 0 0 0 2 1 0 1 1 0 3 2 0 0 5 1 0 2 4 4 5 8 0 0 0 6 0 0 0 0 0 0 0 0 
0 0 0 0 0 0 0 4 2 1 1 0 0 0 0 0 0 3 0 0 1 4 6 8 6 5 6 7 5 0 0 0 0 0 0 0 
0 0 0 0 0 0 0 0 0 3 0 0 0 0 0 0 0 5 0 4 3 3 7 10 9 7 6 7 5 0 0 0 0 0 0 0 
0 0 0 0 0 0 0 2 0 0 2 0 0 0 0 0 0 0 8 2 2 3 6 12 10 8 8 7 5 0 0 0 0 0 0 0 
0 0 0 0 0 0 0 0 0 0 5 6 0 0 0 0 0 0 5 4 1 4 5 8 10 9 13 13 0 0 0 0 0 0 0 0 
0 0 0 0 0 0 0 0 0 0 0 0 0 0 0 0 0 0 3 5 3 3 7 9 12 7 12 0 0 0 0 0 0 0 0 0 
0 0 0 0 0 0 0 0 0 0 0 0 0 0 1 2 0 0 1 6 4 3 7 9 12 10 11 0 0 0 0 0 0 0 0 0 
0 0 0 0 0 0 0 0 1 0 0 0 0 2 2 0 0 0 2 2 3 3 6 10 14 7 15 0 0 0 0 0 0 0 0 0 
0 0 0 0 0 0 0 0 0 0 2 0 1 1 3 0 0 2 0 1 2 1 4 9 10 7 14 0 0 0 0 0 0 0 0 0 
0 0 0 0 0 0 0 0 0 0 0 0 2 2 4 2 0 2 2 2 3 4 3 7 9 9 13 0 0 0 0 0 0 0 0 0 
0 0 0 0 0 0 0 0 0 0 0 3 3 3 0 5 3 2 3 3 3 1 5 11 10 13 9 0 0 0 0 0 0 0 0 0 
0 0 0 0 0 0 0 0 0 0 0 4 2 2 4 5 4 4 5 3 3 4 2 6 8 0 0 0 0 0 0 0 0 0 0 0 
0 0 0 0 0 0 0 0 0 0 0 0 0 4 3 1 2 3 6 6 5 4 6 5 0 0 0 0 0 0 0 0 0 0 0 0 
0 0 0 0 0 0 0 0 0 0 0 0 5 5 4 3 3 3 6 7 0 6 7 7 0 0 0 0 0 0 0 0 0 0 0 0 
0 0 0 0 0 0 0 0 0 0 0 0 0 0 0 10 6 2 5 6 0 0 0 0 0 0 0 0 0 0 0 0 0 0 0 0 
0 0 0 0 0 0 0 0 0 0 0 0 0 0 0 0 0 0 8 3 0 0 0 0 0 0 0 0 0 0 0 0 0 0 0 0 
0 0 0 0 0 0 0 0 0 0 0 0 0 0 0 0 0 7 0 0 0 0 0 0 0 0 0 0 0 0 0 0 0 0 0 0 
0 0 0 0 0 0 0 0 0 0 0 0 0 0 0 0 0 0 0 0 0 0 0 0 0 0 0 0 0 0 0 0 0 0 0 0 
0 0 0 0 0 0 0 0 0 0 0 0 0 0 0 0 0 0 0 0 0 0 0 0 0 0 0 0 0 0 0 0 0 0 0 0 
0 0 0 0 0 0 0 0 0 0 0 0 0 0 0 0 0 0 0 0 0 0 0 0 0 0 0 0 0 0 0 0 0 0 0 0 
0 0 0 0 0 0 0 0 0 0 0 0 0 0 0 0 0 0 0 0 0 0 0 0 0 0 0 0 0 0 0 0 0 0 0 0 
0 0 0 0 0 0 0 0 0 0 0 0 0 0 0 0 0 0 0 0 0 0 0 0 0 0 0 0 0 0 0 0 0 0 0 0 
0 0 0 0 0 0 0 0 0 0 0 0 0 0 0 0 0 0 0 0 0 0 0 0 0 0 0 0 0 0 0 0 0 0 0 0 

eff_detect_Z-23
0 0 0 0 0 0 0 0 0 0 0 0 0 0 0 0 0 0 0 0 0 0 0 0 0 0 0 0 0 0 0 0 0 0 0 0 
0 0 0 0 0 0 0 0 0 0 0 0 0 0 0 0 0 0 0 0 0 0 0 0 0 0 0 0 0 0 0 0 0 0 0 0 
0 0 0 0 0 0 0 0 0 0 0 0 0 0 0 4 4 0 12 7 0 0 0 0 0 0 0 0 0 0 0 0 0 0 0 0 
0 0 0 0 0 0 0 0 0 0 0 0 0 6 0 4 6 6 10 0 0 0 0 0 0 0 0 0 0 0 0 0 0 0 0 0 
0 0 0 0 0 0 0 0 0 0 0 2 6 7 4 2 3 6 8 7 0 0 13 9 0 0 0 0 0 0 0 0 0 0 0 0 
0 0 0 0 0 0 0 0 0 0 0 4 4 2 1 1 0 3 3 3 9 0 0 14 0 0 0 0 0 0 0 0 0 0 0 0 
0 0 0 0 0 0 0 0 0 1 0 1 3 6 3 0 1 0 3 5 9 11 11 14 0 0 0 0 0 0 0 0 0 0 0 0 
0 0 0 0 0 0 0 7 0 0 0 2 1 3 0 5 4 1 0 3 6 6 5 10 0 0 0 0 0 0 0 0 0 0 0 0 
0 0 0 0 0 0 2 0 3 1 1 0 0 2 0 5 2 3 0 0 2 5 6 6 13 0 0 0 0 0 0 0 0 0 0 0 
0 0 0 0 0 0 1 2 3 2 2 1 1 0 0 0 0 5 1 2 3 3 3 6 11 10 0 8 0 0 0 0 0 0 0 0 
0 0 0 0 0 0 0 1 1 1 1 1 1 0 0 0 0 0 6 4 2 0 0 4 8 0 11 7 5 7 0 0 0 0 0 0 
0 0 0 0 0 0 0 0 4 5 4 0 0 0 0 0 1 10 0 4 1 1 2 5 10 8 8 8 7 7 0 0 0 0 0 0 
0 0 0 0 0 0 0 0 2 0 7 2 0 0 0 0 2 0 0 9 3 5 8 10 13 9 9 13 9 0 0 0 0 0 0 0 
0 0 0 0 0 0 0 0 0 0 0 6 0 0 0 0 0 4 0 0 7 0 0 13 18 12 10 14 0 0 0 0 0 0 0 0 
0 0 0 0 0 0 0 0 0 0 3 6 8 0 0 0 0 0 1 4 6 3 5 11 18 14 10 0 0 0 0 0 0 0 0 0 
0 0 0 0 0 0 0 0 0 0 0 3 5 3 0 0 0 0 5 1 7 5 3 5 10 0 14 15 11 6 0 0 0 0 0 0 
0 0 0 0 0 0 0 0 0 2 2 0 0 5 4 0 0 3 0 0 0 2 4 6 12 0 0 20 11 7 5 0 0 0 0 0 
0 0 0 0 0 0 0 0 0 0 4 7 6 0 6 0 0 3 0 1 1 3 0 8 9 10 11 16 9 0 0 0 0 0 0 0 
0 0 0 0 0 0 0 0 0 0 5 5 5 1 3 0 0 3 1 2 3 3 7 0 12 0 11 10 11 0 0 0 0 0 0 0 
0 0 0 0 0 0 0 0 0 0 0 5 1 1 2 7 6 2 2 4 6 4 1 7 11 0 11 9 13 0 0 0 0 0 0 0 
0 0 0 0 0 0 0 0 0 0 0 4 4 5 4 3 4 4 5 7 7 5 5 4 0 0 0 0 0 0 0 0 0 0 0 0 
0 0 0 0 0 0 0 0 0 0 0 3 5 9 6 3 3 2 4 7 8 7 7 0 0 0 0 0 0 0 0 0 0 0 0 0 
0 0 0 0 0 0 0 0 0 0 0 0 7 6 9 8 6 4 9 8 8 9 0 0 0 0 0 0 0 0 0 0 0 0 0 0 
0 0 0 0 0 0 0 0 0 0 0 0 0 0 0 0 0 0 13 5 0 0 0 0 0 0 0 0 0 0 0 0 0 0 0 0 
0 0 0 0 0 0 0 0 0 0 0 0 0 0 0 7 0 0 11 0 0 0 0 0 0 0 0 0 0 0 0 0 0 0 0 0 
0 0 0 0 0 0 0 0 0 0 0 0 0 0 0 5 6 0 0 0 0 0 0 0 0 0 0 0 0 0 0 0 0 0 0 0 
0 0 0 0 0 0 0 0 0 0 0 0 0 0 0 0 0 0 0 0 0 0 0 0 0 0 0 0 0 0 0 0 0 0 0 0 
0 0 0 0 0 0 0 0 0 0 0 0 0 0 0 0 0 0 0 0 0 0 0 0 0 0 0 0 0 0 0 0 0 0 0 0 
0 0 0 0 0 0 0 0 0 0 0 0 0 0 0 0 0 0 0 0 0 0 0 0 0 0 0 0 0 0 0 0 0 0 0 0 
0 0 0 0 0 0 0 0 0 0 0 0 0 0 0 0 0 0 0 0 0 0 0 0 0 0 0 0 0 0 0 0 0 0 0 0 
0 0 0 0 0 0 0 0 0 0 0 0 0 0 0 0 0 0 0 0 0 0 0 0 0 0 0 0 0 0 0 0 0 0 0 0 

eff_detect_Z-22
0 0 0 0 0 0 0 0 0 0 0 0 0 0 0 0 0 0 0 0 0 0 0 0 0 0 0 0 0 0 0 0 0 0 0 0 
0 0 0 0 0 0 0 0 0 0 0 0 0 0 0 0 0 0 0 0 0 0 0 0 0 0 0 0 0 0 0 0 0 0 0 0 
0 0 0 0 0 0 0 0 0 0 0 0 0 0 0 0 0 0 0 0 0 0 0 0 0 0 0 0 0 0 0 0 0 0 0 0 
0 0 0 0 0 0 0 0 0 0 0 0 4 0 12 0 7 4 5 8 0 0 0 0 0 0 0 0 0 0 0 0 0 0 0 0 
0 0 0 0 0 0 0 0 0 0 0 0 7 6 4 4 1 2 6 10 0 0 0 0 0 0 0 0 0 0 0 0 0 0 0 0 
0 0 0 0 0 0 0 0 0 0 0 3 0 3 4 3 1 1 2 6 0 0 15 0 0 0 0 0 0 0 0 0 0 0 0 0 
0 0 0 0 0 0 0 0 0 0 0 1 2 3 5 0 3 1 0 0 10 14 16 17 0 0 0 0 0 0 0 0 0 0 0 0 
0 0 0 0 0 0 0 4 0 0 2 3 2 0 4 0 5 2 0 1 3 7 9 10 0 0 0 0 0 0 0 0 0 0 0 0 
0 0 0 0 0 0 2 3 4 4 2 1 1 0 2 0 5 2 1 0 0 2 6 7 0 0 0 0 0 0 0 0 0 0 0 0 
0 0 0 0 0 0 1 0 0 1 1 2 1 1 0 0 0 1 1 2 3 3 2 3 0 0 0 0 0 0 0 0 0 0 0 0 
0 0 0 0 0 0 1 0 0 0 1 2 0 0 0 0 2 8 6 2 0 0 1 3 8 15 11 8 9 7 5 0 6 4 4 0 
0 0 0 0 0 0 3 1 0 2 0 1 0 1 0 0 0 8 14 4 0 0 1 4 7 14 12 13 12 10 6 0 7 4 4 0 
0 0 0 0 0 0 0 3 0 6 7 2 0 0 0 0 5 0 0 14 8 3 5 10 0 14 10 11 12 0 9 5 5 4 0 0 
0 0 0 0 0 0 0 3 0 1 8 7 6 0 0 1 0 4 0 14 0 6 5 8 16 19 11 16 15 0 10 5 5 0 0 0 
0 0 0 0 0 0 0 2 0 0 0 5 5 0 0 0 0 5 4 9 12 9 6 8 0 22 12 20 0 0 0 8 5 0 0 0 
0 0 0 0 0 0 0 0 0 0 0 2 6 0 0 0 0 0 0 2 3 6 3 5 8 16 19 20 19 12 7 0 0 0 0 0 
0 0 0 0 0 0 0 0 0 0 0 0 5 10 10 0 0 6 0 2 1 6 8 6 10 0 20 14 12 7 6 0 0 0 0 0 
0 0 0 0 0 0 0 0 0 0 3 5 3 4 7 0 0 0 5 0 0 2 7 8 12 0 0 14 9 8 5 6 0 0 0 0 
0 0 0 0 0 0 0 0 0 0 5 7 7 5 3 6 6 0 1 1 2 4 6 9 12 0 0 14 13 10 0 0 0 0 0 0 
0 0 0 0 0 0 0 0 0 0 0 0 6 4 3 2 4 0 3 1 4 6 4 0 0 0 14 8 13 14 0 0 0 0 0 0 
0 0 0 0 0 0 0 0 0 0 5 5 5 3 4 3 7 9 4 4 6 6 4 5 12 0 0 14 11 0 0 0 0 0 0 0 
0 0 0 0 0 0 0 0 0 0 0 5 3 7 6 6 4 3 5 12 6 5 8 8 0 0 0 14 15 0 0 0 0 0 0 0 
0 0 0 0 0 0 0 0 0 0 0 0 7 6 9 10 9 5 8 11 8 9 10 0 0 0 0 14 12 0 0 0 0 0 0 0 
0 0 0 0 0 0 0 0 0 0 0 0 0 0 9 10 15 14 9 8 8 11 12 13 0 0 0 12 9 0 0 0 0 0 0 0 
0 0 0 0 0 0 0 0 0 0 0 0 0 0 0 7 8 10 11 10 8 11 9 7 0 0 0 0 0 0 0 0 0 0 0 0 
0 0 0 0 0 0 0 0 0 0 0 0 0 0 7 7 6 0 0 0 0 9 7 0 0 0 0 0 0 0 0 0 0 0 0 0 
0 0 0 0 0 0 0 0 0 0 0 0 0 0 5 6 0 0 0 0 0 0 0 0 0 0 0 0 0 0 0 0 0 0 0 0 
0 0 0 0 0 0 0 0 0 0 0 0 0 0 0 0 0 0 0 0 0 0 0 0 0 0 0 0 0 0 0 0 0 0 0 0 
0 0 0 0 0 0 0 0 0 0 0 0 0 0 0 0 0 0 0 0 0 0 0 0 0 0 0 0 0 0 0 0 0 0 0 0 
0 0 0 0 0 0 0 0 0 0 0 0 0 0 0 0 0 0 0 0 0 0 0 0 0 0 0 0 0 0 0 0 0 0 0 0 
0 0 0 0 0 0 0 0 0 0 0 0 0 0 0 0 0 0 0 0 0 0 0 0 0 0 0 0 0 0 0 0 0 0 0 0 

eff_detect_Z-21
0 0 0 0 0 0 0 0 0 0 0 0 0 0 0 0 0 0 0 0 0 0 0 0 0 0 0 0 0 0 0 0 0 0 0 0 
0 0 0 0 0 0 0 0 0 0 0 0 0 0 0 0 0 0 0 0 0 0 0 0 0 0 0 0 0 0 0 0 0 0 0 0 
0 0 0 0 0 0 0 0 0 0 0 0 0 0 0 0 0 0 0 0 0 0 0 0 0 0 0 0 0 0 0 0 0 0 0 0 
0 0 0 0 0 0 0 0 0 0 0 0 0 7 8 0 8 3 5 10 0 0 0 0 0 0 0 0 0 0 0 0 0 0 0 0 
0 0 0 0 0 0 0 0 0 0 0 0 0 6 4 4 0 2 4 10 8 5 11 0 0 0 0 0 0 0 0 0 0 0 0 0 
0 0 0 0 0 0 0 0 0 0 0 3 0 2 4 8 0 5 0 5 14 11 14 0 0 0 0 0 0 0 0 0 0 0 0 0 
0 0 0 0 0 0 0 0 0 0 0 0 0 3 2 0 4 5 2 2 9 13 13 0 0 0 0 7 0 0 0 0 0 0 0 0 
0 0 0 0 0 0 0 4 0 0 0 0 2 0 2 5 6 4 0 1 3 6 11 13 0 0 0 10 10 5 0 0 0 0 0 0 
0 0 0 0 0 0 2 2 1 2 3 2 2 1 1 1 3 1 0 0 3 5 10 9 16 0 0 0 0 0 0 0 0 0 0 0 
0 0 0 0 0 0 3 1 0 0 0 2 1 1 0 0 2 3 2 2 4 2 2 4 10 20 14 0 0 0 0 0 0 0 0 0 
0 0 0 0 0 0 0 0 0 1 0 0 3 0 0 0 0 3 5 2 0 0 0 3 6 20 13 9 10 0 7 5 5 0 6 0 
0 0 0 0 0 0 4 3 2 1 0 1 1 1 1 0 1 6 14 9 3 4 3 5 0 16 13 9 13 14 7 7 6 0 0 0 
0 0 0 0 0 0 3 6 3 1 2 0 0 0 0 0 3 10 14 18 7 5 0 6 0 17 0 13 14 13 8 7 0 0 0 0 
0 0 0 0 0 0 5 5 3 1 5 5 0 2 1 0 1 7 10 18 15 6 3 2 11 19 17 19 15 0 15 0 0 0 0 0 
0 0 0 0 0 0 0 3 3 2 0 7 10 10 0 0 4 7 7 12 16 10 3 4 8 15 15 17 17 16 0 11 5 6 0 0 
0 0 0 0 0 0 4 5 5 2 0 0 6 0 19 15 0 8 0 6 7 12 7 10 15 16 15 18 21 17 12 0 0 0 0 0 
0 0 0 0 0 0 0 2 1 1 1 1 5 0 0 0 0 0 9 3 0 5 8 5 13 15 24 14 12 10 6 9 0 0 0 0 
0 0 0 0 0 0 0 0 0 2 3 3 4 5 0 11 12 8 6 2 0 3 9 5 11 0 20 14 9 9 8 6 6 0 0 0 
0 0 0 0 0 0 0 0 0 0 3 5 8 5 3 7 7 8 6 2 2 3 5 8 11 0 16 12 11 10 9 7 6 0 0 0 
0 0 0 0 0 0 0 0 0 0 0 0 9 6 6 6 5 0 11 0 3 3 4 0 14 0 15 13 12 12 10 8 0 0 0 0 
0 0 0 0 0 0 0 0 0 0 0 0 0 10 5 4 4 7 10 7 6 4 6 6 13 19 0 17 10 18 0 0 0 0 0 0 
0 0 0 0 0 0 0 0 0 0 0 7 7 6 6 6 6 10 12 12 8 6 7 5 7 12 12 15 14 15 0 0 0 0 0 0 
0 0 0 0 0 0 0 0 0 0 0 6 6 6 6 9 9 7 4 7 8 0 8 9 0 11 13 12 16 16 0 0 0 0 0 0 
0 0 0 0 0 0 0 0 0 0 0 0 0 0 10 9 10 9 4 5 6 0 0 0 16 9 10 11 14 0 0 0 0 0 0 0 
0 0 0 0 0 0 0 0 0 0 0 0 0 0 9 12 11 17 13 11 10 9 0 0 14 10 13 11 11 0 0 0 0 0 0 0 
0 0 0 0 0 0 0 0 0 0 0 0 0 0 5 7 0 11 8 11 15 11 0 0 0 0 9 11 8 0 0 0 0 0 0 0 
0 0 0 0 0 0 0 0 0 0 0 0 0 0 0 7 0 8 0 7 11 0 0 0 0 0 5 5 0 0 0 0 0 0 0 0 
0 0 0 0 0 0 0 0 0 0 0 0 0 0 0 0 0 0 0 0 0 0 0 0 0 0 0 0 0 0 0 0 0 0 0 0 
0 0 0 0 0 0 0 0 0 0 0 0 0 0 0 0 0 0 0 0 0 0 0 0 0 0 0 0 0 0 0 0 0 0 0 0 
0 0 0 0 0 0 0 0 0 0 0 0 0 0 0 0 0 0 0 0 0 0 0 0 0 0 0 0 0 0 0 0 0 0 0 0 
0 0 0 0 0 0 0 0 0 0 0 0 0 0 0 0 0 0 0 0 0 0 0 0 0 0 0 0 0 0 0 0 0 0 0 0 

eff_detect_Z-20
0 0 0 0 0 0 0 0 0 0 0 0 0 0 0 0 0 0 0 0 0 0 0 0 0 0 0 0 0 0 0 0 0 0 0 0 
0 0 0 0 0 0 0 0 0 0 0 0 0 0 0 0 0 0 0 0 0 0 0 0 0 0 0 0 0 0 0 0 0 0 0 0 
0 0 0 0 0 0 0 0 0 0 0 0 0 0 0 0 0 0 0 0 0 0 0 0 0 0 5 0 0 0 0 0 0 0 0 0 
0 0 0 0 0 0 0 0 0 0 0 0 2 4 0 9 0 0 6 9 14 0 0 0 0 9 4 0 0 0 0 0 0 0 0 0 
0 0 0 0 0 0 0 0 0 0 0 0 4 5 6 4 5 0 4 0 0 0 0 0 0 12 5 0 0 0 0 0 0 0 0 0 
0 0 0 0 0 0 0 0 0 0 0 0 4 2 4 6 7 7 3 3 12 0 13 0 0 0 0 0 0 0 0 0 0 0 0 0 
0 0 0 0 0 0 2 2 0 6 0 8 0 6 4 4 6 7 3 1 3 9 5 0 0 0 0 12 9 8 0 0 0 0 0 0 
0 0 0 0 0 6 6 5 4 5 6 6 4 2 2 1 2 6 3 0 2 6 7 12 0 0 0 12 13 0 0 0 0 0 0 0 
0 0 0 5 7 6 4 5 2 0 0 1 1 0 2 2 0 0 2 0 2 7 10 10 14 18 0 17 12 0 0 0 0 0 0 0 
0 0 0 5 5 6 4 1 0 0 0 0 4 4 1 1 0 1 2 3 2 2 1 8 12 19 16 0 0 0 11 6 0 0 0 0 
0 0 0 0 3 5 0 4 0 2 1 1 2 1 1 1 1 4 6 6 4 2 1 5 12 18 17 9 0 14 10 6 0 10 0 0 
0 0 0 0 3 0 6 5 2 2 0 0 1 0 0 1 0 3 11 9 5 4 7 7 0 18 23 12 10 11 11 6 10 10 0 0 
0 0 0 0 3 6 6 5 6 1 0 0 0 2 1 2 1 2 6 9 7 5 0 0 0 0 0 18 14 15 13 7 10 8 0 0 
0 0 0 0 0 0 7 0 6 4 1 2 4 0 2 3 3 5 11 18 19 0 0 0 7 14 16 24 24 20 17 13 12 0 0 0 
0 0 0 0 0 0 0 6 6 6 3 1 0 9 8 10 10 0 11 15 18 9 4 0 0 12 15 18 17 11 14 16 10 0 0 0 
0 0 0 0 0 0 2 4 4 2 3 1 6 0 0 14 5 0 14 10 8 17 10 7 10 14 18 16 10 10 16 0 0 0 0 0 
0 0 0 0 0 2 4 4 1 2 4 3 3 0 0 0 0 8 9 6 0 9 16 9 11 18 20 20 12 15 13 0 0 0 0 0 
0 0 0 0 0 3 0 0 0 1 4 3 3 9 0 15 0 9 3 3 0 3 0 0 13 0 19 17 8 14 13 8 0 0 0 0 
0 0 0 0 0 0 0 0 0 0 2 3 8 0 5 12 0 17 8 5 2 2 6 12 0 0 15 0 14 9 7 6 0 0 0 0 
0 0 0 3 0 0 0 0 0 0 4 5 0 9 6 5 0 0 12 5 8 6 2 8 10 0 15 0 18 12 9 7 0 0 0 0 
0 0 0 3 6 0 0 0 0 0 0 0 0 9 8 7 9 11 9 11 7 3 6 8 0 0 18 0 16 17 13 11 0 0 0 0 
0 0 5 3 0 0 0 0 0 0 0 5 5 7 9 6 7 7 9 14 9 7 10 7 13 14 19 17 0 18 0 0 0 0 0 0 
0 4 4 3 0 0 0 0 0 0 0 6 6 8 7 8 7 5 9 12 9 12 11 11 10 5 13 12 16 15 0 0 0 0 0 0 
0 0 3 0 0 0 0 0 0 0 0 6 7 8 9 8 8 10 0 6 4 11 13 0 13 13 13 13 15 16 0 0 0 0 0 0 
0 0 0 0 0 0 0 0 0 0 0 0 0 7 0 12 12 14 11 6 5 6 11 0 14 12 13 12 14 15 0 0 0 0 0 0 
0 0 0 0 0 0 0 0 0 0 0 0 0 0 0 8 12 10 12 13 9 10 11 0 0 0 0 17 13 11 0 0 0 0 0 0 
0 0 0 0 0 0 0 0 0 0 0 0 0 0 0 0 8 11 10 11 11 0 0 0 0 0 0 0 0 0 0 0 0 0 0 0 
0 0 0 0 0 0 0 0 0 0 0 0 0 0 0 0 0 11 0 11 0 0 0 0 0 0 0 0 0 0 0 0 0 0 0 0 
0 0 0 0 0 0 0 0 0 0 0 0 0 0 0 0 0 0 0 0 0 0 0 0 0 0 0 0 0 0 0 0 0 0 0 0 
0 0 0 0 0 0 0 0 0 0 0 0 0 0 0 0 0 0 0 0 0 0 0 0 0 0 0 0 0 0 0 0 0 0 0 0 
0 0 0 0 0 0 0 0 0 0 0 0 0 0 0 0 0 0 0 0 0 0 0 0 0 0 0 0 0 0 0 0 0 0 0 0 

eff_detect_Z-19
0 0 0 0 0 0 0 0 0 0 0 0 0 0 0 0 0 0 0 0 0 0 0 0 0 0 0 0 0 0 0 0 0 0 0 0 
0 0 0 0 0 0 0 0 0 0 0 0 0 0 0 0 0 0 0 0 0 0 0 0 0 0 0 0 0 0 0 0 0 0 0 0 
0 0 0 0 0 0 0 0 0 0 0 0 0 0 0 0 18 18 0 0 0 0 0 0 10 11 0 0 0 0 0 0 0 0 0 0 
0 0 0 0 0 0 0 0 0 0 0 0 2 0 0 12 12 10 9 8 0 0 0 11 15 16 9 6 0 0 0 0 0 0 0 0 
0 0 0 0 0 0 0 0 0 0 0 5 6 0 5 2 5 11 9 0 0 0 17 17 18 16 12 9 0 0 5 0 0 0 0 0 
0 0 0 0 0 0 0 0 0 0 8 13 13 7 6 4 5 9 3 2 4 0 0 0 0 15 11 11 11 7 5 0 0 0 0 0 
0 0 0 0 0 0 0 0 0 0 12 11 0 7 3 1 4 7 6 1 2 0 9 10 0 0 16 12 14 13 9 0 0 0 0 0 
0 0 0 0 5 7 7 5 4 4 2 3 4 3 5 3 1 2 0 4 1 7 9 0 0 0 0 18 13 11 0 0 0 0 0 0 
0 0 0 3 4 6 6 5 3 2 0 0 0 3 6 2 1 0 3 4 1 5 10 4 5 7 13 18 13 10 0 0 0 0 0 0 
0 0 0 5 5 5 4 4 4 3 0 1 1 4 0 0 1 1 2 5 4 2 5 9 11 13 17 14 18 0 17 5 0 0 0 0 
0 0 0 5 4 6 12 8 0 5 3 2 0 0 0 2 1 1 3 7 9 6 7 10 0 30 28 18 0 0 0 0 0 0 10 0 
0 0 0 0 6 4 7 9 7 0 4 1 0 1 2 1 0 0 6 6 5 3 9 7 0 24 0 24 0 20 13 0 0 11 8 0 
0 0 0 2 3 3 7 9 0 8 2 0 2 3 2 4 4 2 8 10 0 13 0 0 8 15 0 26 0 21 19 15 8 9 0 0 
0 0 0 1 2 2 3 0 12 9 5 1 1 8 6 4 10 10 0 17 13 12 3 0 0 0 0 0 22 18 0 0 10 0 0 0 
0 0 0 0 1 2 5 8 9 7 4 1 0 6 0 10 10 0 0 18 19 0 8 0 0 13 15 0 0 0 0 0 13 0 0 0 
0 0 0 0 3 3 3 3 7 5 4 5 4 0 0 14 0 6 0 12 9 15 0 0 0 16 20 19 14 13 15 16 0 0 0 0 
0 0 0 0 0 3 1 3 2 3 3 5 5 11 0 0 0 6 4 5 5 7 0 0 13 0 23 17 9 0 13 18 0 0 0 0 
0 0 0 0 0 5 5 5 0 4 6 6 5 7 0 0 22 17 7 7 2 1 0 0 17 0 23 18 13 13 16 15 0 0 0 0 
0 0 0 3 4 9 7 7 6 0 0 0 8 10 9 15 22 23 14 6 4 7 5 14 0 0 0 22 17 15 16 9 0 0 0 0 
0 0 0 3 3 6 8 6 0 7 4 0 7 6 0 6 0 21 16 0 8 7 3 10 15 0 0 0 24 0 14 0 0 0 0 0 
0 0 0 6 2 6 9 7 0 5 8 0 8 6 9 6 0 12 17 16 10 5 8 5 10 17 14 0 23 16 12 8 0 0 0 0 
0 0 0 6 3 0 10 9 0 0 0 0 6 5 8 10 11 12 10 15 10 4 6 7 14 21 20 18 19 15 0 0 0 0 0 0 
0 0 0 4 5 0 8 0 0 0 0 0 0 9 8 10 10 8 9 14 12 11 8 8 12 9 13 18 23 20 20 0 0 0 0 0 
0 0 0 0 0 0 0 0 0 0 0 0 6 9 10 7 9 9 9 9 7 8 10 11 0 10 10 17 0 23 18 0 0 0 0 0 
0 0 0 0 0 0 0 0 0 0 0 0 0 0 11 11 7 8 10 9 5 4 10 0 0 14 16 12 16 20 20 0 0 0 0 0 
0 0 0 0 0 0 0 0 0 0 0 0 0 0 0 11 12 10 11 15 12 8 9 0 0 0 15 17 12 14 15 0 0 0 0 0 
0 0 0 0 0 0 0 0 0 0 0 0 0 0 0 0 0 12 14 13 0 0 11 0 0 0 0 14 0 0 0 0 0 0 0 0 
0 0 0 0 0 0 0 0 0 0 0 0 0 0 0 0 0 12 9 10 0 0 0 0 0 0 0 0 0 0 0 0 0 0 0 0 
0 0 0 0 0 0 0 0 0 0 0 0 0 0 0 0 0 0 0 0 0 0 0 0 0 0 0 0 0 0 0 0 0 0 0 0 
0 0 0 0 0 0 0 0 0 0 0 0 0 0 0 0 0 0 0 0 0 0 0 0 0 0 0 0 0 0 0 0 0 0 0 0 
0 0 0 0 0 0 0 0 0 0 0 0 0 0 0 0 0 0 0 0 0 0 0 0 0 0 0 0 0 0 0 0 0 0 0 0 

eff_detect_Z-18
0 0 0 0 0 0 0 0 0 0 0 0 0 0 0 0 0 0 0 0 0 0 0 0 0 0 0 0 0 0 0 0 0 0 0 0 
0 0 0 0 0 0 0 0 0 0 0 0 0 0 0 0 0 0 0 0 12 0 12 8 7 11 10 0 0 0 0 0 0 0 0 0 
0 0 0 0 0 0 0 0 0 0 0 0 0 0 0 0 14 0 17 10 8 0 12 8 14 13 13 0 0 0 0 0 0 0 0 0 
0 0 0 0 0 0 0 0 0 0 0 0 0 0 6 11 10 9 8 9 9 12 11 13 16 15 14 0 0 0 0 0 0 0 0 0 
0 0 0 0 0 0 0 0 0 0 0 0 0 0 8 4 7 8 13 10 6 8 12 17 14 13 13 11 10 0 0 0 0 0 0 0 
0 0 0 0 0 0 0 0 0 0 0 0 0 0 10 6 4 7 9 7 4 7 8 12 13 11 12 14 15 0 13 0 0 0 0 0 
0 0 0 0 0 7 0 0 0 8 9 0 0 0 7 5 2 0 8 9 2 0 10 0 0 15 15 11 19 16 13 0 0 0 0 0 
0 0 0 3 5 5 0 0 0 7 3 4 4 5 4 0 4 0 2 5 1 3 13 0 13 0 20 17 0 12 9 0 0 0 0 0 
0 0 0 4 3 3 5 7 5 5 1 1 3 2 6 4 1 1 2 3 3 5 0 0 9 6 13 18 0 0 0 0 0 0 0 0 
0 0 0 0 6 3 3 9 6 7 4 3 2 1 0 2 1 1 2 4 11 7 7 13 8 18 13 19 16 0 23 0 0 0 0 0 
0 0 0 4 4 3 4 9 8 6 7 5 1 0 0 2 1 1 4 8 9 9 9 16 19 23 23 22 16 0 0 0 0 0 0 0 
0 0 0 3 6 4 6 9 6 14 14 4 1 1 1 1 0 3 2 7 10 0 0 14 14 20 0 31 25 0 0 0 0 0 0 0 
0 0 0 2 4 5 4 9 12 16 10 0 3 1 3 5 4 7 11 14 0 0 0 0 11 20 0 0 27 25 0 0 0 0 0 0 
0 0 0 3 0 2 3 0 13 14 12 0 5 4 3 9 10 15 12 16 17 17 9 0 0 0 0 33 30 19 0 0 0 0 0 0 
0 0 0 0 3 2 3 4 8 10 8 5 5 5 10 17 9 0 0 16 16 11 7 0 0 15 19 28 30 0 0 0 0 0 0 0 
0 0 0 3 3 2 1 3 7 13 6 5 3 10 12 0 14 0 0 0 0 0 0 0 0 16 23 23 28 0 17 0 0 0 0 0 
0 0 0 0 4 6 3 4 4 8 6 8 8 6 17 0 0 0 9 9 9 8 0 20 14 23 20 16 0 20 14 14 0 0 0 0 
0 0 0 5 8 6 6 7 6 6 7 7 8 9 0 0 0 0 10 0 7 8 0 0 17 19 17 0 0 18 16 14 21 0 0 0 
0 0 3 5 2 7 6 7 6 9 7 7 9 7 7 0 0 0 23 9 10 8 7 19 0 0 0 0 22 0 0 20 19 0 0 0 
0 0 3 4 4 4 4 8 7 8 6 8 10 8 4 0 0 25 30 20 9 6 4 10 0 0 0 23 22 0 0 21 0 0 0 0 
4 3 2 4 5 4 4 6 9 8 5 8 6 5 7 6 0 15 0 26 16 5 7 8 13 18 12 19 23 26 19 0 0 0 0 0 
0 3 4 0 4 7 8 7 10 7 6 8 9 9 5 10 11 10 13 22 17 9 6 7 5 14 14 21 0 30 20 0 0 0 0 0 
0 0 0 6 5 8 11 12 10 10 8 6 8 8 5 9 13 12 13 0 11 11 4 6 9 12 18 23 25 21 22 0 0 0 0 0 
0 0 0 5 10 0 12 0 0 0 0 0 5 7 8 9 9 9 5 0 0 13 10 9 0 10 8 20 20 0 19 0 0 0 0 0 
0 0 0 0 0 0 0 0 0 0 0 0 6 7 10 9 6 5 7 10 11 9 6 12 13 12 9 7 20 0 25 0 0 0 0 0 
0 0 0 0 0 0 0 0 0 0 0 0 0 0 9 9 11 11 11 0 0 8 3 11 18 20 16 16 0 19 16 0 0 0 0 0 
0 0 0 0 0 0 0 0 0 0 0 0 0 0 0 5 9 12 0 0 0 13 0 8 15 0 0 0 0 0 0 0 0 0 0 0 
0 0 0 0 0 0 0 0 0 0 0 0 0 0 0 0 0 0 0 0 0 0 0 0 0 0 0 0 0 0 0 0 0 0 0 0 
0 0 0 0 0 0 0 0 0 0 0 0 0 0 0 0 0 0 0 0 0 0 0 0 0 0 0 0 0 0 0 0 0 0 0 0 
0 0 0 0 0 0 0 0 0 0 0 0 0 0 0 0 0 0 0 0 0 0 0 0 0 0 0 0 0 0 0 0 0 0 0 0 
0 0 0 0 0 0 0 0 0 0 0 0 0 0 0 0 0 0 0 0 0 0 0 0 0 0 0 0 0 0 0 0 0 0 0 0 

eff_detect_Z-17
0 0 0 0 0 0 0 0 0 0 0 0 0 0 0 0 0 0 0 0 0 0 0 0 0 0 0 0 0 0 0 0 0 0 0 0 
0 0 0 0 0 0 0 0 0 0 0 0 0 0 0 0 0 0 18 20 13 16 14 17 11 0 11 0 0 0 0 0 0 0 0 0 
0 0 0 0 0 0 0 0 0 0 0 0 0 0 0 0 11 18 16 16 11 14 21 13 13 16 14 11 0 0 0 0 0 0 0 0 
0 0 0 0 0 0 0 0 0 0 0 0 0 0 6 0 11 8 5 10 10 10 14 12 18 16 17 15 0 0 0 0 0 0 0 0 
0 0 0 0 0 0 0 0 0 0 0 0 0 0 17 13 10 7 11 13 6 5 7 12 15 15 0 0 0 0 0 0 0 0 0 0 
0 0 0 0 0 0 0 0 0 0 0 0 0 0 18 13 4 7 12 11 7 3 6 4 10 15 12 17 15 0 0 0 0 0 0 0 
0 0 0 0 0 0 0 0 0 6 0 9 6 0 0 0 9 0 0 10 8 4 6 9 12 8 12 16 22 0 0 0 0 0 0 0 
0 0 0 0 0 7 10 0 0 0 8 5 5 5 6 0 10 0 4 3 3 2 8 9 11 9 7 15 22 20 0 0 0 0 0 0 
0 0 0 0 7 8 6 9 7 7 8 5 5 8 8 8 5 2 3 1 1 5 0 15 13 15 20 18 0 27 0 0 0 0 0 0 
0 0 0 4 6 4 4 4 9 11 9 5 6 5 6 5 1 2 2 5 10 10 10 20 19 20 24 25 25 0 0 0 0 0 0 0 
0 0 5 5 4 4 3 3 6 8 9 11 8 2 3 4 2 2 2 5 8 13 14 16 19 16 23 27 26 0 0 0 0 0 0 0 
0 0 4 3 2 4 6 5 6 9 13 0 6 5 2 4 5 3 6 10 18 0 0 14 17 12 19 17 0 0 0 0 0 0 0 0 
0 0 4 2 2 0 4 5 8 10 0 0 0 4 4 5 9 10 0 0 0 0 0 0 0 22 0 0 0 0 0 0 0 0 0 0 
0 0 4 4 2 3 7 8 10 8 13 12 0 3 0 8 0 0 0 0 0 16 7 0 0 0 0 37 0 23 0 0 0 0 0 0 
0 2 3 4 3 4 3 4 7 7 15 11 11 7 0 0 0 0 0 0 13 16 10 0 0 18 27 28 31 0 0 0 0 0 0 0 
0 1 3 5 2 4 4 4 3 7 13 13 0 11 8 0 0 0 0 0 13 0 0 0 0 0 23 22 27 0 15 14 13 12 0 0 
0 4 2 3 3 4 5 4 5 6 11 14 13 12 12 0 0 0 0 0 16 0 0 0 0 0 21 24 25 31 19 18 20 12 0 0 
0 0 0 1 4 6 4 4 4 4 9 13 10 0 0 0 0 0 0 0 0 19 0 0 0 0 25 19 22 28 23 19 0 0 0 0 
0 0 0 3 3 4 6 3 4 4 6 6 8 0 0 15 0 0 25 15 0 9 10 0 0 0 24 22 24 25 21 17 0 0 0 0 
0 4 3 3 3 6 5 6 5 8 7 5 6 8 9 11 0 0 0 24 13 11 6 12 0 0 0 0 0 0 0 0 0 0 0 0 
0 5 1 0 2 4 5 6 8 8 6 6 8 5 10 6 10 16 0 0 0 9 4 5 10 0 0 0 0 0 0 0 0 0 0 0 
0 5 4 4 4 5 8 9 6 7 8 8 7 10 6 5 9 6 0 28 0 18 5 5 6 0 20 17 0 0 0 0 0 0 0 0 
0 0 0 0 12 14 0 10 10 8 0 8 8 8 7 4 8 8 7 0 0 20 10 4 9 6 10 0 0 0 0 0 0 0 0 0 
0 0 5 5 0 0 10 11 0 0 0 0 9 6 6 5 6 7 12 0 17 16 14 6 7 6 10 20 0 0 0 0 0 0 0 0 
0 0 3 6 0 0 0 0 0 0 0 0 7 5 10 11 5 9 11 8 8 10 11 7 6 11 9 10 24 0 0 0 0 0 0 0 
0 0 0 0 0 0 0 0 0 0 0 0 0 0 0 12 7 9 9 9 11 9 5 6 11 17 0 15 0 0 0 0 0 0 0 0 
0 0 0 0 0 0 0 0 0 0 0 0 0 0 7 9 10 13 0 0 11 12 6 6 0 0 0 0 0 0 0 0 0 0 0 0 
0 0 0 0 0 0 0 0 0 0 0 0 0 0 0 0 0 0 0 0 0 0 17 0 0 0 0 0 0 0 0 0 0 0 0 0 
0 0 0 0 0 0 0 0 0 0 0 0 0 0 0 0 0 0 0 0 0 0 0 0 0 0 0 0 0 0 0 0 0 0 0 0 
0 0 0 0 0 0 0 0 0 0 0 0 0 0 0 0 0 0 0 0 0 0 0 0 0 0 0 0 0 0 0 0 0 0 0 0 
0 0 0 0 0 0 0 0 0 0 0 0 0 0 0 0 0 0 0 0 0 0 0 0 0 0 0 0 0 0 0 0 0 0 0 0 

eff_detect_Z-16
0 0 0 0 0 0 0 0 0 0 0 0 0 0 0 0 0 0 0 0 0 0 0 0 0 0 0 0 0 0 0 0 0 0 0 0 
0 0 0 0 0 0 0 0 0 0 0 0 0 0 0 0 5 11 16 0 20 15 13 17 0 0 0 0 0 0 0 0 0 0 0 0 
0 0 0 0 0 0 0 0 0 0 0 0 0 0 0 0 8 12 16 11 12 6 11 0 13 19 0 0 0 0 0 0 0 0 0 0 
0 0 0 0 0 0 0 0 0 0 0 0 0 0 0 16 10 6 7 11 15 8 5 13 23 24 20 20 0 0 0 0 0 0 0 0 
0 0 0 0 0 0 0 0 0 0 0 0 0 10 16 20 12 6 7 11 11 7 7 6 10 13 16 16 18 0 0 0 0 0 0 0 
0 0 0 0 0 0 0 0 0 0 0 0 0 13 10 14 14 9 9 10 10 8 5 7 7 14 12 19 19 0 0 0 0 0 0 0 
0 0 0 0 0 0 0 0 0 0 0 12 0 7 3 3 0 16 12 10 5 4 5 7 9 5 7 19 26 26 0 0 0 0 0 0 
0 0 0 0 0 0 0 0 8 10 8 6 5 0 5 5 0 14 0 0 0 4 0 0 6 2 4 13 19 0 0 0 0 0 0 0 
0 0 0 0 5 8 0 0 9 6 11 14 0 9 10 5 5 4 6 6 8 13 0 16 13 11 21 21 21 0 0 0 0 0 0 0 
0 0 0 6 7 4 5 8 13 0 11 0 0 15 0 10 5 1 3 4 6 0 14 16 18 19 20 25 27 0 0 0 0 0 0 0 
0 0 4 0 4 3 4 6 5 11 0 0 18 12 10 9 8 4 3 8 8 0 17 19 23 17 17 26 0 0 0 0 0 0 0 0 
0 0 4 7 4 2 6 5 4 6 13 0 0 13 7 6 8 6 12 19 21 0 21 16 21 19 19 18 31 0 0 0 0 0 0 0 
0 0 0 4 4 6 4 4 6 4 0 0 13 12 3 6 10 18 0 0 0 0 24 9 13 18 21 0 0 0 0 0 0 0 0 0 
0 0 5 5 4 3 7 6 6 5 6 12 13 7 7 9 11 18 0 0 0 0 0 0 0 0 0 0 0 0 0 0 0 0 0 0 
1 3 3 2 5 4 2 7 11 8 8 14 15 0 12 0 0 19 0 0 0 0 0 0 0 0 37 38 0 0 0 0 0 0 0 0 
4 3 0 1 2 2 5 5 9 0 0 16 0 22 22 0 0 0 0 0 0 0 0 0 0 18 0 31 0 0 0 0 18 13 0 0 
0 4 2 1 2 1 5 4 2 7 10 13 16 0 0 0 0 0 0 0 0 0 0 0 0 17 20 25 30 37 25 0 21 13 0 0 
0 0 0 6 4 4 4 4 4 2 4 11 12 16 19 0 0 0 0 0 0 0 0 0 0 0 22 26 23 35 30 22 21 13 0 0 
0 0 0 0 4 2 6 6 4 6 5 9 9 14 17 14 0 0 0 0 0 0 0 0 0 0 22 17 18 0 31 22 22 20 0 0 
0 5 3 4 4 3 3 6 7 7 8 4 4 9 12 0 0 0 0 0 0 0 0 12 0 0 0 0 0 0 27 23 17 0 0 0 
0 0 6 3 2 6 5 9 12 10 7 6 8 5 0 11 11 0 30 0 0 13 10 6 0 0 0 0 0 0 0 0 0 0 0 0 
0 0 5 5 6 5 9 11 0 8 9 9 5 8 8 8 4 0 17 26 0 31 10 7 5 19 28 20 0 0 0 0 0 0 0 0 
0 0 4 9 8 9 13 10 10 9 6 9 9 6 8 7 5 8 6 0 33 37 20 4 3 5 16 0 0 32 34 0 0 0 0 0 
0 0 0 0 0 0 0 0 13 11 11 13 14 9 8 9 6 3 8 12 16 21 17 9 2 4 5 16 0 29 30 25 0 0 0 0 
0 0 0 0 0 0 0 0 14 0 18 16 0 12 7 9 8 2 8 13 10 11 11 10 5 4 8 0 0 27 29 0 0 0 0 0 
0 0 0 0 0 0 0 0 0 16 19 13 0 10 10 8 6 7 6 9 6 5 7 11 8 7 11 0 0 0 0 0 0 0 0 0 
0 0 0 0 0 0 0 0 0 0 9 0 0 0 6 9 11 9 0 8 10 12 11 5 6 0 0 0 0 0 0 0 0 0 0 0 
0 0 0 0 0 0 0 0 0 0 0 0 0 0 0 0 8 9 0 0 14 16 16 0 0 0 0 0 0 0 0 0 0 0 0 0 
0 0 0 0 0 0 0 0 0 0 0 0 0 0 0 0 0 0 0 0 0 0 0 0 0 0 0 0 0 0 0 0 0 0 0 0 
0 0 0 0 0 0 0 0 0 0 0 0 0 0 0 0 0 0 0 0 0 0 0 0 0 0 0 0 0 0 0 0 0 0 0 0 
0 0 0 0 0 0 0 0 0 0 0 0 0 0 0 0 0 0 0 0 0 0 0 0 0 0 0 0 0 0 0 0 0 0 0 0 

eff_detect_Z-15
0 0 0 0 0 0 0 0 0 0 0 0 0 0 0 0 0 0 0 0 0 21 0 0 0 0 0 0 0 0 0 0 0 0 0 0 
0 0 0 0 0 0 0 0 0 0 0 0 0 0 0 0 0 0 0 0 0 20 11 0 0 0 0 0 0 0 0 0 0 0 0 0 
0 0 0 0 0 0 0 0 0 0 0 0 0 0 2 7 0 16 14 11 11 11 10 16 0 0 0 0 0 0 0 0 0 0 0 0 
0 0 0 0 0 0 0 0 0 0 0 0 0 5 6 13 20 17 12 0 16 13 8 9 20 0 0 0 0 0 0 0 0 0 0 0 
0 0 0 0 0 0 0 0 0 0 0 0 0 9 13 17 20 16 7 9 15 12 7 4 8 14 0 0 0 0 0 0 0 0 0 0 
0 0 0 0 0 0 0 0 0 0 0 0 0 11 10 4 9 10 13 10 8 11 6 6 10 16 14 14 21 25 0 0 0 0 0 0 
0 0 0 0 0 0 0 0 0 0 0 0 0 6 5 2 3 13 0 8 7 5 0 0 14 7 4 9 15 27 0 0 0 0 0 0 
0 0 0 0 0 0 0 0 10 10 8 0 12 15 11 3 6 10 0 8 7 5 0 22 16 8 11 18 18 30 0 0 0 0 0 0 
0 0 0 0 0 0 0 7 8 0 12 0 0 16 17 9 5 5 6 9 8 11 15 18 13 12 13 20 32 31 0 0 0 0 0 0 
0 0 0 0 0 0 8 5 5 11 0 0 0 23 19 13 6 0 9 10 14 17 19 23 24 12 10 14 28 36 0 0 0 0 0 0 
0 0 0 0 0 9 6 7 9 10 0 0 18 22 18 18 9 0 7 16 22 0 29 21 18 15 14 20 22 0 0 0 0 0 0 0 
0 0 4 8 10 9 7 4 7 10 17 0 17 14 13 15 17 0 22 0 0 24 26 18 14 17 18 28 34 0 0 0 0 0 0 0 
0 5 6 6 7 8 5 3 4 6 10 0 17 15 11 6 14 0 0 0 0 0 22 11 9 27 24 31 31 0 0 0 0 0 0 0 
4 4 4 0 4 5 7 4 4 0 0 0 0 17 17 11 10 0 0 0 0 0 0 17 10 25 0 0 0 0 0 0 0 0 0 0 
5 4 5 7 6 6 3 3 7 0 0 16 0 0 19 0 0 0 0 0 0 0 0 0 0 0 33 25 0 0 0 0 0 0 0 0 
0 5 1 2 2 4 3 3 6 0 15 14 0 19 22 0 0 0 0 0 0 0 0 0 0 18 0 38 0 0 27 0 0 0 0 0 
0 4 5 3 2 3 3 4 5 7 12 14 17 0 0 0 0 0 0 0 0 0 0 0 0 20 0 0 0 44 35 0 0 0 0 0 
5 7 0 8 7 4 2 2 4 4 7 9 17 0 0 0 0 0 0 0 0 0 0 0 0 0 0 0 0 31 0 26 0 0 0 0 
0 0 0 11 13 6 2 4 4 7 7 4 5 13 19 0 0 0 0 0 19 0 21 0 0 0 0 0 0 29 40 22 20 0 0 0 
0 4 5 0 8 7 6 5 10 11 8 6 4 9 15 18 21 0 0 0 22 18 17 12 0 0 0 0 0 0 35 31 14 0 0 0 
0 6 7 5 5 7 8 10 14 16 8 6 6 4 7 11 14 16 22 0 0 22 20 10 0 36 31 21 0 0 0 0 0 0 0 0 
0 0 4 0 6 3 7 9 0 10 7 10 7 9 6 12 12 0 0 29 0 34 11 9 5 13 32 29 0 0 0 0 0 0 0 0 
0 0 1 0 8 9 8 2 8 9 10 9 0 10 7 9 9 8 6 15 30 41 27 6 1 2 17 32 24 27 0 0 0 0 0 0 
0 0 0 0 8 0 11 9 11 8 10 10 11 14 6 8 11 4 6 0 14 26 29 19 2 2 3 19 25 16 0 0 0 0 0 0 
0 0 0 0 0 0 14 14 16 19 18 14 0 18 12 7 9 6 2 7 12 14 20 19 11 1 3 0 23 20 0 0 0 0 0 0 
0 0 0 0 0 0 0 0 0 0 18 19 0 19 16 9 7 7 4 4 11 0 10 11 12 5 4 0 16 0 0 0 0 0 0 0 
0 0 0 0 0 0 0 0 0 0 13 0 0 15 12 8 9 8 8 0 12 0 0 0 11 11 0 0 0 0 0 0 0 0 0 0 
0 0 0 0 0 0 0 0 0 0 0 0 0 0 0 5 8 10 12 0 12 10 0 0 0 0 0 0 0 0 0 0 0 0 0 0 
0 0 0 0 0 0 0 0 0 0 0 0 0 0 0 2 5 0 0 0 0 0 0 0 0 0 0 0 0 0 0 0 0 0 0 0 
0 0 0 0 0 0 0 0 0 0 0 0 0 0 0 0 0 0 0 0 0 0 0 0 0 0 0 0 0 0 0 0 0 0 0 0 
0 0 0 0 0 0 0 0 0 0 0 0 0 0 0 0 0 0 0 0 0 0 0 0 0 0 0 0 0 0 0 0 0 0 0 0 

eff_detect_Z-14
0 0 0 0 0 0 0 0 0 0 0 0 0 0 0 0 0 0 0 0 0 0 0 0 0 0 0 0 0 0 0 0 0 0 0 0 
0 0 0 0 0 0 0 0 0 0 0 0 0 0 0 0 0 8 13 0 0 0 18 0 0 0 0 0 0 0 0 0 0 0 0 0 
0 0 0 0 0 0 0 0 0 0 0 0 0 0 6 0 0 19 18 9 8 17 18 13 12 0 0 0 0 0 0 0 0 0 0 0 
0 0 0 0 0 0 0 0 0 0 0 0 0 4 9 14 0 0 17 10 9 11 14 5 6 0 0 0 0 0 0 0 0 0 0 0 
0 0 0 0 0 0 0 0 0 0 0 0 0 11 12 13 16 0 18 14 13 9 11 8 6 0 0 0 0 0 0 0 0 0 0 0 
0 0 0 0 0 0 0 0 0 0 0 0 14 12 10 5 4 7 16 21 16 9 6 8 13 19 17 0 0 0 0 0 0 0 0 0 
0 0 0 0 0 0 0 0 0 0 0 0 8 7 7 8 4 0 0 12 10 10 8 11 16 11 0 20 0 0 0 0 0 0 0 0 
0 0 0 0 0 0 0 0 0 0 0 0 12 13 11 8 7 0 0 7 4 4 12 17 18 12 19 26 28 31 0 0 0 0 0 0 
0 0 0 0 0 0 0 0 0 0 0 0 19 11 17 16 5 4 0 0 8 5 13 22 21 19 14 11 24 35 0 0 0 0 0 0 
0 0 0 0 0 0 9 9 0 0 0 0 0 20 21 16 12 0 9 13 20 22 28 26 25 18 10 12 19 35 0 0 0 0 0 0 
4 4 6 8 0 0 9 7 0 0 0 0 18 18 17 17 16 0 15 0 31 28 34 29 20 12 11 16 24 0 0 0 0 0 0 0 
5 7 6 6 8 0 12 7 0 0 0 0 18 11 14 12 17 0 0 0 0 0 31 27 14 13 17 20 0 28 0 0 0 0 0 0 
4 5 8 4 8 12 8 8 10 0 14 0 21 18 16 18 21 0 0 0 0 0 0 0 11 13 27 30 33 24 0 0 0 0 0 0 
3 2 5 6 6 3 5 7 3 7 16 0 28 31 24 24 20 0 0 0 0 0 0 16 12 19 0 0 31 0 0 0 0 0 0 0 
4 5 2 4 6 4 3 5 4 5 0 0 0 0 28 23 21 0 0 0 0 0 0 0 0 21 0 0 0 0 0 33 0 0 0 0 
0 6 6 5 5 10 7 6 6 6 0 0 0 0 0 0 0 0 0 0 0 0 0 0 0 0 0 0 0 0 0 29 22 0 0 0 
5 6 7 9 6 11 10 6 4 2 11 15 16 0 0 0 0 0 0 0 0 0 0 0 0 0 0 0 0 35 0 29 0 0 0 0 
0 0 0 10 7 0 8 3 3 3 8 14 0 18 21 0 0 0 0 0 18 20 0 0 0 0 0 0 0 44 0 37 26 0 0 0 
0 0 0 0 0 13 7 3 5 6 13 11 12 15 21 0 0 0 0 18 14 21 16 19 19 0 25 23 0 39 0 0 29 0 0 0 
0 5 0 0 0 10 10 6 7 13 15 12 5 5 0 19 0 0 0 18 18 19 21 17 20 18 20 18 0 28 36 0 25 0 0 0 
0 4 0 0 9 9 8 9 10 11 10 7 6 4 8 13 0 0 0 0 27 25 14 10 12 21 27 18 24 23 34 0 0 0 0 0 
0 0 5 6 8 6 8 9 9 8 8 9 10 9 6 0 15 0 0 0 0 32 14 9 5 15 32 27 22 28 0 0 0 0 0 0 
0 0 0 0 7 6 7 5 9 12 12 9 11 11 9 0 12 0 15 20 0 34 0 13 5 6 17 35 25 26 31 0 0 0 0 0 
0 0 0 0 3 7 9 0 8 7 10 10 0 19 12 9 9 9 11 0 14 27 45 32 9 1 2 23 30 25 30 32 0 0 0 0 
0 0 0 0 0 0 11 16 14 12 11 8 0 11 10 11 6 10 0 5 10 14 26 31 21 3 1 7 21 26 22 0 0 0 0 0 
0 0 0 0 0 0 5 13 17 16 20 16 0 17 15 13 9 8 9 3 6 13 13 20 19 12 3 6 10 22 0 0 0 0 0 0 
0 0 0 0 0 0 0 8 10 0 14 18 0 0 24 22 12 5 7 6 6 0 18 15 17 15 9 8 10 18 0 0 0 0 0 0 
0 0 0 0 0 0 0 0 0 0 0 0 0 0 0 15 9 7 9 13 15 0 14 11 14 15 14 16 0 0 0 0 0 0 0 0 
0 0 0 0 0 0 0 0 0 0 0 0 0 0 0 8 5 7 14 17 0 0 0 0 21 12 0 0 0 0 0 0 0 0 0 0 
0 0 0 0 0 0 0 0 0 0 0 0 0 0 0 0 0 0 0 0 0 0 0 0 22 26 0 0 0 0 0 0 0 0 0 0 
0 0 0 0 0 0 0 0 0 0 0 0 0 0 0 0 0 0 0 0 0 0 0 0 0 0 0 0 0 0 0 0 0 0 0 0 

eff_detect_Z-13
0 0 0 0 0 0 0 0 0 0 0 0 0 0 0 0 0 0 0 0 0 0 0 0 0 0 0 0 0 0 0 0 0 0 0 0 
0 0 0 0 0 0 0 0 0 0 0 0 0 0 0 0 0 8 0 21 19 20 18 17 0 0 0 0 0 0 0 0 0 0 0 0 
0 0 0 0 0 0 0 0 0 0 0 0 0 0 0 0 0 21 24 25 15 14 19 13 8 15 27 0 0 0 0 0 0 0 0 0 
0 0 0 0 0 0 0 0 0 0 0 0 0 7 10 0 0 23 27 22 12 7 0 16 6 10 15 0 0 0 0 0 0 0 0 0 
0 0 0 0 0 0 0 0 0 0 0 0 0 14 16 17 13 11 13 13 18 12 11 17 12 13 18 0 0 0 0 0 0 0 0 0 
0 0 0 0 0 0 0 0 0 0 0 13 12 13 11 9 11 8 0 20 18 11 7 9 13 16 13 0 0 0 0 0 0 0 0 0 
0 0 0 0 0 0 0 0 0 0 0 17 11 13 11 16 10 0 0 15 10 8 5 9 20 16 0 0 26 0 0 0 0 0 0 0 
0 0 0 0 0 0 0 0 0 14 13 11 14 16 14 12 16 0 0 10 0 11 9 12 21 20 25 26 26 35 0 0 0 0 0 0 
0 0 0 0 0 0 0 0 13 12 6 0 12 11 14 17 18 10 0 0 14 13 20 31 27 21 17 0 27 32 0 0 0 0 0 0 
4 7 0 0 0 0 9 0 0 10 0 0 12 13 16 16 13 12 15 0 26 27 27 37 31 22 14 0 30 0 0 0 0 0 0 0 
4 6 5 8 0 0 9 12 0 0 0 0 13 17 15 11 10 0 0 0 31 0 21 23 29 0 15 19 26 0 35 21 11 0 0 0 
0 0 5 0 9 0 10 0 0 0 0 0 0 19 22 16 19 0 0 0 0 0 25 22 0 0 25 25 0 0 31 30 0 0 0 0 
0 7 10 4 5 10 10 5 6 12 0 0 24 0 26 22 24 0 0 0 0 0 0 36 0 0 30 27 0 0 34 35 0 0 0 0 
3 5 7 8 3 6 6 6 5 7 0 0 20 25 24 21 0 0 0 0 0 0 0 0 0 0 0 0 0 0 33 35 0 0 0 0 
0 7 6 5 7 8 5 6 8 8 11 0 0 0 0 22 0 0 0 0 0 0 0 0 0 0 0 32 38 33 35 37 37 17 0 0 
6 8 8 7 0 13 10 14 10 8 5 0 0 0 0 0 0 0 0 0 0 0 0 0 29 16 0 39 31 34 40 41 29 0 0 0 
0 7 8 11 10 0 17 16 8 6 6 0 0 0 0 0 0 0 0 0 0 24 0 25 27 26 22 0 0 0 0 37 29 0 0 0 
0 7 10 0 9 12 12 14 8 9 9 0 0 21 19 23 0 0 0 0 0 16 0 0 19 22 27 33 0 0 0 33 30 0 0 0 
0 0 0 0 0 12 8 5 6 10 11 0 19 0 22 0 0 0 0 0 0 19 16 17 14 0 16 19 0 44 0 0 0 0 0 0 
0 0 0 0 10 9 9 6 6 9 8 11 11 17 0 25 0 0 0 0 0 21 19 7 7 12 15 13 21 35 0 0 35 0 0 0 
0 0 0 0 7 10 10 11 13 6 7 6 0 12 10 19 0 0 0 0 16 21 12 13 8 14 14 12 20 22 0 0 0 0 0 0 
0 0 0 0 9 7 9 10 12 12 9 6 11 12 11 0 0 0 0 21 21 21 18 14 6 11 18 22 22 22 22 0 0 0 0 0 
0 0 0 0 8 0 11 10 10 10 10 7 0 15 0 0 10 15 17 28 0 27 30 20 8 8 16 27 28 22 25 0 0 0 0 0 
0 0 0 0 0 0 0 13 12 5 7 12 0 17 0 0 9 6 17 22 19 28 35 31 17 4 5 21 40 29 0 0 0 0 0 0 
0 0 0 0 0 0 0 0 14 11 6 8 15 17 0 17 10 7 11 11 13 12 28 41 36 11 1 5 0 0 28 37 0 0 0 0 
0 0 0 0 0 0 0 0 14 21 16 10 13 0 0 16 12 7 5 10 5 11 10 27 34 30 6 2 11 0 0 36 0 0 0 0 
0 0 0 0 0 0 0 0 8 18 19 18 0 22 20 18 16 14 8 12 11 6 12 13 18 24 16 0 0 13 28 0 0 0 0 0 
0 0 0 0 0 0 0 0 7 11 0 0 0 25 28 29 22 17 11 0 0 0 16 17 14 18 20 0 0 16 22 0 0 0 0 0 
0 0 0 0 0 0 0 0 5 0 0 0 0 0 0 24 17 12 10 13 16 0 0 0 0 0 0 0 0 0 0 0 0 0 0 0 
0 0 0 0 0 0 0 0 0 0 0 0 0 0 0 0 0 0 0 13 0 0 0 0 0 26 0 0 0 0 0 0 0 0 0 0 
0 0 0 0 0 0 0 0 0 0 0 0 0 0 0 0 0 0 0 0 0 0 0 0 0 0 0 0 0 0 0 0 0 0 0 0 

eff_detect_Z-12
0 0 0 0 0 0 0 0 0 0 0 0 0 0 0 0 0 0 0 0 16 0 0 0 0 0 0 0 0 0 0 0 0 0 0 0 
0 0 0 0 0 0 0 0 0 0 0 0 0 0 0 0 0 0 0 19 23 0 0 17 0 0 0 0 0 0 0 0 0 0 0 0 
0 0 0 0 0 0 0 0 0 0 0 0 0 0 0 0 0 18 24 31 24 12 0 21 0 0 15 0 0 0 0 0 0 0 0 0 
0 0 0 0 0 0 0 0 0 0 0 0 0 0 0 0 0 20 22 23 18 17 18 20 14 8 10 0 0 0 0 0 0 0 0 0 
0 0 0 0 0 0 0 0 0 0 0 8 0 0 18 21 0 12 0 15 22 25 13 13 9 12 16 14 0 0 0 0 0 0 0 0 
0 0 0 0 0 0 0 0 0 0 7 13 0 15 13 14 16 0 0 15 0 0 9 14 17 21 18 22 0 0 0 0 0 0 0 0 
0 0 0 0 0 0 0 0 0 7 14 14 0 13 15 19 15 0 0 13 11 12 10 0 24 26 24 0 0 0 0 0 0 0 0 0 
0 0 0 0 0 0 0 0 0 13 16 9 12 14 11 14 18 0 0 17 18 13 9 15 30 30 29 0 0 26 0 0 0 0 0 0 
0 0 0 0 0 0 0 0 0 0 0 17 14 12 12 16 18 19 0 0 27 27 32 31 35 31 17 0 0 0 0 0 0 0 0 0 
0 0 0 0 0 0 0 0 0 0 13 13 14 11 16 0 0 0 0 0 29 36 32 24 29 26 15 0 0 0 0 0 0 0 0 0 
0 0 8 12 0 0 11 0 0 0 12 15 0 0 19 18 15 0 0 0 25 31 20 22 29 0 17 27 0 0 0 0 0 0 0 0 
0 6 7 0 14 0 0 0 0 0 0 0 0 0 32 21 18 0 0 0 0 25 22 24 30 0 0 0 0 0 35 0 0 0 0 0 
3 5 5 8 7 10 0 11 0 0 0 0 0 0 23 0 0 0 0 0 0 0 0 0 0 0 26 32 0 0 34 37 0 0 0 0 
4 5 0 9 8 8 0 0 0 11 0 0 0 0 23 21 0 0 0 0 0 0 0 0 0 0 0 0 0 0 0 0 38 20 7 0 
0 6 8 11 12 14 13 14 21 20 16 0 0 0 0 0 0 0 0 0 0 0 0 0 0 0 0 26 27 21 31 39 43 22 8 0 
0 6 8 0 0 0 16 14 16 0 12 11 0 0 0 0 0 0 0 0 0 0 0 0 0 0 0 32 33 23 29 34 32 22 12 0 
0 0 0 12 0 0 12 15 10 8 12 16 0 0 0 0 0 0 0 0 0 0 0 0 28 0 27 29 29 34 33 35 34 24 14 0 
0 0 0 0 0 12 14 12 12 8 10 14 0 0 21 20 0 0 0 0 0 0 0 24 17 19 0 17 31 38 37 35 36 24 0 0 
0 0 0 0 0 13 11 5 7 11 12 0 16 0 0 0 0 0 0 0 0 14 21 18 10 10 13 20 27 36 37 32 29 0 0 0 
0 0 6 9 9 9 10 7 8 8 9 13 13 15 29 0 0 0 0 0 15 14 13 7 8 5 11 0 21 32 37 45 30 0 0 0 
0 0 6 7 6 9 12 10 10 7 9 8 11 13 18 27 0 0 0 31 20 19 11 13 6 5 9 0 14 24 0 0 0 0 0 0 
0 0 0 7 8 6 6 7 15 12 13 7 11 13 0 0 0 0 0 30 25 15 12 12 8 6 12 15 14 25 0 0 0 0 0 0 
0 0 0 0 6 9 10 12 13 13 16 0 12 14 0 0 0 11 0 28 25 17 17 15 10 8 13 22 21 21 0 0 0 0 0 0 
0 0 0 0 0 0 12 12 16 12 10 14 0 0 0 0 13 7 9 19 19 23 23 29 24 7 9 20 36 31 0 0 0 0 0 0 
0 0 0 0 0 0 0 0 14 13 12 7 10 0 0 0 15 8 6 11 18 26 29 33 38 22 7 9 31 0 0 0 0 0 0 0 
0 0 0 0 0 0 0 0 9 13 15 13 8 0 0 20 16 14 8 8 13 17 16 28 43 42 16 5 10 0 0 0 0 0 0 0 
0 0 0 0 0 0 0 6 6 12 19 25 19 0 16 19 13 13 9 10 16 13 8 14 23 41 41 12 4 0 0 0 0 0 0 0 
0 0 0 0 0 0 0 6 5 0 12 21 0 0 0 0 26 23 20 0 0 0 0 12 18 23 0 0 0 0 0 0 0 0 0 0 
0 0 0 0 0 0 0 5 5 9 10 15 22 0 0 0 0 0 0 0 0 0 0 0 21 23 0 0 0 0 0 0 0 0 0 0 
0 0 0 0 0 0 0 0 0 0 8 11 13 0 0 0 0 0 0 15 14 0 0 0 0 0 0 0 0 0 0 0 0 0 0 0 
0 0 0 0 0 0 0 0 0 0 0 0 8 0 0 0 0 0 0 0 0 0 0 0 0 0 0 0 0 0 0 0 0 0 0 0 

eff_detect_Z-11
0 0 0 0 0 0 0 0 0 0 0 0 0 0 0 0 0 0 0 0 15 0 0 0 0 0 0 0 0 0 0 0 0 0 0 0 
0 0 0 0 0 0 0 0 0 0 0 0 0 0 0 0 0 0 0 15 26 0 0 0 0 0 0 0 0 0 0 0 0 0 0 0 
0 0 0 0 0 0 0 0 0 0 0 0 0 0 0 0 0 0 0 29 0 0 0 16 25 16 0 0 0 0 0 0 0 0 0 0 
0 0 0 0 0 0 0 0 0 0 0 0 0 0 0 0 0 0 0 14 0 0 25 17 15 11 12 0 0 0 0 0 0 0 0 0 
0 0 0 0 0 0 0 0 0 0 0 6 0 0 18 0 0 0 0 18 0 0 23 16 11 14 20 19 0 0 0 0 0 0 0 0 
0 0 0 0 0 0 0 0 4 6 6 8 0 19 19 18 20 0 0 25 0 0 14 10 13 22 21 0 0 0 0 0 0 0 0 0 
0 0 0 0 0 0 0 0 4 5 7 16 21 13 16 15 16 0 0 24 18 17 18 11 21 29 28 29 0 0 0 0 0 0 0 0 
0 0 0 0 0 0 0 0 9 11 14 19 15 14 15 10 17 0 0 27 0 24 26 31 44 42 31 22 0 0 0 0 0 0 0 0 
0 0 0 0 0 0 0 0 0 15 17 19 10 13 13 15 18 0 21 0 0 32 39 35 31 44 33 0 0 0 0 0 0 0 0 0 
0 0 0 0 0 0 0 0 15 16 19 14 11 13 19 27 21 0 0 0 0 37 35 0 24 37 26 0 0 0 0 0 0 0 0 0 
0 0 0 0 0 0 0 13 14 14 11 0 16 16 0 0 0 0 0 0 0 36 33 0 0 0 0 0 0 0 0 35 24 0 0 0 
0 6 7 0 0 0 0 0 0 0 0 13 12 17 0 0 0 0 0 0 0 24 0 0 30 0 0 0 0 51 37 39 37 0 0 0 
3 0 0 0 0 0 0 0 0 0 0 0 0 0 0 0 0 0 0 0 0 0 0 0 0 0 27 27 37 46 40 38 38 0 0 0 
3 5 0 0 13 0 0 0 0 16 0 0 0 0 0 0 0 0 0 0 0 0 0 0 0 0 33 32 31 34 31 42 0 25 10 0 
6 6 0 9 10 15 19 19 23 26 0 0 0 0 0 0 0 0 0 0 0 0 0 0 0 0 0 34 39 29 30 35 40 0 0 0 
6 6 0 12 15 14 16 14 11 0 0 0 0 0 0 0 0 0 0 0 0 0 0 0 0 0 0 0 31 22 21 33 34 30 7 6 
0 0 0 9 14 15 14 15 13 8 14 0 0 0 0 0 0 0 0 0 0 0 0 29 28 23 26 18 19 25 25 28 30 31 11 0 
0 0 0 0 13 16 20 9 8 6 7 14 0 24 26 0 0 0 0 0 0 32 0 0 17 13 18 15 16 26 28 30 30 28 17 0 
0 0 0 0 0 14 12 9 10 7 6 12 16 21 19 0 0 0 0 0 0 23 0 22 17 11 8 18 17 31 33 37 33 0 0 0 
0 0 4 0 0 11 14 8 13 11 11 16 13 16 19 0 0 0 0 0 24 16 15 14 16 6 8 20 17 33 31 35 0 0 0 0 
0 0 4 6 8 11 13 13 0 11 10 12 15 16 19 0 0 0 0 0 27 19 6 8 9 7 7 16 19 27 40 42 0 0 0 0 
0 0 0 0 0 9 9 10 13 13 15 10 11 0 0 0 0 0 0 25 31 18 8 10 8 4 6 14 14 26 38 48 0 0 0 0 
0 0 0 0 0 9 10 10 9 8 0 0 0 0 0 0 0 0 0 31 27 26 19 11 15 10 8 14 21 22 30 0 0 0 0 0 
0 0 0 0 0 9 10 8 13 14 16 17 0 0 0 0 0 10 12 21 0 36 24 14 16 11 11 14 0 28 23 0 0 0 0 0 
0 0 0 0 0 0 9 11 16 14 13 14 0 0 0 0 17 11 6 12 0 31 32 26 29 25 14 12 21 0 0 0 0 0 0 0 
0 0 0 6 9 7 6 10 9 13 17 18 14 14 0 0 18 14 0 0 0 24 32 26 40 46 31 13 13 0 0 0 0 0 0 0 
0 0 0 0 7 8 9 7 6 9 11 18 19 0 0 0 21 0 20 16 0 0 24 21 21 43 56 22 8 14 0 0 0 0 0 0 
0 0 0 0 0 7 9 6 5 8 7 0 0 0 0 19 19 18 16 0 0 0 17 8 14 21 0 0 17 0 0 0 0 0 0 0 
0 0 0 0 0 5 7 5 5 4 9 0 0 0 0 0 31 0 0 0 0 0 0 0 14 16 0 0 0 0 0 0 0 0 0 0 
0 0 0 0 0 0 0 0 0 0 5 0 0 0 0 0 0 0 0 0 0 0 0 0 0 0 0 0 0 0 0 0 0 0 0 0 
0 0 0 0 0 0 0 0 0 0 0 0 0 0 0 0 0 0 0 0 0 0 0 0 0 0 0 0 0 0 0 0 0 0 0 0 

eff_detect_Z-10
0 0 0 0 0 0 0 0 0 0 0 0 0 0 0 0 0 0 0 0 0 0 0 0 0 0 0 0 0 0 0 0 0 0 0 0 
0 0 0 0 0 0 0 0 0 0 0 0 0 0 0 0 0 0 0 0 0 0 0 0 0 0 0 0 0 0 0 0 0 0 0 0 
0 0 0 0 0 0 0 0 0 0 0 0 0 0 0 0 0 0 0 27 0 0 26 22 0 19 14 0 0 0 0 0 0 0 0 0 
0 0 0 0 0 0 0 0 0 0 0 0 0 0 0 0 0 0 0 20 0 0 29 29 15 13 0 0 0 0 0 0 0 0 0 0 
0 0 0 0 0 0 0 0 6 0 0 0 0 0 0 0 0 0 0 0 0 20 22 16 9 16 24 24 0 0 0 0 0 0 0 0 
0 0 0 0 0 0 0 5 6 0 5 5 16 0 18 16 0 0 0 0 31 23 19 20 9 15 30 35 0 0 0 0 0 0 0 0 
0 0 0 0 0 0 0 0 10 11 11 0 19 0 17 17 0 0 0 0 0 26 0 29 30 41 41 37 24 0 0 0 0 0 0 0 
0 0 0 0 0 0 0 0 0 14 17 17 20 22 18 14 13 26 29 0 0 29 35 48 43 37 48 33 26 0 0 0 0 0 0 0 
0 0 0 0 0 0 0 0 11 16 18 18 17 12 17 16 21 28 30 0 0 0 36 46 0 32 33 27 0 0 0 0 0 0 0 0 
0 0 0 0 0 0 0 0 14 17 0 16 14 14 13 17 29 35 0 0 0 0 41 0 34 41 44 32 0 0 0 0 0 0 0 0 
0 0 0 0 0 0 0 0 0 0 0 18 0 0 14 21 0 0 0 0 0 0 35 0 0 0 0 0 0 46 0 0 0 0 0 0 
0 0 0 0 0 0 0 0 0 0 0 17 19 0 0 0 0 0 0 0 0 0 0 0 0 0 39 33 39 39 38 33 34 0 0 0 
0 0 0 12 0 0 0 0 0 0 0 0 0 0 0 0 0 0 0 0 0 0 0 0 0 0 37 24 30 42 34 35 31 0 0 0 
0 0 0 11 13 15 0 0 0 0 0 0 0 0 0 0 0 0 0 0 0 0 0 0 0 0 41 26 33 40 38 32 0 0 0 0 
0 5 8 9 8 13 19 19 0 0 0 0 0 0 0 0 0 0 0 0 0 0 0 0 0 0 0 24 22 24 42 33 34 0 0 0 
0 5 8 7 5 6 10 19 23 24 21 0 0 0 0 0 0 0 0 0 0 0 0 0 0 0 0 0 17 17 25 30 32 35 0 0 
0 0 8 8 7 10 12 14 0 12 14 0 0 0 0 0 0 0 0 0 0 0 0 0 0 29 18 14 22 20 20 21 30 33 17 0 
0 0 0 0 0 0 17 13 15 13 10 12 0 22 19 0 0 0 0 0 0 0 0 0 0 26 19 13 17 22 13 13 26 0 23 0 
0 0 0 0 0 0 16 14 0 18 14 7 16 28 23 30 0 0 0 0 0 0 0 0 0 20 18 22 18 20 22 24 24 0 0 0 
0 0 0 0 10 0 16 15 16 18 15 11 11 16 24 31 0 0 0 0 0 0 0 0 19 15 0 15 16 21 28 31 35 0 0 0 
0 0 0 6 8 0 0 12 19 15 10 12 14 14 17 26 0 0 0 0 0 26 19 18 19 15 9 14 18 22 36 37 40 0 0 0 
0 0 0 0 0 7 12 0 17 15 17 18 15 0 0 0 0 0 0 0 0 28 22 13 6 11 8 10 20 32 34 46 0 0 0 0 
0 0 0 0 0 0 0 15 14 13 0 0 0 0 0 0 0 0 34 0 28 38 0 17 12 10 7 9 20 0 0 0 0 0 0 0 
0 0 0 0 0 0 0 15 12 12 11 17 0 0 0 0 0 18 21 0 0 44 38 28 13 13 13 16 20 25 23 0 0 0 0 0 
0 0 0 0 0 8 0 0 14 11 10 13 0 0 0 0 0 20 15 0 0 36 41 37 19 0 0 20 16 27 28 0 0 0 0 0 
0 0 0 4 7 7 7 9 12 12 15 16 16 0 0 0 20 0 0 0 0 21 0 36 25 30 29 22 0 0 0 0 0 0 0 0 
0 0 0 5 7 4 7 8 7 8 0 18 24 0 0 0 0 0 22 0 0 0 0 34 28 39 48 33 13 17 0 0 0 0 0 0 
0 0 0 0 0 5 9 8 10 8 10 14 0 0 0 0 0 21 24 0 0 0 16 20 24 29 47 0 32 0 0 0 0 0 0 0 
0 0 0 0 0 3 5 5 0 0 0 0 0 0 0 25 21 0 0 0 0 0 0 0 0 0 0 0 0 0 0 0 0 0 0 0 
0 0 0 0 0 0 0 0 0 10 12 11 0 0 0 0 0 0 0 0 0 0 0 0 0 0 0 0 0 0 0 0 0 0 0 0 
0 0 0 0 0 0 0 0 0 6 10 0 0 0 0 0 0 0 0 0 0 0 0 0 0 0 0 0 0 0 0 0 0 0 0 0 

eff_detect_Z-9
0 0 0 0 0 0 0 0 0 0 0 0 0 0 0 0 0 0 0 0 0 0 0 0 0 0 0 0 0 0 0 0 0 0 0 0 
0 0 0 0 0 0 0 0 0 0 0 0 0 0 0 0 0 0 0 0 0 0 0 0 0 0 0 0 0 0 0 0 0 0 0 0 
0 0 0 0 0 0 0 0 0 0 0 0 0 0 0 0 0 0 0 0 0 0 0 0 0 18 15 0 0 0 0 0 0 0 0 0 
0 0 0 0 0 0 0 0 0 0 0 0 0 0 0 0 0 0 0 0 0 0 20 23 23 11 14 0 0 0 0 0 0 0 0 0 
0 0 0 0 0 0 0 0 0 0 0 0 0 0 0 0 0 0 0 0 0 0 23 16 17 12 18 32 0 0 0 0 0 0 0 0 
0 0 0 0 0 0 0 4 0 0 12 0 13 0 24 0 0 0 0 0 0 36 33 26 19 26 0 53 0 0 0 0 0 0 0 0 
0 0 0 0 0 0 0 0 0 0 15 18 0 24 22 0 0 0 19 27 0 0 0 32 46 45 47 47 0 0 0 0 0 0 0 0 
0 0 0 0 0 0 0 0 10 16 17 22 23 23 21 13 15 0 28 34 0 0 0 41 48 33 42 41 0 0 0 0 0 0 0 0 
0 0 0 0 0 0 0 0 9 19 20 0 25 22 19 17 18 31 0 0 0 0 0 50 42 31 0 0 0 0 0 0 0 0 0 0 
0 0 0 0 0 0 0 11 10 0 20 17 17 22 15 20 22 22 0 0 0 0 0 0 0 0 41 42 0 0 0 0 0 0 0 0 
0 0 0 0 0 0 0 0 17 0 0 22 0 0 22 0 0 18 0 0 0 0 0 0 0 0 0 0 0 0 46 0 0 0 0 0 
0 0 0 0 0 12 14 0 0 0 0 0 0 0 0 0 0 0 0 0 0 0 0 0 0 0 0 0 31 39 43 27 0 0 0 0 
0 0 3 0 9 13 15 0 0 0 0 0 0 0 0 0 0 0 0 0 0 0 0 0 0 0 0 45 36 39 34 36 0 0 0 0 
0 0 7 7 7 8 9 10 0 16 0 0 0 0 0 0 0 0 0 0 0 0 0 0 0 0 0 0 30 24 27 33 0 0 0 0 
0 2 2 3 6 9 13 9 15 0 0 16 16 0 0 0 0 0 0 0 0 0 0 0 0 0 0 19 14 17 29 28 0 0 0 0 
0 2 3 4 8 8 9 14 21 23 17 11 19 17 0 0 0 0 0 0 0 0 0 0 0 0 0 0 0 14 25 34 0 22 0 0 
0 4 5 6 7 7 9 14 24 24 26 0 16 22 0 0 0 0 0 0 0 0 0 0 0 19 16 16 18 12 20 0 34 31 16 0 
0 0 6 0 9 12 13 11 0 18 21 20 0 0 24 23 0 0 0 0 0 0 0 0 11 17 16 12 17 19 21 26 30 32 29 0 
0 0 0 0 0 0 17 15 18 18 20 18 18 27 28 27 0 0 0 0 0 0 0 0 13 9 25 22 11 19 28 26 20 32 0 0 
0 0 0 0 0 0 0 0 21 23 20 14 15 18 31 0 0 0 0 0 0 0 0 0 0 13 20 25 24 18 30 0 18 23 0 0 
0 0 0 4 0 0 0 9 19 25 19 22 22 18 18 31 0 0 0 0 0 33 22 0 33 26 20 20 26 26 28 29 25 28 0 0 
0 0 0 0 0 0 0 18 22 0 17 22 19 21 0 0 0 0 0 0 0 39 39 0 29 29 23 18 24 26 25 0 0 0 0 0 
0 0 0 0 0 0 0 16 19 20 23 22 22 21 0 0 0 0 0 0 0 30 0 36 0 19 22 18 14 27 31 0 0 0 0 0 
0 0 0 0 0 0 0 10 13 17 20 19 27 28 0 0 0 0 0 0 0 0 0 0 0 12 15 15 14 20 33 0 0 0 0 0 
0 0 0 0 0 6 9 8 9 11 0 0 0 0 0 0 0 0 0 0 0 43 0 0 37 0 17 0 10 19 24 27 38 0 0 0 
0 0 0 4 8 5 6 6 13 14 0 16 17 0 0 0 0 0 0 0 0 0 0 0 42 0 0 25 0 0 30 27 0 0 0 0 
0 0 0 3 5 5 6 5 0 0 0 0 0 0 0 0 0 0 0 0 0 0 0 0 0 0 0 0 0 0 0 0 0 0 0 0 
0 0 0 0 7 5 7 7 9 10 10 14 0 0 0 0 0 0 0 0 0 0 0 0 0 0 0 0 0 0 0 0 0 0 0 0 
0 0 0 0 0 5 6 0 0 0 0 0 0 0 0 0 0 0 0 0 0 0 0 0 0 0 0 0 0 0 0 0 0 0 0 0 
0 0 0 0 0 0 0 0 0 0 0 0 0 0 0 0 0 0 0 0 0 0 0 0 0 0 0 0 0 0 0 0 0 0 0 0 
0 0 0 0 0 0 0 0 0 6 9 14 0 0 0 0 0 0 0 0 0 0 0 0 0 0 0 0 0 0 0 0 0 0 0 0 

eff_detect_Z-8
0 0 0 0 0 0 0 0 0 0 0 0 0 0 0 0 0 0 0 0 0 0 0 0 0 0 0 0 0 0 0 0 0 0 0 0 
0 0 0 0 0 0 0 0 0 0 0 0 0 0 0 0 0 0 0 0 0 0 0 0 0 0 0 0 0 0 0 0 0 0 0 0 
0 0 0 0 0 0 0 0 0 0 0 0 0 0 0 0 0 0 0 0 0 0 0 0 0 38 0 0 0 0 0 0 0 0 0 0 
0 0 0 0 0 0 0 0 0 0 0 0 0 0 0 0 0 0 0 0 0 0 0 0 0 0 0 0 0 0 0 0 0 0 0 0 
0 0 0 0 0 0 0 0 0 0 0 0 0 0 0 0 0 0 0 0 0 0 43 34 28 0 26 0 0 0 0 0 0 0 0 0 
0 0 0 0 0 0 0 0 0 0 0 0 0 0 0 0 0 0 0 0 0 0 0 35 0 50 0 0 0 0 0 0 0 0 0 0 
0 0 0 0 0 0 0 0 0 0 0 0 0 0 0 27 24 0 0 0 0 0 0 0 0 0 40 0 0 0 0 0 0 0 0 0 
0 0 0 0 0 0 0 4 9 12 11 19 23 30 26 25 20 0 0 0 0 0 0 0 52 46 39 52 0 0 0 0 0 0 0 0 
0 0 0 0 0 0 0 8 11 12 16 0 21 22 20 0 0 24 0 0 0 0 0 0 37 34 0 0 48 0 0 0 0 0 0 0 
0 0 0 0 0 0 0 9 13 16 22 0 0 30 31 0 0 23 0 0 0 0 0 0 0 0 0 50 55 46 0 0 0 0 0 0 
0 0 0 0 0 0 0 17 19 22 25 0 0 0 34 0 0 14 0 0 0 0 0 0 0 43 47 59 47 0 48 32 0 0 0 0 
0 0 0 0 0 0 11 13 20 0 21 0 0 0 0 0 0 0 0 0 0 0 0 0 0 43 47 54 39 41 39 33 0 0 0 0 
0 0 0 6 5 4 7 11 13 15 21 32 0 0 0 0 0 0 0 0 0 0 0 0 0 38 52 41 30 26 22 0 0 0 0 0 
0 0 0 6 4 2 5 7 10 12 20 26 25 0 0 0 0 0 0 0 0 0 0 0 0 0 39 28 17 17 19 0 0 0 0 0 
0 4 0 5 5 5 5 6 8 18 22 20 18 0 0 0 0 0 0 0 0 0 0 0 0 0 33 27 24 17 18 28 0 0 0 0 
0 0 5 5 4 8 9 10 13 17 0 0 0 0 0 0 0 0 0 0 0 0 0 0 0 0 0 0 0 0 22 27 0 0 0 0 
0 0 5 7 7 6 5 0 17 22 0 0 19 17 0 0 0 0 0 0 0 0 0 0 0 0 23 22 18 15 14 34 0 0 0 0 
0 0 0 8 5 5 7 12 0 0 0 26 25 20 0 0 0 0 0 0 0 0 0 0 0 0 19 19 23 17 20 34 43 0 0 0 
0 0 0 0 0 0 8 0 14 14 22 32 29 29 32 0 0 0 0 0 0 0 0 0 19 21 17 17 16 26 22 33 38 31 0 0 
0 0 0 0 0 0 13 16 17 17 17 20 20 30 0 0 0 0 0 0 0 0 0 0 0 0 15 18 21 22 33 32 24 0 0 0 
0 0 0 0 0 0 8 9 20 26 24 20 23 19 21 35 0 0 0 0 0 0 0 0 0 31 18 22 38 23 24 35 0 20 0 0 
0 0 0 0 0 0 0 0 19 0 25 21 24 19 24 0 0 0 0 0 0 34 0 0 0 32 28 24 28 32 25 26 0 0 0 0 
0 0 0 0 0 0 0 11 13 0 17 26 26 24 29 28 0 0 0 0 0 0 0 0 0 0 35 27 26 27 29 0 0 0 0 0 
0 0 0 0 0 0 0 0 10 12 0 0 23 22 28 25 0 0 0 0 0 0 0 0 0 30 29 34 24 17 25 0 0 0 0 0 
0 0 0 0 0 0 6 7 10 11 18 0 0 0 0 0 0 0 0 0 0 0 0 0 0 0 17 21 12 12 23 0 0 0 0 0 
0 0 0 0 6 8 9 7 8 0 0 0 0 0 0 0 0 0 0 0 0 0 0 0 0 0 0 0 0 0 0 0 0 0 0 0 
0 0 0 0 6 8 8 6 0 0 0 0 0 0 0 0 0 0 0 0 0 0 0 0 0 0 0 0 0 0 0 0 0 0 0 0 
0 0 0 6 6 0 7 7 0 7 13 0 0 0 0 0 0 0 0 0 0 0 0 0 0 0 0 0 0 0 0 0 0 0 0 0 
0 0 0 0 7 7 6 10 0 0 0 0 0 0 0 0 0 0 0 0 0 0 0 0 0 0 0 0 0 0 0 0 0 0 0 0 
0 0 0 0 0 0 0 0 0 0 0 0 0 0 0 0 0 0 0 0 0 0 0 0 0 0 0 0 0 0 0 0 0 0 0 0 
0 0 0 0 0 0 0 0 0 6 8 10 0 0 0 0 0 0 0 0 0 0 0 0 0 0 0 0 0 0 0 0 0 0 0 0 

eff_detect_Z-7
0 0 0 0 0 0 0 0 0 0 0 0 0 0 0 0 0 0 0 0 0 0 0 0 0 0 0 0 0 0 0 0 0 0 0 0 
0 0 0 0 0 0 0 0 0 0 0 0 0 0 0 0 0 0 0 0 0 0 0 0 0 0 0 0 0 0 0 0 0 0 0 0 
0 0 0 0 0 0 0 0 0 0 0 0 0 0 0 0 0 0 0 0 0 0 0 0 0 0 0 0 0 0 0 0 0 0 0 0 
0 0 0 0 0 0 0 0 0 0 0 0 0 0 0 0 0 0 0 0 0 0 0 0 0 0 0 0 0 0 0 0 0 0 0 0 
0 0 0 0 0 0 0 0 0 0 0 0 0 0 0 0 0 0 0 0 0 0 0 0 0 0 0 0 0 0 0 0 0 0 0 0 
0 0 0 0 0 0 0 0 0 0 0 0 0 0 0 0 0 0 0 0 0 0 0 0 0 0 0 0 0 0 0 0 0 0 0 0 
0 0 0 0 0 0 0 0 0 0 0 0 0 0 0 34 0 0 0 0 0 0 0 0 0 0 0 0 0 0 0 0 0 0 0 0 
0 0 0 0 0 0 6 6 5 8 0 0 0 0 0 0 0 0 0 0 0 0 0 0 0 0 0 0 0 0 0 0 0 0 0 0 
0 0 0 0 0 6 7 6 7 13 19 0 0 0 0 0 0 0 0 0 0 0 0 0 0 0 0 0 0 0 0 0 0 0 0 0 
0 0 0 0 4 7 6 7 14 17 19 0 0 0 33 0 0 0 0 0 0 0 0 0 0 32 46 52 72 51 0 0 0 0 0 0 
0 0 0 0 4 8 9 12 12 11 16 22 0 0 0 0 0 0 0 0 0 0 0 0 0 30 0 48 45 0 36 23 0 0 0 0 
0 0 0 0 5 9 6 4 4 11 14 12 0 0 0 0 0 0 0 0 0 0 0 0 0 39 43 40 26 0 0 0 0 0 0 0 
0 0 0 0 0 8 1 3 5 8 0 0 0 0 0 0 0 0 0 0 0 0 0 0 0 0 41 35 23 0 0 0 0 0 0 0 
0 0 0 0 7 5 3 5 8 8 13 23 0 0 0 0 0 0 0 0 0 0 0 0 0 0 35 31 23 18 0 0 0 0 0 0 
0 0 6 6 4 5 5 7 7 9 16 27 0 0 0 0 0 0 0 0 0 0 0 0 0 23 38 32 29 0 18 24 0 0 0 0 
0 0 4 4 6 8 7 5 6 13 19 0 0 0 0 0 0 0 0 0 0 0 0 0 0 21 38 28 31 0 0 28 0 0 0 0 
0 0 0 6 0 9 9 10 10 14 19 0 0 0 0 0 0 0 0 0 0 0 0 0 0 0 38 0 27 32 30 31 0 0 0 0 
0 0 0 5 0 0 11 8 12 0 0 18 0 32 26 0 0 0 0 0 0 0 0 0 0 0 40 28 27 35 33 0 0 0 0 0 
0 0 0 6 0 0 0 0 7 11 18 0 0 29 27 0 0 0 0 0 0 0 0 0 0 27 36 29 21 25 21 0 32 27 0 0 
0 0 0 0 0 0 9 12 10 10 23 29 25 26 0 0 0 0 0 0 0 0 0 0 0 0 24 25 30 28 30 19 30 39 0 0 
0 0 0 0 0 0 7 8 14 19 16 0 22 26 32 0 0 0 0 0 0 0 0 0 0 19 25 19 25 26 28 0 0 0 0 0 
0 0 0 0 0 0 0 0 16 0 23 22 25 20 21 0 0 0 0 0 0 0 0 0 0 19 16 19 27 26 20 27 0 0 0 0 
0 0 0 0 0 0 0 0 0 0 15 23 34 28 0 32 0 0 0 0 0 0 0 0 0 0 0 20 20 24 0 0 0 0 0 0 
0 0 0 0 0 0 0 0 11 12 16 24 27 20 27 28 0 0 0 0 0 0 0 0 0 0 0 0 28 25 31 0 0 0 0 0 
0 0 0 0 0 0 0 7 10 12 15 22 24 0 0 0 0 0 0 0 0 0 0 0 0 0 0 35 36 18 21 0 0 0 0 0 
0 0 0 0 5 8 11 11 0 13 13 0 0 0 0 0 0 0 0 0 0 0 0 0 0 0 0 0 0 0 18 0 0 0 0 0 
0 0 0 0 0 8 8 0 0 0 0 0 0 0 0 0 0 0 0 0 0 0 0 0 0 0 0 0 0 0 0 0 0 0 0 0 
0 0 0 4 0 0 0 0 0 0 0 0 0 0 0 0 0 0 0 0 0 0 0 0 0 0 0 0 0 0 0 0 0 0 0 0 
0 0 0 5 0 0 0 0 0 0 0 0 0 0 0 0 0 0 0 0 0 0 0 0 0 0 0 0 0 0 0 0 0 0 0 0 
0 0 0 0 0 0 0 0 0 0 0 0 0 0 0 0 0 0 0 0 0 0 0 0 0 0 0 0 0 0 0 0 0 0 0 0 
0 0 0 0 0 0 0 0 0 0 0 0 0 0 0 0 0 0 0 0 0 0 0 0 0 0 0 0 0 0 0 0 0 0 0 0 

eff_detect_Z-6
0 0 0 0 0 0 0 0 0 0 0 0 0 0 0 0 0 0 0 0 0 0 0 0 0 0 0 0 0 0 0 0 0 0 0 0 
0 0 0 0 0 0 0 0 0 0 0 0 0 0 0 0 0 0 0 0 0 0 0 0 0 0 0 0 0 0 0 0 0 0 0 0 
0 0 0 0 0 0 0 0 0 0 0 0 0 0 0 0 0 0 0 0 0 0 0 0 0 0 0 0 0 0 0 0 0 0 0 0 
0 0 0 0 0 0 0 0 0 0 0 0 0 0 0 0 0 0 0 0 0 0 0 0 0 0 0 0 0 0 0 0 0 0 0 0 
0 0 0 0 0 0 0 0 0 0 0 0 0 0 0 0 0 0 0 0 0 0 0 0 0 0 0 0 0 0 0 0 0 0 0 0 
0 0 0 0 0 0 0 0 0 0 0 0 0 0 0 0 0 0 0 0 0 0 0 0 0 0 0 0 0 0 0 0 0 0 0 0 
0 0 0 0 0 0 0 0 0 0 0 0 0 0 0 0 0 0 0 0 0 0 0 0 0 0 0 0 0 0 0 0 0 0 0 0 
0 0 0 0 0 0 4 7 7 7 0 0 0 0 0 0 0 0 0 0 0 0 0 0 0 0 37 44 0 0 0 0 0 0 0 0 
0 0 0 0 0 0 4 7 7 10 16 0 0 0 0 0 0 0 0 0 0 0 0 0 0 28 28 49 61 0 0 0 0 0 0 0 
0 0 0 0 3 5 3 9 11 14 12 0 0 0 0 0 0 0 0 0 0 0 0 0 30 24 28 43 53 0 0 0 0 0 0 0 
0 0 0 0 3 6 7 13 10 9 6 0 0 0 0 0 0 0 0 0 0 0 0 0 33 26 36 40 37 0 0 0 0 0 0 0 
0 0 0 0 5 9 10 11 0 8 0 0 0 0 0 0 0 0 0 0 0 0 0 0 28 27 36 36 31 27 0 0 0 0 0 0 
0 0 0 6 7 10 8 4 6 9 0 0 0 0 0 0 0 0 0 0 0 0 0 0 0 0 30 34 25 24 0 0 0 0 0 0 
0 0 5 7 8 4 2 3 9 8 8 13 22 0 0 0 0 0 0 0 0 0 0 0 24 22 26 36 23 0 0 0 0 0 0 0 
0 0 0 0 4 1 4 5 7 6 0 17 27 0 0 0 0 0 0 0 0 0 0 0 25 15 33 0 25 0 0 0 0 0 0 0 
0 0 4 5 7 7 9 7 4 5 11 0 0 0 0 0 0 0 0 0 0 0 0 0 25 30 0 0 0 0 0 0 0 0 0 0 
0 0 0 5 0 0 9 9 7 8 10 0 0 0 0 0 0 0 0 0 0 0 0 0 0 0 0 0 0 33 31 32 0 0 0 0 
0 0 0 4 0 0 10 0 8 10 0 0 0 0 0 0 0 0 0 0 0 0 0 0 0 0 36 41 42 0 0 0 0 0 0 0 
0 0 0 0 0 0 0 0 11 9 0 0 0 0 0 0 0 0 0 0 0 0 0 0 0 21 35 0 38 39 0 0 0 35 0 0 
0 0 0 0 0 0 0 0 14 13 0 26 20 21 0 0 0 0 0 0 0 0 0 0 0 0 29 28 39 35 37 0 32 31 0 0 
0 0 0 0 0 0 0 9 10 18 19 22 19 0 0 0 0 0 0 0 0 0 0 0 0 0 0 23 30 32 0 0 0 0 0 0 
0 0 0 0 0 0 0 0 14 24 22 17 23 27 30 0 0 0 0 0 0 0 0 0 0 0 17 18 23 26 27 0 0 0 0 0 
0 0 0 0 0 0 0 0 16 19 21 25 24 21 0 0 0 0 0 0 0 0 0 0 0 0 18 16 16 22 24 28 0 0 0 0 
0 0 0 0 0 0 9 13 11 14 0 0 26 24 0 0 0 0 0 0 0 0 0 0 0 0 0 25 15 20 29 0 0 0 0 0 
0 0 0 0 0 0 10 11 9 10 0 0 0 0 0 0 0 0 0 0 0 0 0 0 0 0 0 0 0 27 30 0 0 0 0 0 
0 0 0 0 5 0 10 10 8 7 6 0 0 0 0 0 0 0 0 0 0 0 0 0 0 0 0 0 0 0 0 0 0 0 0 0 
0 0 0 0 0 0 0 0 0 0 0 0 0 0 0 0 0 0 0 0 0 0 0 0 0 0 0 0 0 0 0 0 0 0 0 0 
0 0 0 0 0 0 0 0 0 0 0 0 0 0 0 0 0 0 0 0 0 0 0 0 0 0 0 0 0 0 0 0 0 0 0 0 
0 0 0 3 0 0 0 0 0 0 0 0 0 0 0 0 0 0 0 0 0 0 0 0 0 0 0 0 0 0 0 0 0 0 0 0 
0 0 0 0 0 0 0 0 0 0 0 0 0 0 0 0 0 0 0 0 0 0 0 0 0 0 0 0 0 0 0 0 0 0 0 0 
0 0 0 0 0 0 0 0 0 0 0 0 0 0 0 0 0 0 0 0 0 0 0 0 0 0 0 0 0 0 0 0 0 0 0 0 

eff_detect_Z-5
0 0 0 0 0 0 0 0 0 0 0 0 0 0 0 0 0 0 0 0 0 0 0 0 0 0 0 0 0 0 0 0 0 0 0 0 
0 0 0 0 0 0 0 0 0 0 0 0 0 0 0 0 0 0 0 0 0 0 0 0 0 0 0 0 0 0 0 0 0 0 0 0 
0 0 0 0 0 0 0 0 0 0 0 0 0 0 0 0 0 0 0 0 0 0 0 0 0 0 0 0 0 0 0 0 0 0 0 0 
0 0 0 0 0 0 0 0 0 0 0 0 0 0 0 0 0 0 0 0 0 0 0 0 0 0 0 0 0 0 0 0 0 0 0 0 
0 0 0 0 0 0 0 0 0 0 0 0 0 0 0 0 0 0 0 0 0 0 0 0 0 0 0 0 0 0 0 0 0 0 0 0 
0 0 0 0 0 0 0 0 0 0 0 0 0 0 0 0 0 0 0 0 0 0 0 0 0 0 0 0 0 0 0 0 0 0 0 0 
0 0 0 0 0 0 0 0 0 0 0 0 0 0 0 0 0 0 0 0 0 0 0 0 0 0 0 0 0 0 0 0 0 0 0 0 
0 0 0 0 0 0 0 6 7 7 0 0 0 0 0 0 0 0 0 0 0 0 0 0 36 0 0 32 49 0 0 0 0 0 0 0 
0 0 0 0 0 6 6 4 5 7 0 0 0 0 0 0 0 0 0 0 0 0 0 0 42 41 27 33 51 0 0 0 0 0 0 0 
0 0 0 0 5 5 5 5 8 10 13 0 0 0 0 0 0 0 0 0 0 0 0 0 0 38 26 35 37 36 20 16 0 0 0 0 
0 0 0 4 6 4 8 8 11 15 12 0 0 0 0 0 0 0 0 0 0 0 0 0 34 34 26 25 24 27 20 16 0 0 0 0 
0 0 0 5 7 8 8 8 12 0 0 0 0 0 0 0 0 0 0 0 0 0 0 0 22 30 24 24 26 20 0 0 0 0 0 0 
0 0 0 0 7 5 6 5 4 8 0 0 0 0 0 0 0 0 0 0 0 0 0 0 0 33 19 27 35 24 27 0 0 0 0 0 
0 0 4 0 8 11 7 5 6 13 15 18 17 0 0 0 0 0 0 0 0 0 0 0 25 28 29 38 40 25 30 0 0 0 0 0 
0 0 0 0 0 8 8 7 7 10 12 0 18 0 0 0 0 0 0 0 0 0 0 0 24 25 31 44 0 0 0 0 0 0 0 0 
0 0 0 0 0 9 8 9 9 8 7 0 0 0 0 0 0 0 0 0 0 0 0 0 20 24 0 0 0 0 0 0 0 0 0 0 
0 0 0 0 0 0 9 9 7 5 5 0 0 0 0 0 0 0 0 0 0 0 0 0 0 0 0 0 0 0 0 0 0 0 0 0 
0 0 0 0 0 0 0 0 8 6 0 0 0 0 0 0 0 0 0 0 0 0 0 0 0 0 0 0 0 0 0 0 0 0 0 0 
0 0 0 0 0 0 0 0 11 12 10 16 0 0 21 0 0 0 0 0 0 0 0 0 0 0 0 24 27 36 0 0 0 0 0 0 
0 0 0 0 0 0 0 0 0 0 19 26 23 17 19 0 0 0 0 0 0 0 0 0 0 0 22 27 27 38 0 0 0 0 0 0 
0 0 0 0 0 0 0 0 0 16 24 26 22 28 0 0 0 0 0 0 0 0 0 0 0 0 24 27 29 36 0 0 0 0 0 0 
0 0 0 0 0 0 0 0 16 16 21 24 0 26 0 0 0 0 0 0 0 0 0 0 0 0 19 22 27 32 0 0 0 0 0 0 
0 0 0 0 0 0 0 0 10 11 0 21 18 0 0 0 0 0 0 0 0 0 0 0 0 0 0 19 20 23 35 37 0 0 0 0 
0 0 0 0 0 7 8 11 8 8 10 18 19 15 0 0 0 0 0 0 0 0 0 0 0 0 0 0 19 19 0 0 0 0 0 0 
0 0 0 0 0 0 7 10 8 6 10 0 0 0 0 0 0 0 0 0 0 0 0 0 0 0 0 0 0 0 0 0 0 0 0 0 
0 0 0 0 0 0 4 4 5 8 0 0 0 0 0 0 0 0 0 0 0 0 0 0 0 0 0 0 0 0 0 0 0 0 0 0 
0 0 0 0 0 0 0 8 8 0 0 0 0 0 0 0 0 0 0 0 0 0 0 0 0 0 0 0 0 0 0 0 0 0 0 0 
0 0 0 0 0 0 0 0 0 0 0 0 0 0 0 0 0 0 0 0 0 0 0 0 0 0 0 0 0 0 0 0 0 0 0 0 
0 0 0 0 0 0 0 0 0 0 0 0 0 0 0 0 0 0 0 0 0 0 0 0 0 0 0 0 0 0 0 0 0 0 0 0 
0 0 0 0 0 0 0 0 0 0 0 0 0 0 0 0 0 0 0 0 0 0 0 0 0 0 0 0 0 0 0 0 0 0 0 0 
0 0 0 0 0 0 0 0 0 0 0 0 0 0 0 0 0 0 0 0 0 0 0 0 0 0 0 0 0 0 0 0 0 0 0 0 

eff_detect_Z-4
0 0 0 0 0 0 0 0 0 0 0 0 0 0 0 0 0 0 0 0 0 0 0 0 0 0 0 0 0 0 0 0 0 0 0 0 
0 0 0 0 0 0 0 0 0 0 0 0 0 0 0 0 0 0 0 0 0 0 0 0 0 0 0 0 0 0 0 0 0 0 0 0 
0 0 0 0 0 0 0 0 0 0 0 0 0 0 0 0 0 0 0 0 0 0 0 0 0 0 0 0 0 0 0 0 0 0 0 0 
0 0 0 0 0 0 0 0 0 0 0 0 0 0 0 0 0 0 0 0 0 0 0 0 0 0 0 0 0 0 0 0 0 0 0 0 
0 0 0 0 0 0 0 0 0 0 0 0 0 0 0 0 0 0 0 0 0 0 0 0 0 0 0 0 0 0 0 0 0 0 0 0 
0 0 0 0 0 0 0 0 0 0 0 0 0 0 0 0 0 0 0 0 0 0 0 0 0 0 0 0 0 0 0 0 0 0 0 0 
0 0 0 0 0 0 0 0 0 0 0 0 0 0 0 0 0 0 0 0 0 0 0 0 0 0 0 0 0 0 0 0 0 0 0 0 
0 0 0 0 0 0 0 0 0 0 0 0 0 0 0 0 0 0 0 0 0 0 0 0 0 0 48 36 38 0 0 0 0 0 0 0 
0 0 0 5 6 7 0 0 0 0 0 0 0 0 0 0 0 0 0 0 0 0 0 0 0 45 42 27 36 0 0 0 0 0 0 0 
0 0 0 0 6 0 8 10 13 14 0 0 0 0 0 0 0 0 0 0 0 0 0 0 0 40 34 36 29 32 0 21 0 0 0 0 
0 0 0 3 6 5 8 0 12 13 13 13 0 0 0 0 0 0 0 0 0 0 0 0 0 28 38 28 28 39 22 17 0 0 0 0 
0 0 0 3 6 8 10 9 11 0 0 0 0 0 0 0 0 0 0 0 0 0 0 0 0 34 34 28 0 0 0 0 0 0 0 0 
0 0 0 6 7 7 7 7 7 11 0 0 0 0 0 0 0 0 0 0 0 0 0 0 0 33 33 31 41 39 0 0 0 0 0 0 
0 0 0 0 0 6 6 8 7 7 14 0 0 0 0 0 0 0 0 0 0 0 0 0 0 27 25 27 34 34 24 0 0 0 0 0 
0 0 0 0 0 0 7 8 8 6 8 0 0 0 0 0 0 0 0 0 0 0 0 0 0 19 17 18 30 0 0 0 0 0 0 0 
0 0 0 0 0 0 0 9 7 7 4 0 0 0 0 0 0 0 0 0 0 0 0 0 0 10 13 0 0 0 0 0 0 0 0 0 
0 0 0 0 0 0 0 9 10 9 6 0 0 0 0 0 0 0 0 0 0 0 0 0 0 0 0 0 0 0 0 0 0 0 0 0 
0 0 0 0 0 0 0 0 12 9 0 0 0 0 0 0 0 0 0 0 0 0 0 0 0 0 0 0 0 0 0 0 0 0 0 0 
0 0 0 0 0 0 0 0 9 11 14 17 24 0 25 0 0 0 0 0 0 0 0 0 0 0 0 0 0 0 0 0 0 0 0 0 
0 0 0 0 0 0 0 0 0 14 0 0 21 0 23 0 0 0 0 0 0 0 0 0 0 0 0 0 20 0 0 0 0 0 0 0 
0 0 0 0 0 0 0 0 0 15 19 24 19 17 22 0 0 0 0 0 0 0 0 0 0 0 23 0 0 0 0 0 0 0 0 0 
0 0 0 0 0 0 0 0 0 0 15 16 20 23 0 0 0 0 0 0 0 0 0 0 0 20 23 21 0 29 0 0 0 0 0 0 
0 0 0 0 0 0 0 0 8 7 10 12 0 0 0 0 0 0 0 0 0 0 0 0 0 0 23 21 0 32 36 0 0 0 0 0 
0 0 0 0 0 0 0 7 0 6 6 0 0 0 0 0 0 0 0 0 0 0 0 0 0 0 0 0 28 24 0 0 0 0 0 0 
0 0 0 0 0 0 4 6 8 10 11 0 0 0 0 0 0 0 0 0 0 0 0 0 0 0 0 0 27 0 0 0 0 0 0 0 
0 0 0 0 0 0 0 4 8 8 0 0 0 0 0 0 0 0 0 0 0 0 0 0 0 0 0 0 0 0 0 0 0 0 0 0 
0 0 0 0 0 0 0 3 0 0 0 0 0 0 0 0 0 0 0 0 0 0 0 0 0 0 0 0 0 0 0 0 0 0 0 0 
0 0 0 0 0 0 0 0 0 0 0 0 0 0 0 0 0 0 0 0 0 0 0 0 0 0 0 0 0 0 0 0 0 0 0 0 
0 0 0 0 0 0 0 0 0 0 0 0 0 0 0 0 0 0 0 0 0 0 0 0 0 0 0 0 0 0 0 0 0 0 0 0 
0 0 0 0 0 0 0 0 0 0 0 0 0 0 0 0 0 0 0 0 0 0 0 0 0 0 0 0 0 0 0 0 0 0 0 0 
0 0 0 0 0 0 0 0 0 0 0 0 0 0 0 0 0 0 0 0 0 0 0 0 0 0 0 0 0 0 0 0 0 0 0 0 

eff_detect_Z-3
0 0 0 0 0 0 0 0 0 0 0 0 0 0 0 0 0 0 0 0 0 0 0 0 0 0 0 0 0 0 0 0 0 0 0 0 
0 0 0 0 0 0 0 0 0 0 0 0 0 0 0 0 0 0 0 0 0 0 0 0 0 0 0 0 0 0 0 0 0 0 0 0 
0 0 0 0 0 0 0 0 0 0 0 0 0 0 0 0 0 0 0 0 0 0 0 0 0 0 0 0 0 0 0 0 0 0 0 0 
0 0 0 0 0 0 0 0 0 0 0 0 0 0 0 0 0 0 0 0 0 0 0 0 0 0 0 0 0 0 0 0 0 0 0 0 
0 0 0 0 0 0 0 0 0 0 0 0 0 0 0 0 0 0 0 0 0 0 0 0 0 0 0 0 0 0 0 0 0 0 0 0 
0 0 0 0 0 0 0 0 0 0 0 0 0 0 0 0 0 0 0 0 0 0 0 0 0 0 0 0 0 0 0 0 0 0 0 0 
0 0 0 0 0 0 0 0 0 0 0 0 0 0 0 0 0 0 0 0 0 0 0 0 0 0 0 0 0 0 0 0 0 0 0 0 
0 0 0 0 0 0 0 0 0 0 0 0 0 0 0 0 0 0 0 0 0 0 0 0 0 0 47 0 40 0 0 0 0 0 0 0 
0 0 0 0 0 0 0 0 0 0 0 0 0 0 0 0 0 0 0 0 0 0 0 0 0 44 41 0 40 34 0 0 0 0 0 0 
0 0 0 0 0 0 6 0 0 0 0 0 0 0 0 0 0 0 0 0 0 0 0 0 0 40 31 40 35 48 0 0 0 0 0 0 
0 0 0 3 0 9 9 0 0 0 0 0 0 0 0 0 0 0 0 0 0 0 0 0 0 0 37 39 34 0 0 0 0 0 0 0 
0 0 0 4 0 0 10 15 14 0 0 0 0 0 0 0 0 0 0 0 0 0 0 0 0 0 0 28 27 0 0 0 0 0 0 0 
0 0 0 0 0 6 0 13 9 13 0 0 0 0 0 0 0 0 0 0 0 0 0 0 0 10 24 24 18 0 0 0 0 0 0 0 
0 0 0 0 0 6 7 9 0 11 14 0 0 0 0 0 0 0 0 0 0 0 0 0 0 0 12 13 14 26 0 0 0 0 0 0 
0 0 0 0 0 0 7 6 0 0 0 0 0 0 0 0 0 0 0 0 0 0 0 0 0 0 0 0 14 0 0 0 0 0 0 0 
0 0 0 0 0 0 0 8 0 10 11 0 0 0 0 0 0 0 0 0 0 0 0 0 0 0 6 0 0 0 0 0 0 0 0 0 
0 0 0 0 0 0 0 5 9 12 11 0 0 0 0 0 0 0 0 0 0 0 0 0 0 0 0 0 0 0 0 0 0 0 0 0 
0 0 0 0 0 0 0 0 4 11 0 0 0 0 0 0 0 0 0 0 0 0 0 0 0 0 0 0 0 0 0 0 0 0 0 0 
0 0 0 0 0 0 0 0 0 0 0 0 0 0 0 0 0 0 0 0 0 0 0 0 0 0 0 0 0 0 0 0 0 0 0 0 
0 0 0 0 0 0 0 0 0 0 0 26 20 0 0 0 0 0 0 0 0 0 0 0 0 0 0 0 0 0 0 0 0 0 0 0 
0 0 0 0 0 0 0 0 0 0 0 16 17 0 0 0 0 0 0 0 0 0 0 0 0 0 0 0 0 0 0 0 0 0 0 0 
0 0 0 0 0 0 0 0 0 10 9 12 18 27 24 0 0 0 0 0 0 0 0 0 0 0 0 0 0 0 0 0 0 0 0 0 
0 0 0 0 0 0 0 0 7 6 6 0 0 0 0 0 0 0 0 0 0 0 0 0 0 0 0 0 0 0 0 0 0 0 0 0 
0 0 0 0 0 0 0 0 9 6 9 11 0 0 0 0 0 0 0 0 0 0 0 0 0 0 0 0 0 0 0 0 0 0 0 0 
0 0 0 0 0 0 0 4 5 9 9 11 0 0 0 0 0 0 0 0 0 0 0 0 0 0 0 0 0 0 0 0 0 0 0 0 
0 0 0 0 0 0 0 0 0 9 0 0 0 0 0 0 0 0 0 0 0 0 0 0 0 0 0 0 0 0 0 0 0 0 0 0 
0 0 0 0 0 0 0 0 0 0 0 0 0 0 0 0 0 0 0 0 0 0 0 0 0 0 0 0 0 0 0 0 0 0 0 0 
0 0 0 0 0 0 0 0 0 0 0 0 0 0 0 0 0 0 0 0 0 0 0 0 0 0 0 0 0 0 0 0 0 0 0 0 
0 0 0 0 0 0 0 0 0 0 0 0 0 0 0 0 0 0 0 0 0 0 0 0 0 0 0 0 0 0 0 0 0 0 0 0 
0 0 0 0 0 0 0 0 0 0 0 0 0 0 0 0 0 0 0 0 0 0 0 0 0 0 0 0 0 0 0 0 0 0 0 0 
0 0 0 0 0 0 0 0 0 0 0 0 0 0 0 0 0 0 0 0 0 0 0 0 0 0 0 0 0 0 0 0 0 0 0 0 

eff_detect_Z-2
0 0 0 0 0 0 0 0 0 0 0 0 0 0 0 0 0 0 0 0 0 0 0 0 0 0 0 0 0 0 0 0 0 0 0 0 
0 0 0 0 0 0 0 0 0 0 0 0 0 0 0 0 0 0 0 0 0 0 0 0 0 0 0 0 0 0 0 0 0 0 0 0 
0 0 0 0 0 0 0 0 0 0 0 0 0 0 0 0 0 0 0 0 0 0 0 0 0 0 0 0 0 0 0 0 0 0 0 0 
0 0 0 0 0 0 0 0 0 0 0 0 0 0 0 0 0 0 0 0 0 0 0 0 0 0 0 0 0 0 0 0 0 0 0 0 
0 0 0 0 0 0 0 0 0 0 0 0 0 0 0 0 0 0 0 0 0 0 0 0 0 0 0 0 0 0 0 0 0 0 0 0 
0 0 0 0 0 0 0 0 0 0 0 0 0 0 0 0 0 0 0 0 0 0 0 0 0 0 0 0 0 0 0 0 0 0 0 0 
0 0 0 0 0 0 0 0 0 0 0 0 0 0 0 0 0 0 0 0 0 0 0 0 0 0 0 0 0 0 0 0 0 0 0 0 
0 0 0 0 0 0 0 0 0 0 0 0 0 0 0 0 0 0 0 0 0 0 0 0 0 0 0 0 0 0 0 0 0 0 0 0 
0 0 0 0 0 0 0 0 0 0 0 0 0 0 0 0 0 0 0 0 0 0 0 0 0 42 45 42 0 43 0 0 0 0 0 0 
0 0 0 0 0 0 0 0 0 0 0 0 0 0 0 0 0 0 0 0 0 0 0 0 0 0 0 0 0 37 0 0 0 0 0 0 
0 0 0 0 0 0 0 0 0 0 0 0 0 0 0 0 0 0 0 0 0 0 0 0 0 0 0 0 0 0 0 0 0 0 0 0 
0 0 0 0 0 0 5 8 0 0 0 0 0 0 0 0 0 0 0 0 0 0 0 0 0 0 0 0 14 0 0 0 0 0 0 0 
0 0 0 0 0 5 0 0 0 0 0 0 0 0 0 0 0 0 0 0 0 0 0 0 0 0 6 10 11 18 0 0 0 0 0 0 
0 0 0 0 0 0 8 0 0 12 12 0 0 0 0 0 0 0 0 0 0 0 0 0 0 0 5 8 0 0 0 0 0 0 0 0 
0 0 0 0 0 0 0 0 0 0 0 0 0 0 0 0 0 0 0 0 0 0 0 0 0 0 0 0 0 0 0 0 0 0 0 0 
0 0 0 0 0 0 0 6 10 0 0 0 0 0 0 0 0 0 0 0 0 0 0 0 0 0 0 0 0 0 0 0 0 0 0 0 
0 0 0 0 0 0 0 4 7 0 0 0 0 0 0 0 0 0 0 0 0 0 0 0 0 0 0 0 0 0 0 0 0 0 0 0 
0 0 0 0 0 0 0 0 0 0 0 0 0 0 0 0 0 0 0 0 0 0 0 0 0 0 0 0 0 0 0 0 0 0 0 0 
0 0 0 0 0 0 0 0 0 0 0 0 0 0 0 0 0 0 0 0 0 0 0 0 0 0 0 0 0 0 0 0 0 0 0 0 
0 0 0 0 0 0 0 0 0 0 0 16 0 0 0 0 0 0 0 0 0 0 0 0 0 0 0 0 0 0 0 0 0 0 0 0 
0 0 0 0 0 0 0 0 0 0 9 7 0 0 0 0 0 0 0 0 0 0 0 0 0 0 0 0 0 0 0 0 0 0 0 0 
0 0 0 0 0 0 0 0 0 7 7 7 0 16 0 0 0 0 0 0 0 0 0 0 0 0 0 0 0 0 0 0 0 0 0 0 
0 0 0 0 0 0 0 0 4 6 7 0 0 0 0 0 0 0 0 0 0 0 0 0 0 0 0 0 0 0 0 0 0 0 0 0 
0 0 0 0 0 0 0 0 4 4 0 10 0 0 0 0 0 0 0 0 0 0 0 0 0 0 0 0 0 0 0 0 0 0 0 0 
0 0 0 0 0 0 0 0 0 0 0 6 0 0 0 0 0 0 0 0 0 0 0 0 0 0 0 0 0 0 0 0 0 0 0 0 
0 0 0 0 0 0 0 0 0 0 0 0 0 0 0 0 0 0 0 0 0 0 0 0 0 0 0 0 0 0 0 0 0 0 0 0 
0 0 0 0 0 0 0 0 0 0 0 0 0 0 0 0 0 0 0 0 0 0 0 0 0 0 0 0 0 0 0 0 0 0 0 0 
0 0 0 0 0 0 0 0 0 0 0 0 0 0 0 0 0 0 0 0 0 0 0 0 0 0 0 0 0 0 0 0 0 0 0 0 
0 0 0 0 0 0 0 0 0 0 0 0 0 0 0 0 0 0 0 0 0 0 0 0 0 0 0 0 0 0 0 0 0 0 0 0 
0 0 0 0 0 0 0 0 0 0 0 0 0 0 0 0 0 0 0 0 0 0 0 0 0 0 0 0 0 0 0 0 0 0 0 0 
0 0 0 0 0 0 0 0 0 0 0 0 0 0 0 0 0 0 0 0 0 0 0 0 0 0 0 0 0 0 0 0 0 0 0 0 

eff_detect_Z-1
0 0 0 0 0 0 0 0 0 0 0 0 0 0 0 0 0 0 0 0 0 0 0 0 0 0 0 0 0 0 0 0 0 0 0 0 
0 0 0 0 0 0 0 0 0 0 0 0 0 0 0 0 0 0 0 0 0 0 0 0 0 0 0 0 0 0 0 0 0 0 0 0 
0 0 0 0 0 0 0 0 0 0 0 0 0 0 0 0 0 0 0 0 0 0 0 0 0 0 0 0 0 0 0 0 0 0 0 0 
0 0 0 0 0 0 0 0 0 0 0 0 0 0 0 0 0 0 0 0 0 0 0 0 0 0 0 0 0 0 0 0 0 0 0 0 
0 0 0 0 0 0 0 0 0 0 0 0 0 0 0 0 0 0 0 0 0 0 0 0 0 0 0 0 0 0 0 0 0 0 0 0 
0 0 0 0 0 0 0 0 0 0 0 0 0 0 0 0 0 0 0 0 0 0 0 0 0 0 0 0 0 0 0 0 0 0 0 0 
0 0 0 0 0 0 0 0 0 0 0 0 0 0 0 0 0 0 0 0 0 0 0 0 0 0 0 0 0 0 0 0 0 0 0 0 
0 0 0 0 0 0 0 0 0 0 0 0 0 0 0 0 0 0 0 0 0 0 0 0 0 0 0 0 0 0 0 0 0 0 0 0 
0 0 0 0 0 0 0 0 0 0 0 0 0 0 0 0 0 0 0 0 0 0 0 0 0 51 49 0 0 0 0 0 0 0 0 0 
0 0 0 0 0 0 0 0 0 0 0 0 0 0 0 0 0 0 0 0 0 0 0 0 0 0 0 0 0 0 0 0 0 0 0 0 
0 0 0 0 0 0 0 0 0 0 0 0 0 0 0 0 0 0 0 0 0 0 0 0 0 0 0 0 0 0 0 0 0 0 0 0 
0 0 0 0 0 0 0 0 0 0 0 0 0 0 0 0 0 0 0 0 0 0 0 0 0 0 0 0 0 0 0 0 0 0 0 0 
0 0 0 0 0 0 0 0 0 0 0 0 0 0 0 0 0 0 0 0 0 0 0 0 0 0 0 0 0 0 0 0 0 0 0 0 
0 0 0 0 0 0 0 0 0 0 0 0 0 0 0 0 0 0 0 0 0 0 0 0 0 0 0 0 0 0 0 0 0 0 0 0 
0 0 0 0 0 0 0 0 0 0 0 0 0 0 0 0 0 0 0 0 0 0 0 0 0 0 0 0 0 0 0 0 0 0 0 0 
0 0 0 0 0 0 0 0 0 0 0 0 0 0 0 0 0 0 0 0 0 0 0 0 0 0 0 0 0 0 0 0 0 0 0 0 
0 0 0 0 0 0 0 0 0 0 0 0 0 0 0 0 0 0 0 0 0 0 0 0 0 0 0 0 0 0 0 0 0 0 0 0 
0 0 0 0 0 0 0 0 0 0 0 0 0 0 0 0 0 0 0 0 0 0 0 0 0 0 0 0 0 0 0 0 0 0 0 0 
0 0 0 0 0 0 0 0 0 0 0 0 0 0 0 0 0 0 0 0 0 0 0 0 0 0 0 0 0 0 0 0 0 0 0 0 
0 0 0 0 0 0 0 0 0 0 0 0 0 0 0 0 0 0 0 0 0 0 0 0 0 0 0 0 0 0 0 0 0 0 0 0 
0 0 0 0 0 0 0 0 0 0 0 7 0 0 0 0 0 0 0 0 0 0 0 0 0 0 0 0 0 0 0 0 0 0 0 0 
0 0 0 0 0 0 0 0 0 4 0 7 0 0 0 0 0 0 0 0 0 0 0 0 0 0 0 0 0 0 0 0 0 0 0 0 
0 0 0 0 0 0 0 0 0 0 0 0 0 0 0 0 0 0 0 0 0 0 0 0 0 0 0 0 0 0 0 0 0 0 0 0 
0 0 0 0 0 0 0 0 0 0 0 0 0 0 0 0 0 0 0 0 0 0 0 0 0 0 0 0 0 0 0 0 0 0 0 0 
0 0 0 0 0 0 0 0 0 0 0 0 0 0 0 0 0 0 0 0 0 0 0 0 0 0 0 0 0 0 0 0 0 0 0 0 
0 0 0 0 0 0 0 0 0 0 0 0 0 0 0 0 0 0 0 0 0 0 0 0 0 0 0 0 0 0 0 0 0 0 0 0 
0 0 0 0 0 0 0 0 0 0 0 0 0 0 0 0 0 0 0 0 0 0 0 0 0 0 0 0 0 0 0 0 0 0 0 0 
0 0 0 0 0 0 0 0 0 0 0 0 0 0 0 0 0 0 0 0 0 0 0 0 0 0 0 0 0 0 0 0 0 0 0 0 
0 0 0 0 0 0 0 0 0 0 0 0 0 0 0 0 0 0 0 0 0 0 0 0 0 0 0 0 0 0 0 0 0 0 0 0 
0 0 0 0 0 0 0 0 0 0 0 0 0 0 0 0 0 0 0 0 0 0 0 0 0 0 0 0 0 0 0 0 0 0 0 0 
0 0 0 0 0 0 0 0 0 0 0 0 0 0 0 0 0 0 0 0 0 0 0 0 0 0 0 0 0 0 0 0 0 0 0 0 

